Distance from fort,count_schools,count_uni,min_dist_uni,min_dist_nearest_express,min_dist_nearest_railway,min_dist_nearest_bank,count_banks_within_2km,count_medical_centers,min_dist_nearest_Supermarket,count_Supermarkets_within2km,min_dist_nearest_Fuel_station,count_Fuel_Stations_within2km,min_dist_school,min_dist_medical_center,Price per Perch
11.35,4,0,3.232578915,6.632045539,4.07247222,0.046516086,15,2,0.275528356,11,1.185148304,2,2.127812617,1.818298797,"3,800,000.00"
9.16,19,1,0.668115654,7.480199518,0.647482412,0.047406525,38,5,0.229319769,17,1.221395666,4,1.224741756,1.856131844,"6,500,000.00"
12.89,7,0,2.847591288,12.64244388,0.528389071,0.028453853,12,2,0.113299872,20,1.052875673,5,1.58575455,3.057863335,"2,600,000.00"
12.6,4,1,0.986116289,9.697738198,1.97051461,1.328255911,20,1,0.315817967,19,0.52322427,3,1.950417217,2.578573155,"3,700,000.00"
4.22,22,2,1.467277947,5.676326993,0.379336786,0.083896065,46,9,0.234180842,17,0.836102939,4,0.648388584,1.199440728,"85,000,000.00"
9.16,19,1,0.668115654,7.480199518,0.647482412,0.047406525,38,5,0.229319769,17,1.221395666,4,1.224741756,1.856131844,"6,500,000.00"
17.26,6,0,3.092683935,3.716698378,0.089601941,0.104367405,10,1,0.685837638,5,0.917733437,2,2.121535646,2.422564633,"1,650,000.00"
16.39,1,0,3.876604793,1.871289347,3.876447241,0.024556017,1,0,1.187704419,5,0.074058786,1,3.340681566,4.15652795,"109,090.91"
11.35,4,0,3.232578915,6.632045539,4.07247222,0.046516086,15,2,0.275528356,11,1.185148304,2,2.127812617,1.818298797,"6,000,000.00"
19.72,1,0,3.346328059,2.59671565,7.635108885,2.258348808,0,0,2.126974979,0,2.345781881,0,5.646727026,6.147557185,"400,000.00"
19.88,4,1,1.514848549,0.984196476,0.596317226,0.864897004,7,1,0.670444824,6,0.139079465,5,3.013258588,1.719960174,"1,800,000.00"
9.16,19,1,0.668115654,7.480199518,0.647482412,0.047406525,38,5,0.229319769,17,1.221395666,4,1.224741756,1.856131844,"5,185,185.19"
17.66,2,0,2.766675534,1.341754436,9.982145833,0.351838973,8,1,0.22296895,5,0.044349224,1,6.270127131,4.493856946,"1,200,000.00"
7.57,26,6,0.194328801,7.759564862,1.511477789,0.344641591,43,10,0.118453506,18,0.085681338,5,0.241442313,1.261456637,"11,000,000.00"
34.52,1,0,10.86360423,17.54383842,0.032153225,0.022707491,1,0,6.08034501,0,6.910724352,0,14.5292775,10.27685828,"220,500.00"
14.19,1,0,4.333994379,4.620078445,3.239812649,0.047187666,14,1,0.207307327,9,1.832361316,1,2.853306008,2.55936892,"2,200,000.00"
19.59,1,0,4.65088748,1.626447486,3.488327488,0.0702284,6,0,0.225418134,4,0.132466919,1,3.752484608,4.569323338,"675,000.00"
8.66,9,1,0.549898445,5.213415717,1.3669029,0.064668268,9,7,0.050657848,13,2.104233363,0,1.284658669,0.825239173,"7,500,000.00"
11.35,4,0,3.232578915,6.632045539,4.07247222,0.046516086,15,2,0.275528356,11,1.185148304,2,2.127812617,1.818298797,"2,500,000.00"
9.16,19,1,0.668115654,7.480199518,0.647482412,0.047406525,38,5,0.229319769,17,1.221395666,4,1.224741756,1.856131844,"3,200,000.00"
10.96,9,1,1.555973958,11.53988387,0.42972373,0.126142707,18,1,0.460378059,12,0.545357036,3,0.891115717,1.452211198,"2,700,000.00"
18.85,3,0,2.75753304,6.672114016,5.148238391,0.144675834,8,2,0.49262073,12,0.048597652,2,4.401620213,1.4674653,"894,461.54"
22.59,1,0,4.731446487,5.842113383,5.025225136,3.189759435,0,0,3.053364406,0,3.525063347,0,5.736706006,4.444261549,"906,791.04"
21.21,3,0,4.001993712,5.27731528,5.682614182,1.481078738,5,0,1.358658138,7,1.820113651,1,5.62599196,3.178849578,"894,000.00"
9.16,19,1,0.668115654,7.480199518,0.647482412,0.047406525,38,5,0.229319769,17,1.221395666,4,1.224741756,1.856131844,"8,500,000.00"
22.39,2,0,5.350999564,4.118825144,6.739824789,1.821689416,2,0,1.602959146,2,2.940111393,0,6.361590457,3.594877933,"918,208.96"
13.98,1,1,1.440497502,8.830429042,2.212403368,0.071858443,10,2,0.100746527,11,0.886448814,1,2.748057643,2.54970663,"1,350,000.00"
8.43,25,5,0.68379499,8.270892022,1.393859989,0.06226201,43,10,0.220060054,23,0.776471572,5,0.656539523,1.209048532,"3,625,000.00"
21.5,0,0,5.374796464,4.330842323,8.553697374,0.085015366,1,0,0.078489009,1,0.196379228,1,7.263013641,7.777173725,"600,000.00"
12.89,7,0,2.847591288,12.64244388,0.528389071,0.028453853,12,2,0.113299872,20,1.052875673,5,1.58575455,3.057863335,"3,000,000.00"
10.38,7,0,2.238625345,6.877783599,3.104369608,0.312880087,19,3,0.597689536,17,1.345330372,1,1.750968007,2.165828855,"2,000,000.00"
14.19,1,0,4.333994379,4.620078445,3.239812649,0.047187666,14,1,0.207307327,9,1.832361316,1,2.853306008,2.55936892,"1,050,000.00"
22.39,2,0,5.350999564,4.118825144,6.739824789,1.821689416,2,0,1.602959146,2,2.940111393,0,6.361590457,3.594877933,"882,500.00"
8.43,25,5,0.68379499,8.270892022,1.393859989,0.06226201,43,10,0.220060054,23,0.776471572,5,0.656539523,1.209048532,"6,500,000.00"
9.16,19,1,0.668115654,7.480199518,0.647482412,0.047406525,38,5,0.229319769,17,1.221395666,4,1.224741756,1.856131844,"5,500,000.00"
12.98,0,0,2.043785258,6.936892334,0.970979431,0.592912586,15,0,0.753254352,9,1.514111406,2,2.465868046,2.904053309,"1,425,000.00"
9.16,19,1,0.668115654,7.480199518,0.647482412,0.047406525,38,5,0.229319769,17,1.221395666,4,1.224741756,1.856131844,"6,500,000.00"
34.52,1,0,10.86360423,17.54383842,0.032153225,0.022707491,1,0,6.08034501,0,6.910724352,0,14.5292775,10.27685828,"217,000.00"
22.44,3,0,5.203382155,3.267675424,7.04024369,1.699276938,3,0,1.23338234,2,3.163384959,0,6.340291304,3.4684978,"760,000.00"
21.21,3,0,4.001993712,5.27731528,5.682614182,1.481078738,5,0,1.358658138,7,1.820113651,1,5.62599196,3.178849578,"5,700,000.00"
23.32,0,0,7.028561387,6.124351023,7.643558956,1.844832933,1,0,1.969323048,1,1.735535589,1,7.878843402,8.549334305,"625,000.00"
18.85,3,0,2.75753304,6.672114016,5.148238391,0.144675834,8,2,0.49262073,12,0.048597652,2,4.401620213,1.4674653,"725,000.00"
23.32,0,0,7.028561387,6.124351023,7.643558956,1.844832933,1,0,1.969323048,1,1.735535589,1,7.878843402,8.549334305,"450,000.00"
23.32,0,0,7.028561387,6.124351023,7.643558956,1.844832933,1,0,1.969323048,1,1.735535589,1,7.878843402,8.549334305,"450,000.00"
21.21,3,0,4.001993712,5.27731528,5.682614182,1.481078738,5,0,1.358658138,7,1.820113651,1,5.62599196,3.178849578,"846,153.85"
22.39,2,0,5.350999564,4.118825144,6.739824789,1.821689416,2,0,1.602959146,2,2.940111393,0,6.361590457,3.594877933,"897,500.00"
23.32,0,0,7.028561387,6.124351023,7.643558956,1.844832933,1,0,1.969323048,1,1.735535589,1,7.878843402,8.549334305,"600,000.00"
23.32,0,0,7.028561387,6.124351023,7.643558956,1.844832933,1,0,1.969323048,1,1.735535589,1,7.878843402,8.549334305,"600,000.00"
22.48,1,0,5.025437008,4.526230179,2.158402885,2.639915599,0,0,0.360470047,1,2.521308465,0,4.82621559,4.51951349,"437,500.00"
23.32,0,0,7.028561387,6.124351023,7.643558956,1.844832933,1,0,1.969323048,1,1.735535589,1,7.878843402,8.549334305,"579,710.14"
32.72,0,0,5.980388514,15.53202167,1.009932711,1.089855937,1,0,3.205859997,0,3.378773687,0,12.39189835,10.00080272,"172,000.00"
24.82,1,0,5.090707489,0.409507119,6.811585774,0.031648336,2,1,3.055274365,0,5.118456884,0,7.133131449,4.812728716,"195,000.00"
23.32,0,0,7.028561387,6.124351023,7.643558956,1.844832933,1,0,1.969323048,1,1.735535589,1,7.878843402,8.549334305,"608,695.65"
10.57,11,2,0.574608738,9.365425049,0.380556553,0.053768922,31,3,0.253841443,24,0.139402968,4,0.500748682,1.59651451,"3,500,000.00"
10.96,9,1,1.555973958,11.53988387,0.42972373,0.126142707,18,1,0.460378059,12,0.545357036,3,0.891115717,1.452211198,"3,500,000.00"
23.32,0,0,7.028561387,6.124351023,7.643558956,1.844832933,1,0,1.969323048,1,1.735535589,1,7.878843402,8.549334305,"625,000.00"
23.32,0,0,7.028561387,6.124351023,7.643558956,1.844832933,1,0,1.969323048,1,1.735535589,1,7.878843402,8.549334305,"590,000.00"
23.32,0,0,7.028561387,6.124351023,7.643558956,1.844832933,1,0,1.969323048,1,1.735535589,1,7.878843402,8.549334305,"590,000.00"
23.32,0,0,7.028561387,6.124351023,7.643558956,1.844832933,1,0,1.969323048,1,1.735535589,1,7.878843402,8.549334305,"590,000.00"
19.59,1,0,4.65088748,1.626447486,3.488327488,0.0702284,6,0,0.225418134,4,0.132466919,1,3.752484608,4.569323338,"625,000.00"
22.39,2,0,5.350999564,4.118825144,6.739824789,1.821689416,2,0,1.602959146,2,2.940111393,0,6.361590457,3.594877933,"725,000.00"
22.39,2,0,5.350999564,4.118825144,6.739824789,1.821689416,2,0,1.602959146,2,2.940111393,0,6.361590457,3.594877933,"890,000.00"
21.21,3,0,4.001993712,5.27731528,5.682614182,1.481078738,5,0,1.358658138,7,1.820113651,1,5.62599196,3.178849578,"895,522.39"
22.59,1,0,4.731446487,5.842113383,5.025225136,3.189759435,0,0,3.053364406,0,3.525063347,0,5.736706006,4.444261549,"875,000.00"
7.57,26,6,0.194328801,7.759564862,1.511477789,0.344641591,43,10,0.118453506,18,0.085681338,5,0.241442313,1.261456637,"6,000,000.00"
14.94,4,3,1.325521262,3.332054051,6.321523914,0.125554587,9,0,0.297162444,10,0.3277186,2,3.835218788,3.420543751,"1,800,000.00"
36.09,1,0,5.192048924,16.69440877,3.421132423,4.421975181,0,0,4.992931183,0,9.219189864,0,12.72638173,10.71912836,"250,000.00"
10.96,9,1,1.555973958,11.53988387,0.42972373,0.126142707,18,1,0.460378059,12,0.545357036,3,0.891115717,1.452211198,"2,872,340.43"
17.66,2,0,2.766675534,1.341754436,9.982145833,0.351838973,8,1,0.22296895,5,0.044349224,1,6.270127131,4.493856946,"1,800,000.00"
22.39,2,0,5.350999564,4.118825144,6.739824789,1.821689416,2,0,1.602959146,2,2.940111393,0,6.361590457,3.594877933,"1,000,000.00"
10.64,6,0,2.246210381,8.09204828,1.80277564,0.069620362,22,0,0.265138276,16,0.346100643,2,1.203411373,2.706880853,"2,600,000.00"
18.85,3,0,2.75753304,6.672114016,5.148238391,0.144675834,8,2,0.49262073,12,0.048597652,2,4.401620213,1.4674653,"875,000.00"
17.05,1,0,3.288533063,7.422553915,3.42874365,0.209031029,5,2,0.224225553,7,0.102080252,2,4.183153917,1.893212984,"1,300,000.00"
4.65,45,2,1.31096963,3.666523287,0.237042731,0.319050688,71,14,0.127508492,16,0.527304778,8,0.768026527,0.568819294,"17,000,000.00"
5.42,23,6,0.274439339,6.485148777,0.987947003,0.216845753,46,7,0.248492837,16,0.813136894,5,0.46789424,1.120174736,"13,000,000.00"
32.72,0,0,5.980388514,15.53202167,1.009932711,1.089855937,1,0,3.205859997,0,3.378773687,0,12.39189835,10.00080272,"172,000.00"
14.94,4,3,1.325521262,3.332054051,6.321523914,0.125554587,9,0,0.297162444,10,0.3277186,2,3.835218788,3.420543751,"1,050,000.00"
13.98,1,1,1.440497502,8.830429042,2.212403368,0.071858443,10,2,0.100746527,11,0.886448814,1,2.748057643,2.54970663,"1,500,000.00"
18.99,5,1,1.866050156,1.810057975,0.314617717,0.069482791,9,1,0.265588994,5,0.215824615,5,2.560275109,1.767980392,"1,100,000.00"
5.79,34,5,0.246501641,5.260460783,1.882027165,0.177139619,56,16,0.270995056,20,0.262818416,7,0.619406784,0.899429589,"20,000,000.00"
19.51,6,0,2.875829072,10.87016748,0.069034825,0.155937673,12,0,0.531430234,4,2.751861472,0,2.987710191,5.917349915,"1,325,000.00"
14.19,1,0,4.333994379,4.620078445,3.239812649,0.047187666,14,1,0.207307327,9,1.832361316,1,2.853306008,2.55936892,"1,800,000.00"
22.61,3,0,3.998696251,2.379564136,0.489734538,0.201421298,7,2,0.014518784,4,0.899794951,1,3.99247885,2.76473027,"730,000.00"
14.94,4,3,1.325521262,3.332054051,6.321523914,0.125554587,9,0,0.297162444,10,0.3277186,2,3.835218788,3.420543751,"1,050,000.00"
32.72,0,0,5.980388514,15.53202167,1.009932711,1.089855937,1,0,3.205859997,0,3.378773687,0,12.39189835,10.00080272,"168,000.00"
25.91,2,2,0.770564739,5.442128017,2.425299821,2.68514114,0,0,2.119728706,0,2.78061435,0,5.68174556,4.911417308,"295,000.00"
31.51,1,1,1.381423128,12.16728407,0.149133019,0.047108561,5,1,0.395558833,1,6.762905565,0,9.361162257,6.139936373,"480,000.00"
12.76,2,0,3.451188718,6.068423112,2.350095105,1.225216639,17,2,1.004871588,8,0.651363299,2,2.259273367,2.561824923,"1,550,000.00"
15.26,0,0,4.55470152,4.19047343,2.465629359,0.840241812,8,1,0.267587215,10,2.469253581,0,3.159466524,3.18055797,"1,500,000.00"
8.43,25,5,0.68379499,8.270892022,1.393859989,0.06226201,43,10,0.220060054,23,0.776471572,5,0.656539523,1.209048532,"4,100,000.00"
7.57,26,6,0.194328801,7.759564862,1.511477789,0.344641591,43,10,0.118453506,18,0.085681338,5,0.241442313,1.261456637,"3,750,000.00"
10.57,11,2,0.574608738,9.365425049,0.380556553,0.053768922,31,3,0.253841443,24,0.139402968,4,0.500748682,1.59651451,"2,250,000.00"
9.16,19,1,0.668115654,7.480199518,0.647482412,0.047406525,38,5,0.229319769,17,1.221395666,4,1.224741756,1.856131844,"4,200,000.00"
23.32,0,0,7.028561387,6.124351023,7.643558956,1.844832933,1,0,1.969323048,1,1.735535589,1,7.878843402,8.549334305,"600,000.00"
22.39,2,0,5.350999564,4.118825144,6.739824789,1.821689416,2,0,1.602959146,2,2.940111393,0,6.361590457,3.594877933,"785,714.29"
10.64,6,0,2.246210381,8.09204828,1.80277564,0.069620362,22,0,0.265138276,16,0.346100643,2,1.203411373,2.706880853,"1,900,000.00"
8.43,25,5,0.68379499,8.270892022,1.393859989,0.06226201,43,10,0.220060054,23,0.776471572,5,0.656539523,1.209048532,"11,000,000.00"
10.38,7,0,2.238625345,6.877783599,3.104369608,0.312880087,19,3,0.597689536,17,1.345330372,1,1.750968007,2.165828855,"4,000,000.00"
12.05,12,0,2.665279975,11.82000181,1.565890489,0.622711857,18,1,0.624649718,16,0.901434846,3,1.62108223,2.347759475,"2,777,777.78"
20.21,1,0,4.452395666,3.231228684,9.461703594,1.564251976,1,0,1.45545367,1,1.669502034,1,6.882095043,6.69515565,"425,000.00"
21.21,3,0,4.001993712,5.27731528,5.682614182,1.481078738,5,0,1.358658138,7,1.820113651,1,5.62599196,3.178849578,"894,000.00"
22.59,1,0,4.731446487,5.842113383,5.025225136,3.189759435,0,0,3.053364406,0,3.525063347,0,5.736706006,4.444261549,"880,000.00"
36.09,1,0,5.192048924,16.69440877,3.421132423,4.421975181,0,0,4.992931183,0,9.219189864,0,12.72638173,10.71912836,"250,000.00"
36.09,1,0,5.192048924,16.69440877,3.421132423,4.421975181,0,0,4.992931183,0,9.219189864,0,12.72638173,10.71912836,"250,000.00"
23.79,1,0,3.495002423,3.317077568,3.931243406,2.171289137,0,0,0.536616073,2,2.688005657,0,5.500983246,4.276389115,"671,232.88"
14.94,4,3,1.325521262,3.332054051,6.321523914,0.125554587,9,0,0.297162444,10,0.3277186,2,3.835218788,3.420543751,"425,000.00"
18.85,3,0,2.75753304,6.672114016,5.148238391,0.144675834,8,2,0.49262073,12,0.048597652,2,4.401620213,1.4674653,"1,275,000.00"
21.89,1,1,1.73280012,3.138944863,3.532694318,0.137331208,4,0,0.166226784,3,1.761886269,1,4.511211539,3.290576454,"895,000.00"
22.39,2,0,5.350999564,4.118825144,6.739824789,1.821689416,2,0,1.602959146,2,2.940111393,0,6.361590457,3.594877933,"876,500.00"
13.92,2,0,4.446077634,4.507967905,3.708566657,0.505417064,14,1,0.167373418,9,1.30022129,1,2.740499988,2.473412811,"2,850,000.00"
18.99,5,1,1.866050156,1.810057975,0.314617717,0.069482791,9,1,0.265588994,5,0.215824615,5,2.560275109,1.767980392,"890,000.00"
23.32,0,0,7.028561387,6.124351023,7.643558956,1.844832933,1,0,1.969323048,1,1.735535589,1,7.878843402,8.549334305,"595,238.10"
22.48,1,0,5.025437008,4.526230179,2.158402885,2.639915599,0,0,0.360470047,1,2.521308465,0,4.82621559,4.51951349,"415,000.00"
22.59,1,0,4.731446487,5.842113383,5.025225136,3.189759435,0,0,3.053364406,0,3.525063347,0,5.736706006,4.444261549,"865,500.00"
11.35,4,0,3.232578915,6.632045539,4.07247222,0.046516086,15,2,0.275528356,11,1.185148304,2,2.127812617,1.818298797,"4,000,000.00"
16.39,1,0,3.876604793,1.871289347,3.876447241,0.024556017,1,0,1.187704419,5,0.074058786,1,3.340681566,4.15652795,"1,950,000.00"
10.57,11,2,0.574608738,9.365425049,0.380556553,0.053768922,31,3,0.253841443,24,0.139402968,4,0.500748682,1.59651451,"5,500,000.00"
22.39,2,0,5.350999564,4.118825144,6.739824789,1.821689416,2,0,1.602959146,2,2.940111393,0,6.361590457,3.594877933,"1,000,054.95"
17.26,6,0,3.092683935,3.716698378,0.089601941,0.104367405,10,1,0.685837638,5,0.917733437,2,2.121535646,2.422564633,"2,000,000.00"
16.39,1,0,3.876604793,1.871289347,3.876447241,0.024556017,1,0,1.187704419,5,0.074058786,1,3.340681566,4.15652795,"925,000.00"
23.32,0,0,7.028561387,6.124351023,7.643558956,1.844832933,1,0,1.969323048,1,1.735535589,1,7.878843402,8.549334305,"625,000.00"
23.32,0,0,7.028561387,6.124351023,7.643558956,1.844832933,1,0,1.969323048,1,1.735535589,1,7.878843402,8.549334305,"450,000.00"
22.48,1,0,5.025437008,4.526230179,2.158402885,2.639915599,0,0,0.360470047,1,2.521308465,0,4.82621559,4.51951349,"450,000.00"
11.88,9,2,1.412228981,9.949975211,1.714054755,1.241304091,21,3,0.603966541,23,1.196047358,5,1.353496396,2.372959813,"2,025,000.00"
21.21,3,0,4.001993712,5.27731528,5.682614182,1.481078738,5,0,1.358658138,7,1.820113651,1,5.62599196,3.178849578,"871,212.12"
22.59,1,0,4.731446487,5.842113383,5.025225136,3.189759435,0,0,3.053364406,0,3.525063347,0,5.736706006,4.444261549,"885,000.00"
12.76,2,0,3.451188718,6.068423112,2.350095105,1.225216639,17,2,1.004871588,8,0.651363299,2,2.259273367,2.561824923,"1,650,000.00"
23.65,1,0,6.293782293,4.0924518,6.75423149,3.113434999,0,0,2.887802918,0,4.196443454,0,7.250108037,4.444523159,"735,000.00"
19.51,6,0,2.875829072,10.87016748,0.069034825,0.155937673,12,0,0.531430234,4,2.751861472,0,2.987710191,5.917349915,"1,550,000.00"
13.87,2,3,1.447933444,2.717124559,7.211964683,2.102517685,0,1,1.010168346,1,1.065715706,2,4.640681644,3.135436539,"2,000,000.00"
14.19,1,0,4.333994379,4.620078445,3.239812649,0.047187666,14,1,0.207307327,9,1.832361316,1,2.853306008,2.55936892,"2,500,000.00"
13.98,1,1,1.440497502,8.830429042,2.212403368,0.071858443,10,2,0.100746527,11,0.886448814,1,2.748057643,2.54970663,"2,300,000.00"
8.66,9,1,0.549898445,5.213415717,1.3669029,0.064668268,9,7,0.050657848,13,2.104233363,0,1.284658669,0.825239173,"4,200,000.00"
36.09,1,0,5.192048924,16.69440877,3.421132423,4.421975181,0,0,4.992931183,0,9.219189864,0,12.72638173,10.71912836,"250,000.00"
36.09,1,0,5.192048924,16.69440877,3.421132423,4.421975181,0,0,4.992931183,0,9.219189864,0,12.72638173,10.71912836,"250,000.00"
42.89,2,0,17.30386792,25.98399192,0.638579249,0.092605017,7,3,1.670624688,2,3.822489362,0,20.27564198,8.252888495,"200,000.00"
21.89,1,1,1.73280012,3.138944863,3.532694318,0.137331208,4,0,0.166226784,3,1.761886269,1,4.511211539,3.290576454,"495,000.00"
13.07,3,1,0.863181347,9.317309022,1.958732342,0.893361754,19,1,0.19376073,17,0.046474146,2,2.271181203,2.501293913,"2,700,000.00"
18.99,5,1,1.866050156,1.810057975,0.314617717,0.069482791,9,1,0.265588994,5,0.215824615,5,2.560275109,1.767980392,"975,000.00"
18.99,5,1,1.866050156,1.810057975,0.314617717,0.069482791,9,1,0.265588994,5,0.215824615,5,2.560275109,1.767980392,"2,000,000.00"
17.05,1,0,3.288533063,7.422553915,3.42874365,0.209031029,5,2,0.224225553,7,0.102080252,2,4.183153917,1.893212984,"1,450,000.00"
17.56,8,0,2.815468682,3.958057755,1.004244922,0.903396438,10,1,0.826950604,7,0.904980795,3,2.272672511,2.088733809,"1,250,000.00"
17.56,8,0,2.815468682,3.958057755,1.004244922,0.903396438,10,1,0.826950604,7,0.904980795,3,2.272672511,2.088733809,"1,250,000.00"
17.05,1,0,3.288533063,7.422553915,3.42874365,0.209031029,5,2,0.224225553,7,0.102080252,2,4.183153917,1.893212984,"1,450,000.00"
6.23,24,1,1.968711266,2.401511963,0.536960132,0.22982904,28,7,0.52250527,7,0.457804718,7,1.477911091,1.688037499,"6,857,142.86"
21.21,3,0,4.001993712,5.27731528,5.682614182,1.481078738,5,0,1.358658138,7,1.820113651,1,5.62599196,3.178849578,"870,000.00"
8.43,25,5,0.68379499,8.270892022,1.393859989,0.06226201,43,10,0.220060054,23,0.776471572,5,0.656539523,1.209048532,"6,000,000.00"
22.39,2,0,5.350999564,4.118825144,6.739824789,1.821689416,2,0,1.602959146,2,2.940111393,0,6.361590457,3.594877933,"955,500.00"
10.57,11,2,0.574608738,9.365425049,0.380556553,0.053768922,31,3,0.253841443,24,0.139402968,4,0.500748682,1.59651451,"3,600,000.00"
10.56,10,2,0.1918214,9.666038251,0.888089233,0.089743676,25,3,0.100129552,24,0.129686103,4,0.634317711,1.338208605,"2,850,000.00"
14.14,4,0,2.709960494,3.827825191,5.361563944,1.394740848,15,0,0.241100286,10,1.336383484,2,3.58745219,2.674381232,"1,700,000.00"
18.85,3,0,2.75753304,6.672114016,5.148238391,0.144675834,8,2,0.49262073,12,0.048597652,2,4.401620213,1.4674653,"905,000.00"
23.32,0,0,7.028561387,6.124351023,7.643558956,1.844832933,1,0,1.969323048,1,1.735535589,1,7.878843402,8.549334305,"450,000.00"
23.32,0,0,7.028561387,6.124351023,7.643558956,1.844832933,1,0,1.969323048,1,1.735535589,1,7.878843402,8.549334305,"625,000.00"
32.72,0,0,5.980388514,15.53202167,1.009932711,1.089855937,1,0,3.205859997,0,3.378773687,0,12.39189835,10.00080272,"115,000.00"
10.57,11,2,0.574608738,9.365425049,0.380556553,0.053768922,31,3,0.253841443,24,0.139402968,4,0.500748682,1.59651451,"2,350,000.00"
24.82,1,0,5.090707489,0.409507119,6.811585774,0.031648336,2,1,3.055274365,0,5.118456884,0,7.133131449,4.812728716,"435,000.00"
22.59,1,0,4.731446487,5.842113383,5.025225136,3.189759435,0,0,3.053364406,0,3.525063347,0,5.736706006,4.444261549,"900,000.00"
23.58,1,0,5.624547142,5.967403991,4.903064599,3.727986178,0,0,3.876316055,0,4.524115554,0,6.387940748,5.182483005,"760,000.00"
22.39,2,0,5.350999564,4.118825144,6.739824789,1.821689416,2,0,1.602959146,2,2.940111393,0,6.361590457,3.594877933,"861,538.46"
22.39,2,0,5.350999564,4.118825144,6.739824789,1.821689416,2,0,1.602959146,2,2.940111393,0,6.361590457,3.594877933,"871,212.12"
10.57,11,2,0.574608738,9.365425049,0.380556553,0.053768922,31,3,0.253841443,24,0.139402968,4,0.500748682,1.59651451,"2,600,000.00"
17.66,2,0,2.766675534,1.341754436,9.982145833,0.351838973,8,1,0.22296895,5,0.044349224,1,6.270127131,4.493856946,"450,000.00"
14.94,4,3,1.325521262,3.332054051,6.321523914,0.125554587,9,0,0.297162444,10,0.3277186,2,3.835218788,3.420543751,"1,850,000.00"
9.16,19,1,0.668115654,7.480199518,0.647482412,0.047406525,38,5,0.229319769,17,1.221395666,4,1.224741756,1.856131844,"3,800,000.00"
17.26,6,0,3.092683935,3.716698378,0.089601941,0.104367405,10,1,0.685837638,5,0.917733437,2,2.121535646,2.422564633,"2,200,000.00"
22.59,1,0,4.731446487,5.842113383,5.025225136,3.189759435,0,0,3.053364406,0,3.525063347,0,5.736706006,4.444261549,"895,000.00"
10.57,11,2,0.574608738,9.365425049,0.380556553,0.053768922,31,3,0.253841443,24,0.139402968,4,0.500748682,1.59651451,"2,400,000.00"
14.14,4,0,2.709960494,3.827825191,5.361563944,1.394740848,15,0,0.241100286,10,1.336383484,2,3.58745219,2.674381232,"1,500,000.00"
9.16,19,1,0.668115654,7.480199518,0.647482412,0.047406525,38,5,0.229319769,17,1.221395666,4,1.224741756,1.856131844,"3,300,000.00"
20.21,1,0,4.452395666,3.231228684,9.461703594,1.564251976,1,0,1.45545367,1,1.669502034,1,6.882095043,6.69515565,"795,000.00"
24.82,1,0,5.090707489,0.409507119,6.811585774,0.031648336,2,1,3.055274365,0,5.118456884,0,7.133131449,4.812728716,"750,000.00"
11.88,9,2,1.412228981,9.949975211,1.714054755,1.241304091,21,3,0.603966541,23,1.196047358,5,1.353496396,2.372959813,"1,900,000.00"
22.59,1,0,4.731446487,5.842113383,5.025225136,3.189759435,0,0,3.053364406,0,3.525063347,0,5.736706006,4.444261549,"935,000.00"
9.16,19,1,0.668115654,7.480199518,0.647482412,0.047406525,38,5,0.229319769,17,1.221395666,4,1.224741756,1.856131844,"4,700,000.00"
23.32,0,0,7.028561387,6.124351023,7.643558956,1.844832933,1,0,1.969323048,1,1.735535589,1,7.878843402,8.549334305,"633,587.79"
23.32,0,0,7.028561387,6.124351023,7.643558956,1.844832933,1,0,1.969323048,1,1.735535589,1,7.878843402,8.549334305,"590,000.00"
23.32,0,0,7.028561387,6.124351023,7.643558956,1.844832933,1,0,1.969323048,1,1.735535589,1,7.878843402,8.549334305,"590,000.00"
22.39,2,0,5.350999564,4.118825144,6.739824789,1.821689416,2,0,1.602959146,2,2.940111393,0,6.361590457,3.594877933,"695,000.00"
23.32,0,0,7.028561387,6.124351023,7.643558956,1.844832933,1,0,1.969323048,1,1.735535589,1,7.878843402,8.549334305,"434,782.61"
23.32,0,0,7.028561387,6.124351023,7.643558956,1.844832933,1,0,1.969323048,1,1.735535589,1,7.878843402,8.549334305,"430,051.81"
19.88,4,1,1.514848549,0.984196476,0.596317226,0.864897004,7,1,0.670444824,6,0.139079465,5,3.013258588,1.719960174,"825,000.00"
23.32,0,0,7.028561387,6.124351023,7.643558956,1.844832933,1,0,1.969323048,1,1.735535589,1,7.878843402,8.549334305,"641,221.37"
10.56,10,2,0.1918214,9.666038251,0.888089233,0.089743676,25,3,0.100129552,24,0.129686103,4,0.634317711,1.338208605,"8,000,000.00"
23.32,0,0,7.028561387,6.124351023,7.643558956,1.844832933,1,0,1.969323048,1,1.735535589,1,7.878843402,8.549334305,"610,687.02"
22.48,1,0,5.025437008,4.526230179,2.158402885,2.639915599,0,0,0.360470047,1,2.521308465,0,4.82621559,4.51951349,"429,606.63"
22.59,1,0,4.731446487,5.842113383,5.025225136,3.189759435,0,0,3.053364406,0,3.525063347,0,5.736706006,4.444261549,"900,000.00"
17.66,2,0,2.766675534,1.341754436,9.982145833,0.351838973,8,1,0.22296895,5,0.044349224,1,6.270127131,4.493856946,"625,000.00"
23.32,0,0,7.028561387,6.124351023,7.643558956,1.844832933,1,0,1.969323048,1,1.735535589,1,7.878843402,8.549334305,"600,000.00"
36.09,1,0,5.192048924,16.69440877,3.421132423,4.421975181,0,0,4.992931183,0,9.219189864,0,12.72638173,10.71912836,"250,000.00"
14.19,1,0,4.333994379,4.620078445,3.239812649,0.047187666,14,1,0.207307327,9,1.832361316,1,2.853306008,2.55936892,"1,759,259.26"
36.09,1,0,5.192048924,16.69440877,3.421132423,4.421975181,0,0,4.992931183,0,9.219189864,0,12.72638173,10.71912836,"250,000.00"
11.82,0,0,44.09041707,23.87619254,29.9865024,41.00006341,0,0,27.59853886,0,44.43829173,0,46.80715227,38.6255204,"2,312,500.00"
10.99,3,0,5.039901829,4.740682504,3.643558697,0.974293978,4,0,1.297657346,3,1.364654785,2,4.627722403,2.819750825,"565,000.00"
36.09,1,0,5.192048924,16.69440877,3.421132423,4.421975181,0,0,4.992931183,0,9.219189864,0,12.72638173,10.71912836,"250,000.00"
18.53,3,1,1.382323394,7.828666399,4.094241806,1.152335673,10,2,0.353464627,6,1.290549374,3,4.033657597,2.347041609,"1,139,860.14"
10.96,9,1,1.555973958,11.53988387,0.42972373,0.126142707,18,1,0.460378059,12,0.545357036,3,0.891115717,1.452211198,"5,500,000.00"
14.19,1,0,4.333994379,4.620078445,3.239812649,0.047187666,14,1,0.207307327,9,1.832361316,1,2.853306008,2.55936892,"2,600,000.00"
14.94,4,3,1.325521262,3.332054051,6.321523914,0.125554587,9,0,0.297162444,10,0.3277186,2,3.835218788,3.420543751,"1,650,000.00"
34.52,1,0,10.86360423,17.54383842,0.032153225,0.022707491,1,0,6.08034501,0,6.910724352,0,14.5292775,10.27685828,"218,500.00"
22.39,2,0,5.350999564,4.118825144,6.739824789,1.821689416,2,0,1.602959146,2,2.940111393,0,6.361590457,3.594877933,"885,500.00"
34.52,1,0,10.86360423,17.54383842,0.032153225,0.022707491,1,0,6.08034501,0,6.910724352,0,14.5292775,10.27685828,"200,000.00"
22.39,2,0,5.350999564,4.118825144,6.739824789,1.821689416,2,0,1.602959146,2,2.940111393,0,6.361590457,3.594877933,"983,333.33"
17.66,2,0,2.766675534,1.341754436,9.982145833,0.351838973,8,1,0.22296895,5,0.044349224,1,6.270127131,4.493856946,"587,786.26"
23.32,0,0,7.028561387,6.124351023,7.643558956,1.844832933,1,0,1.969323048,1,1.735535589,1,7.878843402,8.549334305,"661,417.32"
18.85,3,0,2.75753304,6.672114016,5.148238391,0.144675834,8,2,0.49262073,12,0.048597652,2,4.401620213,1.4674653,"695,000.00"
9.16,19,1,0.668115654,7.480199518,0.647482412,0.047406525,38,5,0.229319769,17,1.221395666,4,1.224741756,1.856131844,"4,100,000.00"
20.21,1,0,4.452395666,3.231228684,9.461703594,1.564251976,1,0,1.45545367,1,1.669502034,1,6.882095043,6.69515565,"496,000.00"
22.39,2,0,5.350999564,4.118825144,6.739824789,1.821689416,2,0,1.602959146,2,2.940111393,0,6.361590457,3.594877933,"695,000.00"
16.07,4,1,1.420030061,11.32047324,1.275523215,0.343758938,10,1,0.668607846,7,0.835553002,2,3.119423096,3.771636902,"1,350,000.00"
13.98,1,1,1.440497502,8.830429042,2.212403368,0.071858443,10,2,0.100746527,11,0.886448814,1,2.748057643,2.54970663,"1,800,000.00"
13.98,1,1,1.440497502,8.830429042,2.212403368,0.071858443,10,2,0.100746527,11,0.886448814,1,2.748057643,2.54970663,"2,000,000.00"
11.35,4,0,3.232578915,6.632045539,4.07247222,0.046516086,15,2,0.275528356,11,1.185148304,2,2.127812617,1.818298797,"1,600,000.00"
21.21,3,0,4.001993712,5.27731528,5.682614182,1.481078738,5,0,1.358658138,7,1.820113651,1,5.62599196,3.178849578,"890,500.00"
17.66,2,0,2.766675534,1.341754436,9.982145833,0.351838973,8,1,0.22296895,5,0.044349224,1,6.270127131,4.493856946,"623,188.41"
23.32,0,0,7.028561387,6.124351023,7.643558956,1.844832933,1,0,1.969323048,1,1.735535589,1,7.878843402,8.549334305,"625,954.20"
12.9,2,0,2.352940629,3.590158666,6.306950893,1.413473849,2,2,0.507829617,3,1.181593513,2,4.365703146,2.469001486,"696,969.70"
23.32,0,0,7.028561387,6.124351023,7.643558956,1.844832933,1,0,1.969323048,1,1.735535589,1,7.878843402,8.549334305,"595,419.85"
8.43,25,5,0.68379499,8.270892022,1.393859989,0.06226201,43,10,0.220060054,23,0.776471572,5,0.656539523,1.209048532,"11,000,000.00"
22.39,2,0,5.350999564,4.118825144,6.739824789,1.821689416,2,0,1.602959146,2,2.940111393,0,6.361590457,3.594877933,"879,900.00"
14.94,4,3,1.325521262,3.332054051,6.321523914,0.125554587,9,0,0.297162444,10,0.3277186,2,3.835218788,3.420543751,"2,600,000.00"
36.09,1,0,5.192048924,16.69440877,3.421132423,4.421975181,0,0,4.992931183,0,9.219189864,0,12.72638173,10.71912836,"250,000.00"
14.94,4,3,1.325521262,3.332054051,6.321523914,0.125554587,9,0,0.297162444,10,0.3277186,2,3.835218788,3.420543751,"1,400,000.00"
10.96,9,1,1.555973958,11.53988387,0.42972373,0.126142707,18,1,0.460378059,12,0.545357036,3,0.891115717,1.452211198,"2,941,176.47"
10.96,9,1,1.555973958,11.53988387,0.42972373,0.126142707,18,1,0.460378059,12,0.545357036,3,0.891115717,1.452211198,"2,500,000.00"
12.89,7,0,2.847591288,12.64244388,0.528389071,0.028453853,12,2,0.113299872,20,1.052875673,5,1.58575455,3.057863335,"2,800,000.00"
10.64,6,0,2.246210381,8.09204828,1.80277564,0.069620362,22,0,0.265138276,16,0.346100643,2,1.203411373,2.706880853,"2,600,000.00"
10.38,7,0,2.238625345,6.877783599,3.104369608,0.312880087,19,3,0.597689536,17,1.345330372,1,1.750968007,2.165828855,"2,500,000.00"
12.89,7,0,2.847591288,12.64244388,0.528389071,0.028453853,12,2,0.113299872,20,1.052875673,5,1.58575455,3.057863335,"40,000.00"
18.99,5,1,1.866050156,1.810057975,0.314617717,0.069482791,9,1,0.265588994,5,0.215824615,5,2.560275109,1.767980392,"850,000.00"
13.23,3,0,4.150699594,4.953865492,3.886912844,0.246639894,12,2,0.713981426,8,0.488189775,2,2.373012239,2.214220213,"2,569,169.96"
13.23,3,0,4.150699594,4.953865492,3.886912844,0.246639894,12,2,0.713981426,8,0.488189775,2,2.373012239,2.214220213,"2,569,169.96"
11.88,9,2,1.412228981,9.949975211,1.714054755,1.241304091,21,3,0.603966541,23,1.196047358,5,1.353496396,2.372959813,"2,400,000.00"
20.21,1,0,4.452395666,3.231228684,9.461703594,1.564251976,1,0,1.45545367,1,1.669502034,1,6.882095043,6.69515565,"410,000.00"
36.09,1,0,5.192048924,16.69440877,3.421132423,4.421975181,0,0,4.992931183,0,9.219189864,0,12.72638173,10.71912836,"250,000.00"
8.43,25,5,0.68379499,8.270892022,1.393859989,0.06226201,43,10,0.220060054,23,0.776471572,5,0.656539523,1.209048532,"12,000,000.00"
8.43,25,5,0.68379499,8.270892022,1.393859989,0.06226201,43,10,0.220060054,23,0.776471572,5,0.656539523,1.209048532,"5,800,000.00"
42.89,2,0,17.30386792,25.98399192,0.638579249,0.092605017,7,3,1.670624688,2,3.822489362,0,20.27564198,8.252888495,"115,000.00"
23.32,0,0,7.028561387,6.124351023,7.643558956,1.844832933,1,0,1.969323048,1,1.735535589,1,7.878843402,8.549334305,"610,000.00"
7.92,3,0,3.124377401,2.473593474,1.881367813,0.073330831,7,2,0.664387274,5,0.241113358,1,2.564621846,1.759637339,"1,000,000.00"
14.29,8,0,2.210242241,12.7198494,0.570907625,0.493071529,12,1,0.450048459,9,0.475998265,3,2.72457472,3.728770782,"3,000,000.00"
10.96,9,1,1.555973958,11.53988387,0.42972373,0.126142707,18,1,0.460378059,12,0.545357036,3,0.891115717,1.452211198,"3,900,000.00"
9.16,19,1,0.668115654,7.480199518,0.647482412,0.047406525,38,5,0.229319769,17,1.221395666,4,1.224741756,1.856131844,"4,500,000.00"
9.16,19,1,0.668115654,7.480199518,0.647482412,0.047406525,38,5,0.229319769,17,1.221395666,4,1.224741756,1.856131844,"4,600,000.00"
10.96,9,1,1.555973958,11.53988387,0.42972373,0.126142707,18,1,0.460378059,12,0.545357036,3,0.891115717,1.452211198,"5,000,000.00"
5.79,34,5,0.246501641,5.260460783,1.882027165,0.177139619,56,16,0.270995056,20,0.262818416,7,0.619406784,0.899429589,"18,000,000.00"
36.09,1,0,5.192048924,16.69440877,3.421132423,4.421975181,0,0,4.992931183,0,9.219189864,0,12.72638173,10.71912836,"250,000.00"
13.98,1,1,1.440497502,8.830429042,2.212403368,0.071858443,10,2,0.100746527,11,0.886448814,1,2.748057643,2.54970663,"2,500,000.00"
15.34,5,0,2.696064051,6.132844101,0.105448493,0.204660942,10,1,0.52902818,12,0.218559789,3,2.499860496,2.543675581,"1,900,000.00"
16.09,3,0,3.208475819,1.913461191,4.504202007,0.650961654,6,0,0.789134066,7,0.681933388,1,3.638046775,4.035968273,"740,000.00"
15.34,5,0,2.696064051,6.132844101,0.105448493,0.204660942,10,1,0.52902818,12,0.218559789,3,2.499860496,2.543675581,"2,425,000.00"
16.39,1,0,3.876604793,1.871289347,3.876447241,0.024556017,1,0,1.187704419,5,0.074058786,1,3.340681566,4.15652795,"980,000.00"
22.39,2,0,5.350999564,4.118825144,6.739824789,1.821689416,2,0,1.602959146,2,2.940111393,0,6.361590457,3.594877933,"865,500.00"
34.52,1,0,10.86360423,17.54383842,0.032153225,0.022707491,1,0,6.08034501,0,6.910724352,0,14.5292775,10.27685828,"200,000.00"
14.19,1,0,4.333994379,4.620078445,3.239812649,0.047187666,14,1,0.207307327,9,1.832361316,1,2.853306008,2.55936892,"2,400,000.00"
18.85,3,0,2.75753304,6.672114016,5.148238391,0.144675834,8,2,0.49262073,12,0.048597652,2,4.401620213,1.4674653,"895,000.00"
21.21,3,0,4.001993712,5.27731528,5.682614182,1.481078738,5,0,1.358658138,7,1.820113651,1,5.62599196,3.178849578,"875,000.00"
25.74,2,0,3.750819421,7.090341751,1.668134015,1.342908267,4,1,1.538556531,1,1.538463966,1,5.698412478,4.49286357,"720,000.00"
25.74,2,0,3.750819421,7.090341751,1.668134015,1.342908267,4,1,1.538556531,1,1.538463966,1,5.698412478,4.49286357,"720,000.00"
10.96,9,1,1.555973958,11.53988387,0.42972373,0.126142707,18,1,0.460378059,12,0.545357036,3,0.891115717,1.452211198,"5,500,000.00"
18.85,3,0,2.75753304,6.672114016,5.148238391,0.144675834,8,2,0.49262073,12,0.048597652,2,4.401620213,1.4674653,"900,000.00"
17.66,2,0,2.766675534,1.341754436,9.982145833,0.351838973,8,1,0.22296895,5,0.044349224,1,6.270127131,4.493856946,"420,000.00"
10.96,9,1,1.555973958,11.53988387,0.42972373,0.126142707,18,1,0.460378059,12,0.545357036,3,0.891115717,1.452211198,"5,833,333.33"
21.21,3,0,4.001993712,5.27731528,5.682614182,1.481078738,5,0,1.358658138,7,1.820113651,1,5.62599196,3.178849578,"846,153.85"
12.89,7,0,2.847591288,12.64244388,0.528389071,0.028453853,12,2,0.113299872,20,1.052875673,5,1.58575455,3.057863335,"2,500,000.00"
9.16,19,1,0.668115654,7.480199518,0.647482412,0.047406525,38,5,0.229319769,17,1.221395666,4,1.224741756,1.856131844,"5,000,000.00"
14.94,4,3,1.325521262,3.332054051,6.321523914,0.125554587,9,0,0.297162444,10,0.3277186,2,3.835218788,3.420543751,"425,000.00"
23.32,0,0,7.028561387,6.124351023,7.643558956,1.844832933,1,0,1.969323048,1,1.735535589,1,7.878843402,8.549334305,"590,000.00"
14.94,4,3,1.325521262,3.332054051,6.321523914,0.125554587,9,0,0.297162444,10,0.3277186,2,3.835218788,3.420543751,"450,000.00"
11.35,4,0,3.232578915,6.632045539,4.07247222,0.046516086,15,2,0.275528356,11,1.185148304,2,2.127812617,1.818298797,"7,150,000.00"
18.85,3,0,2.75753304,6.672114016,5.148238391,0.144675834,8,2,0.49262073,12,0.048597652,2,4.401620213,1.4674653,"884,057.97"
16.39,1,0,3.876604793,1.871289347,3.876447241,0.024556017,1,0,1.187704419,5,0.074058786,1,3.340681566,4.15652795,"9,000,000.00"
14.94,4,3,1.325521262,3.332054051,6.321523914,0.125554587,9,0,0.297162444,10,0.3277186,2,3.835218788,3.420543751,"410,000.00"
8.43,25,5,0.68379499,8.270892022,1.393859989,0.06226201,43,10,0.220060054,23,0.776471572,5,0.656539523,1.209048532,"8,000,000.00"
22.59,1,0,4.731446487,5.842113383,5.025225136,3.189759435,0,0,3.053364406,0,3.525063347,0,5.736706006,4.444261549,"886,500.00"
24.82,1,0,5.090707489,0.409507119,6.811585774,0.031648336,2,1,3.055274365,0,5.118456884,0,7.133131449,4.812728716,"850,000.00"
10.3,15,2,1.59352339,8.252641545,1.126814689,0.547694489,25,2,0.435381787,18,0.978440306,3,1.083609135,2.184000564,"3,000,000.00"
21.21,3,0,4.001993712,5.27731528,5.682614182,1.481078738,5,0,1.358658138,7,1.820113651,1,5.62599196,3.178849578,"875,000.00"
10.3,15,2,1.59352339,8.252641545,1.126814689,0.547694489,25,2,0.435381787,18,0.978440306,3,1.083609135,2.184000564,"6,000,000.00"
25.74,2,0,3.750819421,7.090341751,1.668134015,1.342908267,4,1,1.538556531,1,1.538463966,1,5.698412478,4.49286357,"680,000.00"
25.74,2,0,3.750819421,7.090341751,1.668134015,1.342908267,4,1,1.538556531,1,1.538463966,1,5.698412478,4.49286357,"720,000.00"
25.74,2,0,3.750819421,7.090341751,1.668134015,1.342908267,4,1,1.538556531,1,1.538463966,1,5.698412478,4.49286357,"720,000.00"
25.74,2,0,3.750819421,7.090341751,1.668134015,1.342908267,4,1,1.538556531,1,1.538463966,1,5.698412478,4.49286357,"720,000.00"
23.32,0,0,7.028561387,6.124351023,7.643558956,1.844832933,1,0,1.969323048,1,1.735535589,1,7.878843402,8.549334305,"650,793.65"
12.6,4,1,0.986116289,9.697738198,1.97051461,1.328255911,20,1,0.315817967,19,0.52322427,3,1.950417217,2.578573155,"4,000,000.00"
23.32,0,0,7.028561387,6.124351023,7.643558956,1.844832933,1,0,1.969323048,1,1.735535589,1,7.878843402,8.549334305,"610,687.02"
22.48,1,0,5.025437008,4.526230179,2.158402885,2.639915599,0,0,0.360470047,1,2.521308465,0,4.82621559,4.51951349,"425,000.00"
13.98,1,1,1.440497502,8.830429042,2.212403368,0.071858443,10,2,0.100746527,11,0.886448814,1,2.748057643,2.54970663,"800,000.00"
23.32,0,0,7.028561387,6.124351023,7.643558956,1.844832933,1,0,1.969323048,1,1.735535589,1,7.878843402,8.549334305,"600,000.00"
15.26,0,0,4.55470152,4.19047343,2.465629359,0.840241812,8,1,0.267587215,10,2.469253581,0,3.159466524,3.18055797,"1,825,000.00"
14.19,1,0,4.333994379,4.620078445,3.239812649,0.047187666,14,1,0.207307327,9,1.832361316,1,2.853306008,2.55936892,"3,200,000.00"
4.2,35,0,2.519295361,2.785534523,1.110711264,0.186715816,62,6,0.72368085,13,0.519408325,7,1.251662813,1.690177244,"8,500,000.00"
14.29,8,0,2.210242241,12.7198494,0.570907625,0.493071529,12,1,0.450048459,9,0.475998265,3,2.72457472,3.728770782,"18,250,000.00"
14.94,4,3,1.325521262,3.332054051,6.321523914,0.125554587,9,0,0.297162444,10,0.3277186,2,3.835218788,3.420543751,"2,050,000.00"
14.29,8,0,2.210242241,12.7198494,0.570907625,0.493071529,12,1,0.450048459,9,0.475998265,3,2.72457472,3.728770782,"8,000,000.00"
22.61,3,0,3.998696251,2.379564136,0.489734538,0.201421298,7,2,0.014518784,4,0.899794951,1,3.99247885,2.76473027,"214,285.71"
14.94,4,3,1.325521262,3.332054051,6.321523914,0.125554587,9,0,0.297162444,10,0.3277186,2,3.835218788,3.420543751,"1,495,000.00"
13.29,5,1,0.764890663,7.977447158,0.655039484,0.200566162,21,1,0.215235621,15,1.484056738,3,2.429966664,2.547560295,"2,800,000.00"
15.26,0,0,4.55470152,4.19047343,2.465629359,0.840241812,8,1,0.267587215,10,2.469253581,0,3.159466524,3.18055797,"1,400,000.00"
23.65,1,0,6.293782293,4.0924518,6.75423149,3.113434999,0,0,2.887802918,0,4.196443454,0,7.250108037,4.444523159,"882,750.00"
10.96,9,1,1.555973958,11.53988387,0.42972373,0.126142707,18,1,0.460378059,12,0.545357036,3,0.891115717,1.452211198,"2,600,000.00"
22.48,1,0,5.025437008,4.526230179,2.158402885,2.639915599,0,0,0.360470047,1,2.521308465,0,4.82621559,4.51951349,"450,000.00"
23.32,0,0,7.028561387,6.124351023,7.643558956,1.844832933,1,0,1.969323048,1,1.735535589,1,7.878843402,8.549334305,"595,419.85"
34.52,1,0,10.86360423,17.54383842,0.032153225,0.022707491,1,0,6.08034501,0,6.910724352,0,14.5292775,10.27685828,"215,500.00"
42.89,2,0,17.30386792,25.98399192,0.638579249,0.092605017,7,3,1.670624688,2,3.822489362,0,20.27564198,8.252888495,"215,000.00"
23.32,0,0,7.028561387,6.124351023,7.643558956,1.844832933,1,0,1.969323048,1,1.735535589,1,7.878843402,8.549334305,"566,176.47"
23.32,0,0,7.028561387,6.124351023,7.643558956,1.844832933,1,0,1.969323048,1,1.735535589,1,7.878843402,8.549334305,"593,093.09"
14.29,8,0,2.210242241,12.7198494,0.570907625,0.493071529,12,1,0.450048459,9,0.475998265,3,2.72457472,3.728770782,"1,750,000.00"
17.05,1,0,3.288533063,7.422553915,3.42874365,0.209031029,5,2,0.224225553,7,0.102080252,2,4.183153917,1.893212984,"1,200,000.00"
11.35,4,0,3.232578915,6.632045539,4.07247222,0.046516086,15,2,0.275528356,11,1.185148304,2,2.127812617,1.818298797,"1,800,000.00"
14.94,4,3,1.325521262,3.332054051,6.321523914,0.125554587,9,0,0.297162444,10,0.3277186,2,3.835218788,3.420543751,"1,600,000.00"
18.85,3,0,2.75753304,6.672114016,5.148238391,0.144675834,8,2,0.49262073,12,0.048597652,2,4.401620213,1.4674653,"989,474.00"
23.32,0,0,7.028561387,6.124351023,7.643558956,1.844832933,1,0,1.969323048,1,1.735535589,1,7.878843402,8.549334305,"447,916.67"
9.16,19,1,0.668115654,7.480199518,0.647482412,0.047406525,38,5,0.229319769,17,1.221395666,4,1.224741756,1.856131844,"13,700,000.00"
14.25,3,3,0.833818104,3.171885348,7.325142495,1.087700729,9,1,1.126143462,8,0.799673076,2,4.205907129,3.303200657,"1,275,000.00"
10.96,9,1,1.555973958,11.53988387,0.42972373,0.126142707,18,1,0.460378059,12,0.545357036,3,0.891115717,1.452211198,"4,500,000.00"
11.35,4,0,3.232578915,6.632045539,4.07247222,0.046516086,15,2,0.275528356,11,1.185148304,2,2.127812617,1.818298797,"4,000,000.00"
13.98,1,1,1.440497502,8.830429042,2.212403368,0.071858443,10,2,0.100746527,11,0.886448814,1,2.748057643,2.54970663,"1,800,000.00"
4.22,22,2,1.467277947,5.676326993,0.379336786,0.083896065,46,9,0.234180842,17,0.836102939,4,0.648388584,1.199440728,"20,000,000.00"
10.96,9,1,1.555973958,11.53988387,0.42972373,0.126142707,18,1,0.460378059,12,0.545357036,3,0.891115717,1.452211198,"6,500,000.00"
8.43,25,5,0.68379499,8.270892022,1.393859989,0.06226201,43,10,0.220060054,23,0.776471572,5,0.656539523,1.209048532,"14,000,000.00"
21.5,0,0,5.374796464,4.330842323,8.553697374,0.085015366,1,0,0.078489009,1,0.196379228,1,7.263013641,7.777173725,"360,000.00"
12.89,7,0,2.847591288,12.64244388,0.528389071,0.028453853,12,2,0.113299872,20,1.052875673,5,1.58575455,3.057863335,"3,000,000.00"
12.89,7,0,2.847591288,12.64244388,0.528389071,0.028453853,12,2,0.113299872,20,1.052875673,5,1.58575455,3.057863335,"2,800,000.00"
9.09,4,0,2.772157249,3.826549577,2.984335759,1.034238707,10,3,0.479045577,7,0.882533833,3,2.879540617,1.184738783,"1,800,000.00"
8.43,25,5,0.68379499,8.270892022,1.393859989,0.06226201,43,10,0.220060054,23,0.776471572,5,0.656539523,1.209048532,"6,000,000.00"
10.96,9,1,1.555973958,11.53988387,0.42972373,0.126142707,18,1,0.460378059,12,0.545357036,3,0.891115717,1.452211198,"3,500,000.00"
8.66,9,1,0.549898445,5.213415717,1.3669029,0.064668268,9,7,0.050657848,13,2.104233363,0,1.284658669,0.825239173,"4,500,000.00"
6.54,34,5,0.725332998,4.402258748,0.777008918,0.041972278,29,16,0.398012992,16,0.373267956,6,0.722986475,0.585683793,"11,850,000.00"
23.32,0,0,7.028561387,6.124351023,7.643558956,1.844832933,1,0,1.969323048,1,1.735535589,1,7.878843402,8.549334305,"608,695.65"
23.32,0,0,7.028561387,6.124351023,7.643558956,1.844832933,1,0,1.969323048,1,1.735535589,1,7.878843402,8.549334305,"623,188.41"
20.21,1,0,4.452395666,3.231228684,9.461703594,1.564251976,1,0,1.45545367,1,1.669502034,1,6.882095043,6.69515565,"420,000.00"
36.09,1,0,5.192048924,16.69440877,3.421132423,4.421975181,0,0,4.992931183,0,9.219189864,0,12.72638173,10.71912836,"2,500,000.00"
22.39,2,0,5.350999564,4.118825144,6.739824789,1.821689416,2,0,1.602959146,2,2.940111393,0,6.361590457,3.594877933,"892,307.69"
21.21,3,0,4.001993712,5.27731528,5.682614182,1.481078738,5,0,1.358658138,7,1.820113651,1,5.62599196,3.178849578,"880,769.23"
21.21,3,0,4.001993712,5.27731528,5.682614182,1.481078738,5,0,1.358658138,7,1.820113651,1,5.62599196,3.178849578,"850,000.00"
18.85,3,0,2.75753304,6.672114016,5.148238391,0.144675834,8,2,0.49262073,12,0.048597652,2,4.401620213,1.4674653,"884,615.38"
17.66,2,0,2.766675534,1.341754436,9.982145833,0.351838973,8,1,0.22296895,5,0.044349224,1,6.270127131,4.493856946,"425,000.00"
20.21,1,0,4.452395666,3.231228684,9.461703594,1.564251976,1,0,1.45545367,1,1.669502034,1,6.882095043,6.69515565,"425,000.00"
21.21,3,0,4.001993712,5.27731528,5.682614182,1.481078738,5,0,1.358658138,7,1.820113651,1,5.62599196,3.178849578,"5,800,000.00"
22.39,2,0,5.350999564,4.118825144,6.739824789,1.821689416,2,0,1.602959146,2,2.940111393,0,6.361590457,3.594877933,"863,000.00"
22.59,1,0,4.731446487,5.842113383,5.025225136,3.189759435,0,0,3.053364406,0,3.525063347,0,5.736706006,4.444261549,"871,969.70"
14.19,1,0,4.333994379,4.620078445,3.239812649,0.047187666,14,1,0.207307327,9,1.832361316,1,2.853306008,2.55936892,"2,375,000.00"
40.83,1,0,14.93005954,23.82898426,1.067835718,2.082818379,0,1,0.453765503,2,4.023534671,0,18.54774664,8.293431494,"250,000.00"
36.09,1,0,5.192048924,16.69440877,3.421132423,4.421975181,0,0,4.992931183,0,9.219189864,0,12.72638173,10.71912836,"250,000.00"
36.09,1,0,5.192048924,16.69440877,3.421132423,4.421975181,0,0,4.992931183,0,9.219189864,0,12.72638173,10.71912836,"250,000.00"
14.19,1,0,4.333994379,4.620078445,3.239812649,0.047187666,14,1,0.207307327,9,1.832361316,1,2.853306008,2.55936892,"2,600,000.00"
14.94,4,3,1.325521262,3.332054051,6.321523914,0.125554587,9,0,0.297162444,10,0.3277186,2,3.835218788,3.420543751,"950,000.00"
8.15,19,4,1.142526683,9.155040562,0.029733581,0.369539052,24,5,0.750590563,12,1.16763043,2,0.670066212,1.155265795,"5,333,333.33"
10.96,9,1,1.555973958,11.53988387,0.42972373,0.126142707,18,1,0.460378059,12,0.545357036,3,0.891115717,1.452211198,"5,000,000.00"
11.35,4,0,3.232578915,6.632045539,4.07247222,0.046516086,15,2,0.275528356,11,1.185148304,2,2.127812617,1.818298797,"3,800,000.00"
12.76,2,0,3.451188718,6.068423112,2.350095105,1.225216639,17,2,1.004871588,8,0.651363299,2,2.259273367,2.561824923,"1,500,000.00"
22.39,2,0,5.350999564,4.118825144,6.739824789,1.821689416,2,0,1.602959146,2,2.940111393,0,6.361590457,3.594877933,"880,769.23"
10.96,9,1,1.555973958,11.53988387,0.42972373,0.126142707,18,1,0.460378059,12,0.545357036,3,0.891115717,1.452211198,"2,700,000.00"
15.26,0,0,4.55470152,4.19047343,2.465629359,0.840241812,8,1,0.267587215,10,2.469253581,0,3.159466524,3.18055797,"1,650,000.00"
23.32,0,0,7.028561387,6.124351023,7.643558956,1.844832933,1,0,1.969323048,1,1.735535589,1,7.878843402,8.549334305,"625,000.00"
14.94,4,3,1.325521262,3.332054051,6.321523914,0.125554587,9,0,0.297162444,10,0.3277186,2,3.835218788,3.420543751,"450,000.00"
24.82,1,0,5.090707489,0.409507119,6.811585774,0.031648336,2,1,3.055274365,0,5.118456884,0,7.133131449,4.812728716,"395,000.00"
21.21,3,0,4.001993712,5.27731528,5.682614182,1.481078738,5,0,1.358658138,7,1.820113651,1,5.62599196,3.178849578,"892,307.69"
21.21,3,0,4.001993712,5.27731528,5.682614182,1.481078738,5,0,1.358658138,7,1.820113651,1,5.62599196,3.178849578,"892,307.69"
13.98,1,1,1.440497502,8.830429042,2.212403368,0.071858443,10,2,0.100746527,11,0.886448814,1,2.748057643,2.54970663,"1,350,000.00"
25.74,2,0,3.750819421,7.090341751,1.668134015,1.342908267,4,1,1.538556531,1,1.538463966,1,5.698412478,4.49286357,"720,000.00"
19.59,1,0,4.65088748,1.626447486,3.488327488,0.0702284,6,0,0.225418134,4,0.132466919,1,3.752484608,4.569323338,"900,000.00"
17.66,2,0,2.766675534,1.341754436,9.982145833,0.351838973,8,1,0.22296895,5,0.044349224,1,6.270127131,4.493856946,"450,000.00"
22.39,2,0,5.350999564,4.118825144,6.739824789,1.821689416,2,0,1.602959146,2,2.940111393,0,6.361590457,3.594877933,"900,000.00"
34.52,1,0,10.86360423,17.54383842,0.032153225,0.022707491,1,0,6.08034501,0,6.910724352,0,14.5292775,10.27685828,"215,000.00"
8.43,25,5,0.68379499,8.270892022,1.393859989,0.06226201,43,10,0.220060054,23,0.776471572,5,0.656539523,1.209048532,"4,500,000.00"
18.85,3,0,2.75753304,6.672114016,5.148238391,0.144675834,8,2,0.49262073,12,0.048597652,2,4.401620213,1.4674653,"908,000.00"
14.94,4,3,1.325521262,3.332054051,6.321523914,0.125554587,9,0,0.297162444,10,0.3277186,2,3.835218788,3.420543751,"1,600,000.00"
20.21,1,0,4.452395666,3.231228684,9.461703594,1.564251976,1,0,1.45545367,1,1.669502034,1,6.882095043,6.69515565,"425,000.00"
25.74,2,0,3.750819421,7.090341751,1.668134015,1.342908267,4,1,1.538556531,1,1.538463966,1,5.698412478,4.49286357,"350,000.00"
4.65,45,2,1.31096963,3.666523287,0.237042731,0.319050688,71,14,0.127508492,16,0.527304778,8,0.768026527,0.568819294,"7,777,777.78"
11.35,4,0,3.232578915,6.632045539,4.07247222,0.046516086,15,2,0.275528356,11,1.185148304,2,2.127812617,1.818298797,"4,200,000.00"
22.39,2,0,5.350999564,4.118825144,6.739824789,1.821689416,2,0,1.602959146,2,2.940111393,0,6.361590457,3.594877933,"900,000.00"
22.39,2,0,5.350999564,4.118825144,6.739824789,1.821689416,2,0,1.602959146,2,2.940111393,0,6.361590457,3.594877933,"785,714.29"
24.82,1,0,5.090707489,0.409507119,6.811585774,0.031648336,2,1,3.055274365,0,5.118456884,0,7.133131449,4.812728716,"875,000.00"
21.21,3,0,4.001993712,5.27731528,5.682614182,1.481078738,5,0,1.358658138,7,1.820113651,1,5.62599196,3.178849578,"875,000.00"
22.39,2,0,5.350999564,4.118825144,6.739824789,1.821689416,2,0,1.602959146,2,2.940111393,0,6.361590457,3.594877933,"907,692.31"
19.59,1,0,4.65088748,1.626447486,3.488327488,0.0702284,6,0,0.225418134,4,0.132466919,1,3.752484608,4.569323338,"570,000.00"
20.21,1,0,4.452395666,3.231228684,9.461703594,1.564251976,1,0,1.45545367,1,1.669502034,1,6.882095043,6.69515565,"795,000.00"
14.19,1,0,4.333994379,4.620078445,3.239812649,0.047187666,14,1,0.207307327,9,1.832361316,1,2.853306008,2.55936892,"2,600,000.00"
10.57,11,2,0.574608738,9.365425049,0.380556553,0.053768922,31,3,0.253841443,24,0.139402968,4,0.500748682,1.59651451,"4,000,000.00"
17.66,2,0,2.766675534,1.341754436,9.982145833,0.351838973,8,1,0.22296895,5,0.044349224,1,6.270127131,4.493856946,"420,000.00"
23.32,0,0,7.028561387,6.124351023,7.643558956,1.844832933,1,0,1.969323048,1,1.735535589,1,7.878843402,8.549334305,"425,000.00"
10.64,6,0,2.246210381,8.09204828,1.80277564,0.069620362,22,0,0.265138276,16,0.346100643,2,1.203411373,2.706880853,"2,500,000.00"
23.32,0,0,7.028561387,6.124351023,7.643558956,1.844832933,1,0,1.969323048,1,1.735535589,1,7.878843402,8.549334305,"625,000.00"
20.21,1,0,4.452395666,3.231228684,9.461703594,1.564251976,1,0,1.45545367,1,1.669502034,1,6.882095043,6.69515565,"755,000.00"
23.32,0,0,7.028561387,6.124351023,7.643558956,1.844832933,1,0,1.969323048,1,1.735535589,1,7.878843402,8.549334305,"590,000.00"
14.19,1,0,4.333994379,4.620078445,3.239812649,0.047187666,14,1,0.207307327,9,1.832361316,1,2.853306008,2.55936892,"2,600,000.00"
19.66,1,0,3.717497593,2.297640069,5.116319986,1.66959463,6,0,1.393581999,4,1.731696832,1,4.783336578,5.76353093,"57,692.31"
10.57,11,2,0.574608738,9.365425049,0.380556553,0.053768922,31,3,0.253841443,24,0.139402968,4,0.500748682,1.59651451,"3,500,000.00"
22.39,2,0,5.350999564,4.118825144,6.739824789,1.821689416,2,0,1.602959146,2,2.940111393,0,6.361590457,3.594877933,"880,900.00"
14.19,1,0,4.333994379,4.620078445,3.239812649,0.047187666,14,1,0.207307327,9,1.832361316,1,2.853306008,2.55936892,"2,600,000.00"
13.04,3,0,2.482189224,10.71105259,2.581188405,0.039349016,14,1,0.204933292,14,0.911886638,3,2.521385921,3.017094937,"1,500,000.00"
14.29,8,0,2.210242241,12.7198494,0.570907625,0.493071529,12,1,0.450048459,9,0.475998265,3,2.72457472,3.728770782,"2,700,000.00"
7.47,17,4,1.087295775,5.384151821,0.890410619,0.586071568,30,11,0.440548846,15,0.831388942,3,0.85680006,0.690853659,"15,500,000.00"
17.66,2,0,2.766675534,1.341754436,9.982145833,0.351838973,8,1,0.22296895,5,0.044349224,1,6.270127131,4.493856946,"416,666.67"
21.21,3,0,4.001993712,5.27731528,5.682614182,1.481078738,5,0,1.358658138,7,1.820113651,1,5.62599196,3.178849578,"973,684.00"
10.57,11,2,0.574608738,9.365425049,0.380556553,0.053768922,31,3,0.253841443,24,0.139402968,4,0.500748682,1.59651451,"3,500,000.00"
14.19,1,0,4.333994379,4.620078445,3.239812649,0.047187666,14,1,0.207307327,9,1.832361316,1,2.853306008,2.55936892,"5,500,000.00"
23.65,1,0,6.293782293,4.0924518,6.75423149,3.113434999,0,0,2.887802918,0,4.196443454,0,7.250108037,4.444523159,"828,571.43"
10.57,11,2,0.574608738,9.365425049,0.380556553,0.053768922,31,3,0.253841443,24,0.139402968,4,0.500748682,1.59651451,"3,000,000.00"
22.39,2,0,5.350999564,4.118825144,6.739824789,1.821689416,2,0,1.602959146,2,2.940111393,0,6.361590457,3.594877933,"892,307.69"
12.06,3,0,3.948641531,6.394102627,2.862825585,1.069506489,16,3,0.585231497,7,0.617785241,3,2.046835762,2.305931888,"3,800,000.00"
20.21,1,0,4.452395666,3.231228684,9.461703594,1.564251976,1,0,1.45545367,1,1.669502034,1,6.882095043,6.69515565,"775,000.00"
8.15,19,4,1.142526683,9.155040562,0.029733581,0.369539052,24,5,0.750590563,12,1.16763043,2,0.670066212,1.155265795,"5,000,000.00"
22.39,2,0,5.350999564,4.118825144,6.739824789,1.821689416,2,0,1.602959146,2,2.940111393,0,6.361590457,3.594877933,"875,000.00"
10.57,11,2,0.574608738,9.365425049,0.380556553,0.053768922,31,3,0.253841443,24,0.139402968,4,0.500748682,1.59651451,"4,000,000.00"
11.88,9,2,1.412228981,9.949975211,1.714054755,1.241304091,21,3,0.603966541,23,1.196047358,5,1.353496396,2.372959813,"2,400,000.00"
36.09,1,0,5.192048924,16.69440877,3.421132423,4.421975181,0,0,4.992931183,0,9.219189864,0,12.72638173,10.71912836,"250,000.00"
13.98,1,1,1.440497502,8.830429042,2.212403368,0.071858443,10,2,0.100746527,11,0.886448814,1,2.748057643,2.54970663,"1,300,000.00"
17.05,1,0,3.288533063,7.422553915,3.42874365,0.209031029,5,2,0.224225553,7,0.102080252,2,4.183153917,1.893212984,"1,450,000.00"
10.96,9,1,1.555973958,11.53988387,0.42972373,0.126142707,18,1,0.460378059,12,0.545357036,3,0.891115717,1.452211198,"36,500,000.00"
18.85,3,0,2.75753304,6.672114016,5.148238391,0.144675834,8,2,0.49262073,12,0.048597652,2,4.401620213,1.4674653,"989,474.00"
23.32,0,0,7.028561387,6.124351023,7.643558956,1.844832933,1,0,1.969323048,1,1.735535589,1,7.878843402,8.549334305,"625,000.00"
16.39,1,0,3.876604793,1.871289347,3.876447241,0.024556017,1,0,1.187704419,5,0.074058786,1,3.340681566,4.15652795,"800,000.00"
21.21,3,0,4.001993712,5.27731528,5.682614182,1.481078738,5,0,1.358658138,7,1.820113651,1,5.62599196,3.178849578,"890,000.00"
23.32,0,0,7.028561387,6.124351023,7.643558956,1.844832933,1,0,1.969323048,1,1.735535589,1,7.878843402,8.549334305,"625,000.00"
17.05,1,0,3.288533063,7.422553915,3.42874365,0.209031029,5,2,0.224225553,7,0.102080252,2,4.183153917,1.893212984,"1,400,000.00"
25.74,2,0,3.750819421,7.090341751,1.668134015,1.342908267,4,1,1.538556531,1,1.538463966,1,5.698412478,4.49286357,"720,000.00"
36.09,1,0,5.192048924,16.69440877,3.421132423,4.421975181,0,0,4.992931183,0,9.219189864,0,12.72638173,10.71912836,"250,000.00"
25.74,2,0,3.750819421,7.090341751,1.668134015,1.342908267,4,1,1.538556531,1,1.538463966,1,5.698412478,4.49286357,"720,000.00"
28.22,1,2,1.15380493,7.821840894,2.501871417,2.54157815,0,0,0.260538796,1,3.935168025,0,7.1656613,5.458152126,"300,000.00"
21.89,1,1,1.73280012,3.138944863,3.532694318,0.137331208,4,0,0.166226784,3,1.761886269,1,4.511211539,3.290576454,"725,000.00"
24.82,1,0,5.090707489,0.409507119,6.811585774,0.031648336,2,1,3.055274365,0,5.118456884,0,7.133131449,4.812728716,"390,000.00"
17.41,5,1,1.151801319,10.26685355,1.765059933,0.156907115,19,1,0.240320231,7,1.560481911,1,3.102509131,3.727252772,"650,000.00"
24.82,1,0,5.090707489,0.409507119,6.811585774,0.031648336,2,1,3.055274365,0,5.118456884,0,7.133131449,4.812728716,"699,029.13"
23.32,0,0,7.028561387,6.124351023,7.643558956,1.844832933,1,0,1.969323048,1,1.735535589,1,7.878843402,8.549334305,"625,000.00"
10.17,2,0,4.058399008,4.338834957,3.691421741,0.024061544,8,3,0.20022063,7,0.081344253,2,3.520838738,1.731537463,"1,100,000.00"
15.34,5,0,2.696064051,6.132844101,0.105448493,0.204660942,10,1,0.52902818,12,0.218559789,3,2.499860496,2.543675581,"1,707,317.07"
18.85,3,0,2.75753304,6.672114016,5.148238391,0.144675834,8,2,0.49262073,12,0.048597652,2,4.401620213,1.4674653,"975,000.00"
22.39,2,0,5.350999564,4.118825144,6.739824789,1.821689416,2,0,1.602959146,2,2.940111393,0,6.361590457,3.594877933,"877,500.00"
28.22,1,2,1.15380493,7.821840894,2.501871417,2.54157815,0,0,0.260538796,1,3.935168025,0,7.1656613,5.458152126,"325,000.00"
21.21,3,0,4.001993712,5.27731528,5.682614182,1.481078738,5,0,1.358658138,7,1.820113651,1,5.62599196,3.178849578,"900,000.00"
36.09,1,0,5.192048924,16.69440877,3.421132423,4.421975181,0,0,4.992931183,0,9.219189864,0,12.72638173,10.71912836,"250,000.00"
17.66,2,0,2.766675534,1.341754436,9.982145833,0.351838973,8,1,0.22296895,5,0.044349224,1,6.270127131,4.493856946,"420,000.00"
36.09,1,0,5.192048924,16.69440877,3.421132423,4.421975181,0,0,4.992931183,0,9.219189864,0,12.72638173,10.71912836,"250,000.00"
34.52,1,0,10.86360423,17.54383842,0.032153225,0.022707491,1,0,6.08034501,0,6.910724352,0,14.5292775,10.27685828,"240,000.00"
11.35,4,0,3.232578915,6.632045539,4.07247222,0.046516086,15,2,0.275528356,11,1.185148304,2,2.127812617,1.818298797,"6,716,417.91"
22.59,1,0,4.731446487,5.842113383,5.025225136,3.189759435,0,0,3.053364406,0,3.525063347,0,5.736706006,4.444261549,"709,090.91"
24.82,1,0,5.090707489,0.409507119,6.811585774,0.031648336,2,1,3.055274365,0,5.118456884,0,7.133131449,4.812728716,"390,000.00"
36.09,1,0,5.192048924,16.69440877,3.421132423,4.421975181,0,0,4.992931183,0,9.219189864,0,12.72638173,10.71912836,"250,000.00"
5.42,23,6,0.274439339,6.485148777,0.987947003,0.216845753,46,7,0.248492837,16,0.813136894,5,0.46789424,1.120174736,"13,500,000.00"
11.35,4,0,3.232578915,6.632045539,4.07247222,0.046516086,15,2,0.275528356,11,1.185148304,2,2.127812617,1.818298797,"1,475,000.00"
22.39,2,0,5.350999564,4.118825144,6.739824789,1.821689416,2,0,1.602959146,2,2.940111393,0,6.361590457,3.594877933,"900,000.00"
11.35,4,0,3.232578915,6.632045539,4.07247222,0.046516086,15,2,0.275528356,11,1.185148304,2,2.127812617,1.818298797,"3,487,903.23"
36.09,1,0,5.192048924,16.69440877,3.421132423,4.421975181,0,0,4.992931183,0,9.219189864,0,12.72638173,10.71912836,"250,000.00"
8.43,25,5,0.68379499,8.270892022,1.393859989,0.06226201,43,10,0.220060054,23,0.776471572,5,0.656539523,1.209048532,"4,800,000.00"
10.57,11,2,0.574608738,9.365425049,0.380556553,0.053768922,31,3,0.253841443,24,0.139402968,4,0.500748682,1.59651451,"3,800,000.00"
21.21,3,0,4.001993712,5.27731528,5.682614182,1.481078738,5,0,1.358658138,7,1.820113651,1,5.62599196,3.178849578,"870,000.00"
22.61,3,0,3.998696251,2.379564136,0.489734538,0.201421298,7,2,0.014518784,4,0.899794951,1,3.99247885,2.76473027,"600,000.00"
10.57,11,2,0.574608738,9.365425049,0.380556553,0.053768922,31,3,0.253841443,24,0.139402968,4,0.500748682,1.59651451,"6,000,000.00"
21.21,3,0,4.001993712,5.27731528,5.682614182,1.481078738,5,0,1.358658138,7,1.820113651,1,5.62599196,3.178849578,"3,800,000.00"
14.29,8,0,2.210242241,12.7198494,0.570907625,0.493071529,12,1,0.450048459,9,0.475998265,3,2.72457472,3.728770782,"2,200,000.00"
34.52,1,0,10.86360423,17.54383842,0.032153225,0.022707491,1,0,6.08034501,0,6.910724352,0,14.5292775,10.27685828,"200,000.00"
12.98,0,0,2.043785258,6.936892334,0.970979431,0.592912586,15,0,0.753254352,9,1.514111406,2,2.465868046,2.904053309,"1,425,000.00"
10.96,9,1,1.555973958,11.53988387,0.42972373,0.126142707,18,1,0.460378059,12,0.545357036,3,0.891115717,1.452211198,"2,700,000.00"
17.26,6,0,3.092683935,3.716698378,0.089601941,0.104367405,10,1,0.685837638,5,0.917733437,2,2.121535646,2.422564633,"1,500,000.00"
11.35,4,0,3.232578915,6.632045539,4.07247222,0.046516086,15,2,0.275528356,11,1.185148304,2,2.127812617,1.818298797,"1,900,000.00"
20.21,1,0,4.452395666,3.231228684,9.461703594,1.564251976,1,0,1.45545367,1,1.669502034,1,6.882095043,6.69515565,"410,000.00"
21.21,3,0,4.001993712,5.27731528,5.682614182,1.481078738,5,0,1.358658138,7,1.820113651,1,5.62599196,3.178849578,"890,000.00"
9.16,19,1,0.668115654,7.480199518,0.647482412,0.047406525,38,5,0.229319769,17,1.221395666,4,1.224741756,1.856131844,"8,000,000.00"
36.09,1,0,5.192048924,16.69440877,3.421132423,4.421975181,0,0,4.992931183,0,9.219189864,0,12.72638173,10.71912836,"250,000.00"
20.21,1,0,4.452395666,3.231228684,9.461703594,1.564251976,1,0,1.45545367,1,1.669502034,1,6.882095043,6.69515565,"430,000.00"
17.66,2,0,2.766675534,1.341754436,9.982145833,0.351838973,8,1,0.22296895,5,0.044349224,1,6.270127131,4.493856946,"420,000.00"
15.38,4,0,2.481175535,7.646036685,2.195924767,1.024108324,9,1,0.602025608,14,1.679767337,1,3.495874459,2.24574176,"1,375,000.00"
8.43,25,5,0.68379499,8.270892022,1.393859989,0.06226201,43,10,0.220060054,23,0.776471572,5,0.656539523,1.209048532,"5,000,000.00"
40.83,1,0,14.93005954,23.82898426,1.067835718,2.082818379,0,1,0.453765503,2,4.023534671,0,18.54774664,8.293431494,"265,000.00"
10.96,9,1,1.555973958,11.53988387,0.42972373,0.126142707,18,1,0.460378059,12,0.545357036,3,0.891115717,1.452211198,"7,000,000.00"
8.66,9,1,0.549898445,5.213415717,1.3669029,0.064668268,9,7,0.050657848,13,2.104233363,0,1.284658669,0.825239173,"3,500,000.00"
32.72,0,0,5.980388514,15.53202167,1.009932711,1.089855937,1,0,3.205859997,0,3.378773687,0,12.39189835,10.00080272,"370,000.00"
14.19,1,0,4.333994379,4.620078445,3.239812649,0.047187666,14,1,0.207307327,9,1.832361316,1,2.853306008,2.55936892,"3,000,000.00"
11.35,4,0,3.232578915,6.632045539,4.07247222,0.046516086,15,2,0.275528356,11,1.185148304,2,2.127812617,1.818298797,"4,000,000.00"
21.21,3,0,4.001993712,5.27731528,5.682614182,1.481078738,5,0,1.358658138,7,1.820113651,1,5.62599196,3.178849578,"916,666.67"
42.89,2,0,17.30386792,25.98399192,0.638579249,0.092605017,7,3,1.670624688,2,3.822489362,0,20.27564198,8.252888495,"283,333.33"
13.53,2,1,0.713835504,8.09724348,0.918343168,0.51923542,23,1,0.470427639,14,1.383128015,3,2.56727733,2.46475222,"3,200,000.00"
16.39,1,0,3.876604793,1.871289347,3.876447241,0.024556017,1,0,1.187704419,5,0.074058786,1,3.340681566,4.15652795,"2,600,000.00"
11.35,4,0,3.232578915,6.632045539,4.07247222,0.046516086,15,2,0.275528356,11,1.185148304,2,2.127812617,1.818298797,"3,000,000.00"
15.34,5,0,2.696064051,6.132844101,0.105448493,0.204660942,10,1,0.52902818,12,0.218559789,3,2.499860496,2.543675581,"6,000,000.00"
36.09,1,0,5.192048924,16.69440877,3.421132423,4.421975181,0,0,4.992931183,0,9.219189864,0,12.72638173,10.71912836,"250,000.00"
6.54,34,5,0.725332998,4.402258748,0.777008918,0.041972278,29,16,0.398012992,16,0.373267956,6,0.722986475,0.585683793,"5,300,000.00"
10.96,9,1,1.555973958,11.53988387,0.42972373,0.126142707,18,1,0.460378059,12,0.545357036,3,0.891115717,1.452211198,"3,500,000.00"
14.94,4,3,1.325521262,3.332054051,6.321523914,0.125554587,9,0,0.297162444,10,0.3277186,2,3.835218788,3.420543751,"1,200,000.00"
15.34,5,0,2.696064051,6.132844101,0.105448493,0.204660942,10,1,0.52902818,12,0.218559789,3,2.499860496,2.543675581,"2,000,000.00"
14.19,1,0,4.333994379,4.620078445,3.239812649,0.047187666,14,1,0.207307327,9,1.832361316,1,2.853306008,2.55936892,"2,600,000.00"
11.82,0,0,44.09041707,23.87619254,29.9865024,41.00006341,0,0,27.59853886,0,44.43829173,0,46.80715227,38.6255204,"4,400,000.00"
9.16,19,1,0.668115654,7.480199518,0.647482412,0.047406525,38,5,0.229319769,17,1.221395666,4,1.224741756,1.856131844,"4,500,000.00"
9.16,19,1,0.668115654,7.480199518,0.647482412,0.047406525,38,5,0.229319769,17,1.221395666,4,1.224741756,1.856131844,"4,000,000.00"
17.66,2,0,2.766675534,1.341754436,9.982145833,0.351838973,8,1,0.22296895,5,0.044349224,1,6.270127131,4.493856946,"625,000.00"
23.32,0,0,7.028561387,6.124351023,7.643558956,1.844832933,1,0,1.969323048,1,1.735535589,1,7.878843402,8.549334305,"450,000.00"
14.19,1,0,4.333994379,4.620078445,3.239812649,0.047187666,14,1,0.207307327,9,1.832361316,1,2.853306008,2.55936892,"450,000.00"
22.61,3,0,3.998696251,2.379564136,0.489734538,0.201421298,7,2,0.014518784,4,0.899794951,1,3.99247885,2.76473027,"325,000.00"
11.35,4,0,3.232578915,6.632045539,4.07247222,0.046516086,15,2,0.275528356,11,1.185148304,2,2.127812617,1.818298797,"3,200,000.00"
10.57,11,2,0.574608738,9.365425049,0.380556553,0.053768922,31,3,0.253841443,24,0.139402968,4,0.500748682,1.59651451,"2,800,000.00"
12.98,0,0,2.043785258,6.936892334,0.970979431,0.592912586,15,0,0.753254352,9,1.514111406,2,2.465868046,2.904053309,"1,550,000.00"
21.21,3,0,4.001993712,5.27731528,5.682614182,1.481078738,5,0,1.358658138,7,1.820113651,1,5.62599196,3.178849578,"900,000.00"
18.85,3,0,2.75753304,6.672114016,5.148238391,0.144675834,8,2,0.49262073,12,0.048597652,2,4.401620213,1.4674653,"921,053.00"
18.85,3,0,2.75753304,6.672114016,5.148238391,0.144675834,8,2,0.49262073,12,0.048597652,2,4.401620213,1.4674653,"1,000,000.00"
21.5,0,0,5.374796464,4.330842323,8.553697374,0.085015366,1,0,0.078489009,1,0.196379228,1,7.263013641,7.777173725,"395,000.00"
21.21,3,0,4.001993712,5.27731528,5.682614182,1.481078738,5,0,1.358658138,7,1.820113651,1,5.62599196,3.178849578,"700,000.00"
22.39,2,0,5.350999564,4.118825144,6.739824789,1.821689416,2,0,1.602959146,2,2.940111393,0,6.361590457,3.594877933,"886,500.00"
12.9,2,0,2.352940629,3.590158666,6.306950893,1.413473849,2,2,0.507829617,3,1.181593513,2,4.365703146,2.469001486,"2,325,581.40"
10.57,11,2,0.574608738,9.365425049,0.380556553,0.053768922,31,3,0.253841443,24,0.139402968,4,0.500748682,1.59651451,"3,200,000.00"
12.9,2,0,2.352940629,3.590158666,6.306950893,1.413473849,2,2,0.507829617,3,1.181593513,2,4.365703146,2.469001486,"500,000.00"
32.72,0,0,5.980388514,15.53202167,1.009932711,1.089855937,1,0,3.205859997,0,3.378773687,0,12.39189835,10.00080272,"370,000.00"
14.94,4,3,1.325521262,3.332054051,6.321523914,0.125554587,9,0,0.297162444,10,0.3277186,2,3.835218788,3.420543751,"1,300,000.00"
22.39,2,0,5.350999564,4.118825144,6.739824789,1.821689416,2,0,1.602959146,2,2.940111393,0,6.361590457,3.594877933,"925,000.00"
17.66,2,0,2.766675534,1.341754436,9.982145833,0.351838973,8,1,0.22296895,5,0.044349224,1,6.270127131,4.493856946,"450,000.00"
22.39,2,0,5.350999564,4.118825144,6.739824789,1.821689416,2,0,1.602959146,2,2.940111393,0,6.361590457,3.594877933,"865,500.00"
23.65,1,0,6.293782293,4.0924518,6.75423149,3.113434999,0,0,2.887802918,0,4.196443454,0,7.250108037,4.444523159,"858,208.96"
17.66,2,0,2.766675534,1.341754436,9.982145833,0.351838973,8,1,0.22296895,5,0.044349224,1,6.270127131,4.493856946,"450,000.00"
22.39,2,0,5.350999564,4.118825144,6.739824789,1.821689416,2,0,1.602959146,2,2.940111393,0,6.361590457,3.594877933,"828,358.21"
22.39,2,0,5.350999564,4.118825144,6.739824789,1.821689416,2,0,1.602959146,2,2.940111393,0,6.361590457,3.594877933,"890,000.00"
15.38,5,0,2.892946748,5.916680103,0.258640378,0.361917499,10,1,0.753042303,13,0.451739087,3,2.485672348,2.708729887,"2,000,000.00"
42.89,2,0,17.30386792,25.98399192,0.638579249,0.092605017,7,3,1.670624688,2,3.822489362,0,20.27564198,8.252888495,"190,000.00"
17.66,2,0,2.766675534,1.341754436,9.982145833,0.351838973,8,1,0.22296895,5,0.044349224,1,6.270127131,4.493856946,"425,000.00"
42.89,2,0,17.30386792,25.98399192,0.638579249,0.092605017,7,3,1.670624688,2,3.822489362,0,20.27564198,8.252888495,"430,000.00"
23.79,1,0,3.495002423,3.317077568,3.931243406,2.171289137,0,0,0.536616073,2,2.688005657,0,5.500983246,4.276389115,"395,000.00"
11.35,4,0,3.232578915,6.632045539,4.07247222,0.046516086,15,2,0.275528356,11,1.185148304,2,2.127812617,1.818298797,"2,800,000.00"
22.59,1,0,4.731446487,5.842113383,5.025225136,3.189759435,0,0,3.053364406,0,3.525063347,0,5.736706006,4.444261549,"895,000.00"
22.59,1,0,4.731446487,5.842113383,5.025225136,3.189759435,0,0,3.053364406,0,3.525063347,0,5.736706006,4.444261549,"892,307.69"
23.32,0,0,7.028561387,6.124351023,7.643558956,1.844832933,1,0,1.969323048,1,1.735535589,1,7.878843402,8.549334305,"450,000.00"
12.89,7,0,2.847591288,12.64244388,0.528389071,0.028453853,12,2,0.113299872,20,1.052875673,5,1.58575455,3.057863335,"2,400,000.00"
19.88,4,1,1.514848549,0.984196476,0.596317226,0.864897004,7,1,0.670444824,6,0.139079465,5,3.013258588,1.719960174,"4,000,000.00"
17.66,2,0,2.766675534,1.341754436,9.982145833,0.351838973,8,1,0.22296895,5,0.044349224,1,6.270127131,4.493856946,"435,000.00"
12.89,7,0,2.847591288,12.64244388,0.528389071,0.028453853,12,2,0.113299872,20,1.052875673,5,1.58575455,3.057863335,"2,500,000.00"
14.29,8,0,2.210242241,12.7198494,0.570907625,0.493071529,12,1,0.450048459,9,0.475998265,3,2.72457472,3.728770782,"1,500,000.00"
24.82,1,0,5.090707489,0.409507119,6.811585774,0.031648336,2,1,3.055274365,0,5.118456884,0,7.133131449,4.812728716,"395,000.00"
22.39,2,0,5.350999564,4.118825144,6.739824789,1.821689416,2,0,1.602959146,2,2.940111393,0,6.361590457,3.594877933,"870,000.00"
24.82,1,0,5.090707489,0.409507119,6.811585774,0.031648336,2,1,3.055274365,0,5.118456884,0,7.133131449,4.812728716,"395,000.00"
21.5,0,0,5.374796464,4.330842323,8.553697374,0.085015366,1,0,0.078489009,1,0.196379228,1,7.263013641,7.777173725,"600,000.00"
25.74,2,0,3.750819421,7.090341751,1.668134015,1.342908267,4,1,1.538556531,1,1.538463966,1,5.698412478,4.49286357,"300,000.00"
23.32,0,0,7.028561387,6.124351023,7.643558956,1.844832933,1,0,1.969323048,1,1.735535589,1,7.878843402,8.549334305,"600,000.00"
20.21,1,0,4.452395666,3.231228684,9.461703594,1.564251976,1,0,1.45545367,1,1.669502034,1,6.882095043,6.69515565,"420,000.00"
23.32,0,0,7.028561387,6.124351023,7.643558956,1.844832933,1,0,1.969323048,1,1.735535589,1,7.878843402,8.549334305,"625,000.00"
23.32,0,0,7.028561387,6.124351023,7.643558956,1.844832933,1,0,1.969323048,1,1.735535589,1,7.878843402,8.549334305,"590,000.00"
23.32,0,0,7.028561387,6.124351023,7.643558956,1.844832933,1,0,1.969323048,1,1.735535589,1,7.878843402,8.549334305,"590,000.00"
23.32,0,0,7.028561387,6.124351023,7.643558956,1.844832933,1,0,1.969323048,1,1.735535589,1,7.878843402,8.549334305,"590,000.00"
4.22,22,2,1.467277947,5.676326993,0.379336786,0.083896065,46,9,0.234180842,17,0.836102939,4,0.648388584,1.199440728,"16,500,000.00"
10.57,11,2,0.574608738,9.365425049,0.380556553,0.053768922,31,3,0.253841443,24,0.139402968,4,0.500748682,1.59651451,"3,493,699.89"
18.85,3,0,2.75753304,6.672114016,5.148238391,0.144675834,8,2,0.49262073,12,0.048597652,2,4.401620213,1.4674653,"1,000,000.00"
21.21,3,0,4.001993712,5.27731528,5.682614182,1.481078738,5,0,1.358658138,7,1.820113651,1,5.62599196,3.178849578,"900,000.00"
34.52,1,0,10.86360423,17.54383842,0.032153225,0.022707491,1,0,6.08034501,0,6.910724352,0,14.5292775,10.27685828,"215,000.00"
11.88,9,2,1.412228981,9.949975211,1.714054755,1.241304091,21,3,0.603966541,23,1.196047358,5,1.353496396,2.372959813,"2,150,000.00"
34.52,1,0,10.86360423,17.54383842,0.032153225,0.022707491,1,0,6.08034501,0,6.910724352,0,14.5292775,10.27685828,"218,000.00"
20.21,1,0,4.452395666,3.231228684,9.461703594,1.564251976,1,0,1.45545367,1,1.669502034,1,6.882095043,6.69515565,"425,000.00"
9.16,19,1,0.668115654,7.480199518,0.647482412,0.047406525,38,5,0.229319769,17,1.221395666,4,1.224741756,1.856131844,"4,800,000.00"
11.35,4,0,3.232578915,6.632045539,4.07247222,0.046516086,15,2,0.275528356,11,1.185148304,2,2.127812617,1.818298797,"2,650,000.00"
16.09,3,0,3.208475819,1.913461191,4.504202007,0.650961654,6,0,0.789134066,7,0.681933388,1,3.638046775,4.035968273,"1,800,000.00"
11.35,4,0,3.232578915,6.632045539,4.07247222,0.046516086,15,2,0.275528356,11,1.185148304,2,2.127812617,1.818298797,"3,000,000.00"
22.39,2,0,5.350999564,4.118825144,6.739824789,1.821689416,2,0,1.602959146,2,2.940111393,0,6.361590457,3.594877933,"876,500.00"
23.32,0,0,7.028561387,6.124351023,7.643558956,1.844832933,1,0,1.969323048,1,1.735535589,1,7.878843402,8.549334305,"650,000.00"
23.32,0,0,7.028561387,6.124351023,7.643558956,1.844832933,1,0,1.969323048,1,1.735535589,1,7.878843402,8.549334305,"630,000.00"
23.32,0,0,7.028561387,6.124351023,7.643558956,1.844832933,1,0,1.969323048,1,1.735535589,1,7.878843402,8.549334305,"625,000.00"
18.85,3,0,2.75753304,6.672114016,5.148238391,0.144675834,8,2,0.49262073,12,0.048597652,2,4.401620213,1.4674653,"500,000.00"
32.72,0,0,5.980388514,15.53202167,1.009932711,1.089855937,1,0,3.205859997,0,3.378773687,0,12.39189835,10.00080272,"115,000.00"
23.79,1,0,3.495002423,3.317077568,3.931243406,2.171289137,0,0,0.536616073,2,2.688005657,0,5.500983246,4.276389115,"400,000.00"
26.68,0,0,3.18607699,4.713399699,5.211530471,4.438861782,0,0,3.463452279,0,4.105365541,0,7.515233246,6.442885101,"380,000.00"
10.96,9,1,1.555973958,11.53988387,0.42972373,0.126142707,18,1,0.460378059,12,0.545357036,3,0.891115717,1.452211198,"3,214,285.71"
21.5,0,0,5.374796464,4.330842323,8.553697374,0.085015366,1,0,0.078489009,1,0.196379228,1,7.263013641,7.777173725,"410,000.00"
10.57,11,2,0.574608738,9.365425049,0.380556553,0.053768922,31,3,0.253841443,24,0.139402968,4,0.500748682,1.59651451,"6,500,000.00"
9.16,19,1,0.668115654,7.480199518,0.647482412,0.047406525,38,5,0.229319769,17,1.221395666,4,1.224741756,1.856131844,"3,900,000.00"
12.89,7,0,2.847591288,12.64244388,0.528389071,0.028453853,12,2,0.113299872,20,1.052875673,5,1.58575455,3.057863335,"1,900,000.00"
4.65,45,2,1.31096963,3.666523287,0.237042731,0.319050688,71,14,0.127508492,16,0.527304778,8,0.768026527,0.568819294,"6,000,000.00"
26.68,0,0,3.18607699,4.713399699,5.211530471,4.438861782,0,0,3.463452279,0,4.105365541,0,7.515233246,6.442885101,"325,000.00"
18.85,3,0,2.75753304,6.672114016,5.148238391,0.144675834,8,2,0.49262073,12,0.048597652,2,4.401620213,1.4674653,"900,000.00"
21.21,3,0,4.001993712,5.27731528,5.682614182,1.481078738,5,0,1.358658138,7,1.820113651,1,5.62599196,3.178849578,"900,000.00"
25.91,2,2,0.770564739,5.442128017,2.425299821,2.68514114,0,0,2.119728706,0,2.78061435,0,5.68174556,4.911417308,"45,000.00"
25.91,2,2,0.770564739,5.442128017,2.425299821,2.68514114,0,0,2.119728706,0,2.78061435,0,5.68174556,4.911417308,"450,000.00"
21.21,3,0,4.001993712,5.27731528,5.682614182,1.481078738,5,0,1.358658138,7,1.820113651,1,5.62599196,3.178849578,"861,538.46"
23.32,0,0,7.028561387,6.124351023,7.643558956,1.844832933,1,0,1.969323048,1,1.735535589,1,7.878843402,8.549334305,"425,000.00"
21.21,3,0,4.001993712,5.27731528,5.682614182,1.481078738,5,0,1.358658138,7,1.820113651,1,5.62599196,3.178849578,"859,000.00"
22.59,1,0,4.731446487,5.842113383,5.025225136,3.189759435,0,0,3.053364406,0,3.525063347,0,5.736706006,4.444261549,"835,820.90"
10.57,11,2,0.574608738,9.365425049,0.380556553,0.053768922,31,3,0.253841443,24,0.139402968,4,0.500748682,1.59651451,"3,650,000.00"
23.32,0,0,7.028561387,6.124351023,7.643558956,1.844832933,1,0,1.969323048,1,1.735535589,1,7.878843402,8.549334305,"623,015.87"
23.32,0,0,7.028561387,6.124351023,7.643558956,1.844832933,1,0,1.969323048,1,1.735535589,1,7.878843402,8.549334305,"640,476.19"
23.32,0,0,7.028561387,6.124351023,7.643558956,1.844832933,1,0,1.969323048,1,1.735535589,1,7.878843402,8.549334305,"630,952.38"
23.32,0,0,7.028561387,6.124351023,7.643558956,1.844832933,1,0,1.969323048,1,1.735535589,1,7.878843402,8.549334305,"634,920.63"
23.32,0,0,7.028561387,6.124351023,7.643558956,1.844832933,1,0,1.969323048,1,1.735535589,1,7.878843402,8.549334305,"623,188.41"
11.35,4,0,3.232578915,6.632045539,4.07247222,0.046516086,15,2,0.275528356,11,1.185148304,2,2.127812617,1.818298797,"2,000,000.00"
21.89,1,1,1.73280012,3.138944863,3.532694318,0.137331208,4,0,0.166226784,3,1.761886269,1,4.511211539,3.290576454,"750,000.00"
10.96,9,1,1.555973958,11.53988387,0.42972373,0.126142707,18,1,0.460378059,12,0.545357036,3,0.891115717,1.452211198,"2,500,000.00"
25.38,0,0,5.675858887,7.638279964,3.63546643,3.219148509,0,0,3.246618594,0,3.363830203,0,6.78969537,5.686850633,"157,500.00"
12.76,2,0,3.451188718,6.068423112,2.350095105,1.225216639,17,2,1.004871588,8,0.651363299,2,2.259273367,2.561824923,"2,100,000.00"
22.48,1,0,5.025437008,4.526230179,2.158402885,2.639915599,0,0,0.360470047,1,2.521308465,0,4.82621559,4.51951349,"465,000.00"
8.43,25,5,0.68379499,8.270892022,1.393859989,0.06226201,43,10,0.220060054,23,0.776471572,5,0.656539523,1.209048532,"5,500,000.00"
16.39,1,0,3.876604793,1.871289347,3.876447241,0.024556017,1,0,1.187704419,5,0.074058786,1,3.340681566,4.15652795,"1,250,000.00"
14.94,4,3,1.325521262,3.332054051,6.321523914,0.125554587,9,0,0.297162444,10,0.3277186,2,3.835218788,3.420543751,"1,980,000.00"
20.21,1,0,4.452395666,3.231228684,9.461703594,1.564251976,1,0,1.45545367,1,1.669502034,1,6.882095043,6.69515565,"350,000.00"
14.25,3,3,0.833818104,3.171885348,7.325142495,1.087700729,9,1,1.126143462,8,0.799673076,2,4.205907129,3.303200657,"1,275,000.00"
10.64,6,0,2.246210381,8.09204828,1.80277564,0.069620362,22,0,0.265138276,16,0.346100643,2,1.203411373,2.706880853,"3,000,000.00"
26.73,2,0,2.277565832,7.139742484,0.085556088,0.046381217,4,0,2.02374757,0,1.820775485,1,5.850247893,4.425054309,"425,000.00"
10.64,6,0,2.246210381,8.09204828,1.80277564,0.069620362,22,0,0.265138276,16,0.346100643,2,1.203411373,2.706880853,"4,700,000.00"
42.89,2,0,17.30386792,25.98399192,0.638579249,0.092605017,7,3,1.670624688,2,3.822489362,0,20.27564198,8.252888495,"50,000.00"
11.35,4,0,3.232578915,6.632045539,4.07247222,0.046516086,15,2,0.275528356,11,1.185148304,2,2.127812617,1.818298797,"1,575,000.00"
12.89,7,0,2.847591288,12.64244388,0.528389071,0.028453853,12,2,0.113299872,20,1.052875673,5,1.58575455,3.057863335,"2,200,000.00"
14.19,1,0,4.333994379,4.620078445,3.239812649,0.047187666,14,1,0.207307327,9,1.832361316,1,2.853306008,2.55936892,"2,500,000.00"
24.82,1,0,5.090707489,0.409507119,6.811585774,0.031648336,2,1,3.055274365,0,5.118456884,0,7.133131449,4.812728716,"395,000.00"
14.25,3,3,0.833818104,3.171885348,7.325142495,1.087700729,9,1,1.126143462,8,0.799673076,2,4.205907129,3.303200657,"2,000,000.00"
9.16,19,1,0.668115654,7.480199518,0.647482412,0.047406525,38,5,0.229319769,17,1.221395666,4,1.224741756,1.856131844,"3,800,000.00"
23.32,0,0,7.028561387,6.124351023,7.643558956,1.844832933,1,0,1.969323048,1,1.735535589,1,7.878843402,8.549334305,"450,000.00"
14.19,1,0,4.333994379,4.620078445,3.239812649,0.047187666,14,1,0.207307327,9,1.832361316,1,2.853306008,2.55936892,"4,200,000.00"
36.64,0,0,8.877577623,13.86521075,7.511854,7.594352849,0,0,7.948173336,0,8.51928028,0,14.58473289,11.76180397,"185,000.00"
10.64,6,0,2.246210381,8.09204828,1.80277564,0.069620362,22,0,0.265138276,16,0.346100643,2,1.203411373,2.706880853,"3,200,000.00"
12.89,7,0,2.847591288,12.64244388,0.528389071,0.028453853,12,2,0.113299872,20,1.052875673,5,1.58575455,3.057863335,"3,000,000.00"
10.57,11,2,0.574608738,9.365425049,0.380556553,0.053768922,31,3,0.253841443,24,0.139402968,4,0.500748682,1.59651451,"5,500,000.00"
23.32,0,0,7.028561387,6.124351023,7.643558956,1.844832933,1,0,1.969323048,1,1.735535589,1,7.878843402,8.549334305,"620,000.00"
16.39,1,0,3.876604793,1.871289347,3.876447241,0.024556017,1,0,1.187704419,5,0.074058786,1,3.340681566,4.15652795,"1,060,000.00"
17.66,2,0,2.766675534,1.341754436,9.982145833,0.351838973,8,1,0.22296895,5,0.044349224,1,6.270127131,4.493856946,"416,666.67"
36.09,1,0,5.192048924,16.69440877,3.421132423,4.421975181,0,0,4.992931183,0,9.219189864,0,12.72638173,10.71912836,"250,000.00"
36.09,1,0,5.192048924,16.69440877,3.421132423,4.421975181,0,0,4.992931183,0,9.219189864,0,12.72638173,10.71912836,"275,000.00"
6.54,34,5,0.725332998,4.402258748,0.777008918,0.041972278,29,16,0.398012992,16,0.373267956,6,0.722986475,0.585683793,"5,200,000.00"
4.22,22,2,1.467277947,5.676326993,0.379336786,0.083896065,46,9,0.234180842,17,0.836102939,4,0.648388584,1.199440728,"11,500,000.00"
6.89,5,0,3.717758587,0.88874305,1.423243732,0.999755514,17,1,1.255491869,4,0.870345501,4,2.914685377,2.725919577,"4,500,000.00"
17.66,2,0,2.766675534,1.341754436,9.982145833,0.351838973,8,1,0.22296895,5,0.044349224,1,6.270127131,4.493856946,"420,000.00"
6.54,34,5,0.725332998,4.402258748,0.777008918,0.041972278,29,16,0.398012992,16,0.373267956,6,0.722986475,0.585683793,"15,000,000.00"
17.66,2,0,2.766675534,1.341754436,9.982145833,0.351838973,8,1,0.22296895,5,0.044349224,1,6.270127131,4.493856946,"420,000.00"
9.61,2,0,4.418797371,3.481613553,2.679374305,1.038703539,5,1,1.06259087,5,1.092881018,2,3.833930644,2.189414859,"6,000,000.00"
14.19,1,0,4.333994379,4.620078445,3.239812649,0.047187666,14,1,0.207307327,9,1.832361316,1,2.853306008,2.55936892,"1,490,000.00"
23.32,0,0,7.028561387,6.124351023,7.643558956,1.844832933,1,0,1.969323048,1,1.735535589,1,7.878843402,8.549334305,"590,000.00"
10.96,9,1,1.555973958,11.53988387,0.42972373,0.126142707,18,1,0.460378059,12,0.545357036,3,0.891115717,1.452211198,"3,000,000.00"
8.15,19,4,1.142526683,9.155040562,0.029733581,0.369539052,24,5,0.750590563,12,1.16763043,2,0.670066212,1.155265795,"12,500,000.00"
22.39,2,0,5.350999564,4.118825144,6.739824789,1.821689416,2,0,1.602959146,2,2.940111393,0,6.361590457,3.594877933,"882,000.00"
19.36,4,0,3.697359162,5.790118043,5.087375877,0.644358863,11,2,0.558162696,10,0.643006295,2,4.761794422,2.109711324,"1,200,000.00"
34.52,1,0,10.86360423,17.54383842,0.032153225,0.022707491,1,0,6.08034501,0,6.910724352,0,14.5292775,10.27685828,"218,000.00"
36.09,1,0,5.192048924,16.69440877,3.421132423,4.421975181,0,0,4.992931183,0,9.219189864,0,12.72638173,10.71912836,"275,000.00"
23.32,0,0,7.028561387,6.124351023,7.643558956,1.844832933,1,0,1.969323048,1,1.735535589,1,7.878843402,8.549334305,"590,000.00"
18.22,2,0,3.218733384,5.050106602,2.905410688,2.464115194,0,1,0.992702223,6,2.447235159,0,3.630156167,2.458839037,"925,000.00"
22.59,1,0,4.731446487,5.842113383,5.025225136,3.189759435,0,0,3.053364406,0,3.525063347,0,5.736706006,4.444261549,"350,000.00"
18.85,3,0,2.75753304,6.672114016,5.148238391,0.144675834,8,2,0.49262073,12,0.048597652,2,4.401620213,1.4674653,"900,000.00"
31.51,1,1,1.381423128,12.16728407,0.149133019,0.047108561,5,1,0.395558833,1,6.762905565,0,9.361162257,6.139936373,"250,000.00"
36.64,0,0,8.877577623,13.86521075,7.511854,7.594352849,0,0,7.948173336,0,8.51928028,0,14.58473289,11.76180397,"500,000.00"
21.21,3,0,4.001993712,5.27731528,5.682614182,1.481078738,5,0,1.358658138,7,1.820113651,1,5.62599196,3.178849578,"895,000.00"
21.21,3,0,4.001993712,5.27731528,5.682614182,1.481078738,5,0,1.358658138,7,1.820113651,1,5.62599196,3.178849578,"916,666.67"
8.43,25,5,0.68379499,8.270892022,1.393859989,0.06226201,43,10,0.220060054,23,0.776471572,5,0.656539523,1.209048532,"2,750,000.00"
22.39,2,0,5.350999564,4.118825144,6.739824789,1.821689416,2,0,1.602959146,2,2.940111393,0,6.361590457,3.594877933,"907,692.31"
36.09,1,0,5.192048924,16.69440877,3.421132423,4.421975181,0,0,4.992931183,0,9.219189864,0,12.72638173,10.71912836,"250,000.00"
23.32,0,0,7.028561387,6.124351023,7.643558956,1.844832933,1,0,1.969323048,1,1.735535589,1,7.878843402,8.549334305,"625,000.00"
22.59,1,0,4.731446487,5.842113383,5.025225136,3.189759435,0,0,3.053364406,0,3.525063347,0,5.736706006,4.444261549,"900,000.00"
8.43,25,5,0.68379499,8.270892022,1.393859989,0.06226201,43,10,0.220060054,23,0.776471572,5,0.656539523,1.209048532,"11,968,503.94"
7.57,26,6,0.194328801,7.759564862,1.511477789,0.344641591,43,10,0.118453506,18,0.085681338,5,0.241442313,1.261456637,"6,000,000.00"
36.09,1,0,5.192048924,16.69440877,3.421132423,4.421975181,0,0,4.992931183,0,9.219189864,0,12.72638173,10.71912836,"250,000.00"
18.85,3,0,2.75753304,6.672114016,5.148238391,0.144675834,8,2,0.49262073,12,0.048597652,2,4.401620213,1.4674653,"1,000,000.00"
18.85,3,0,2.75753304,6.672114016,5.148238391,0.144675834,8,2,0.49262073,12,0.048597652,2,4.401620213,1.4674653,"895,000.00"
13.07,3,1,0.863181347,9.317309022,1.958732342,0.893361754,19,1,0.19376073,17,0.046474146,2,2.271181203,2.501293913,"2,600,000.00"
22.59,1,0,4.731446487,5.842113383,5.025225136,3.189759435,0,0,3.053364406,0,3.525063347,0,5.736706006,4.444261549,"865,500.00"
14.94,4,3,1.325521262,3.332054051,6.321523914,0.125554587,9,0,0.297162444,10,0.3277186,2,3.835218788,3.420543751,"836,363.64"
21.21,3,0,4.001993712,5.27731528,5.682614182,1.481078738,5,0,1.358658138,7,1.820113651,1,5.62599196,3.178849578,"890,000.00"
19.59,1,0,4.65088748,1.626447486,3.488327488,0.0702284,6,0,0.225418134,4,0.132466919,1,3.752484608,4.569323338,"640,000.00"
14.19,1,0,4.333994379,4.620078445,3.239812649,0.047187666,14,1,0.207307327,9,1.832361316,1,2.853306008,2.55936892,"2,550,000.00"
9.16,19,1,0.668115654,7.480199518,0.647482412,0.047406525,38,5,0.229319769,17,1.221395666,4,1.224741756,1.856131844,"2,600,000.00"
14.19,1,0,4.333994379,4.620078445,3.239812649,0.047187666,14,1,0.207307327,9,1.832361316,1,2.853306008,2.55936892,"2,000,000.00"
11.35,4,0,3.232578915,6.632045539,4.07247222,0.046516086,15,2,0.275528356,11,1.185148304,2,2.127812617,1.818298797,"2,700,000.00"
22.39,2,0,5.350999564,4.118825144,6.739824789,1.821689416,2,0,1.602959146,2,2.940111393,0,6.361590457,3.594877933,"850,000.00"
22.59,1,0,4.731446487,5.842113383,5.025225136,3.189759435,0,0,3.053364406,0,3.525063347,0,5.736706006,4.444261549,"875,000.00"
21.21,3,0,4.001993712,5.27731528,5.682614182,1.481078738,5,0,1.358658138,7,1.820113651,1,5.62599196,3.178849578,"865,000.00"
21.21,3,0,4.001993712,5.27731528,5.682614182,1.481078738,5,0,1.358658138,7,1.820113651,1,5.62599196,3.178849578,"877,238.81"
11.88,9,2,1.412228981,9.949975211,1.714054755,1.241304091,21,3,0.603966541,23,1.196047358,5,1.353496396,2.372959813,"5,000,000.00"
22.39,2,0,5.350999564,4.118825144,6.739824789,1.821689416,2,0,1.602959146,2,2.940111393,0,6.361590457,3.594877933,"136,923.08"
10.56,10,2,0.1918214,9.666038251,0.888089233,0.089743676,25,3,0.100129552,24,0.129686103,4,0.634317711,1.338208605,"41,000,000.00"
17.26,6,0,3.092683935,3.716698378,0.089601941,0.104367405,10,1,0.685837638,5,0.917733437,2,2.121535646,2.422564633,"225,000.00"
12.89,7,0,2.847591288,12.64244388,0.528389071,0.028453853,12,2,0.113299872,20,1.052875673,5,1.58575455,3.057863335,"3,000,000.00"
14.19,1,0,4.333994379,4.620078445,3.239812649,0.047187666,14,1,0.207307327,9,1.832361316,1,2.853306008,2.55936892,"450,000.00"
15.38,4,0,2.481175535,7.646036685,2.195924767,1.024108324,9,1,0.602025608,14,1.679767337,1,3.495874459,2.24574176,"1,500,000.00"
19.47,0,0,2.456953292,4.513380733,3.451780696,2.354023334,0,1,0.809154273,3,2.421265506,0,4.249606847,3.133401021,"850,000.00"
18.23,4,0,3.864011678,6.553311579,3.869207751,1.454507738,9,2,0.699815373,8,1.390398592,3,4.402726323,1.915670097,"1,550,000.00"
13.84,4,1,1.567344475,7.205728047,0.448858811,0.827048891,21,0,0.468661985,11,1.282210246,2,2.551004374,2.546138863,"1,950,000.00"
12.33,2,0,2.216335227,10.78298116,2.488634494,0.563184515,6,1,0.118275163,14,1.530461182,3,2.296689022,2.50602809,"2,500,000.00"
10.3,15,2,1.59352339,8.252641545,1.126814689,0.547694489,25,2,0.435381787,18,0.978440306,3,1.083609135,2.184000564,"3,000,000.00"
20.21,1,0,4.452395666,3.231228684,9.461703594,1.564251976,1,0,1.45545367,1,1.669502034,1,6.882095043,6.69515565,"795,000.00"
22.48,1,0,5.025437008,4.526230179,2.158402885,2.639915599,0,0,0.360470047,1,2.521308465,0,4.82621559,4.51951349,"380,000.00"
21.21,3,0,4.001993712,5.27731528,5.682614182,1.481078738,5,0,1.358658138,7,1.820113651,1,5.62599196,3.178849578,"916,666.67"
22.39,2,0,5.350999564,4.118825144,6.739824789,1.821689416,2,0,1.602959146,2,2.940111393,0,6.361590457,3.594877933,"885,000.00"
22.59,1,0,4.731446487,5.842113383,5.025225136,3.189759435,0,0,3.053364406,0,3.525063347,0,5.736706006,4.444261549,"895,000.00"
23.32,0,0,7.028561387,6.124351023,7.643558956,1.844832933,1,0,1.969323048,1,1.735535589,1,7.878843402,8.549334305,"625,000.00"
22.39,2,0,5.350999564,4.118825144,6.739824789,1.821689416,2,0,1.602959146,2,2.940111393,0,6.361590457,3.594877933,"878,000.00"
18.85,3,0,2.75753304,6.672114016,5.148238391,0.144675834,8,2,0.49262073,12,0.048597652,2,4.401620213,1.4674653,"19,500,000.00"
23.32,0,0,7.028561387,6.124351023,7.643558956,1.844832933,1,0,1.969323048,1,1.735535589,1,7.878843402,8.549334305,"590,909.09"
15.79,2,1,1.603867054,9.009921464,3.884337052,1.648866988,2,1,0.584346209,6,1.689496882,1,3.966453683,2.378807238,"1,300,000.00"
23.32,0,0,7.028561387,6.124351023,7.643558956,1.844832933,1,0,1.969323048,1,1.735535589,1,7.878843402,8.549334305,"945,454.55"
9.16,19,1,0.668115654,7.480199518,0.647482412,0.047406525,38,5,0.229319769,17,1.221395666,4,1.224741756,1.856131844,"5,200,000.00"
23.19,0,0,6.881585224,5.805024232,4.826494815,3.753772636,0,0,3.51347514,0,3.702392512,0,6.452242016,6.599959383,"380,000.00"
10.96,9,1,1.555973958,11.53988387,0.42972373,0.126142707,18,1,0.460378059,12,0.545357036,3,0.891115717,1.452211198,"3,600,000.00"
23.32,0,0,7.028561387,6.124351023,7.643558956,1.844832933,1,0,1.969323048,1,1.735535589,1,7.878843402,8.549334305,"608,695.65"
23.32,0,0,7.028561387,6.124351023,7.643558956,1.844832933,1,0,1.969323048,1,1.735535589,1,7.878843402,8.549334305,"584,057.97"
23.32,0,0,7.028561387,6.124351023,7.643558956,1.844832933,1,0,1.969323048,1,1.735535589,1,7.878843402,8.549334305,"634,920.63"
23.32,0,0,7.028561387,6.124351023,7.643558956,1.844832933,1,0,1.969323048,1,1.735535589,1,7.878843402,8.549334305,"625,954.20"
6.73,6,1,1.300993752,2.160657347,2.397392981,0.538187595,7,1,0.543993094,3,1.249144145,1,3.195450231,4.125546371,"2,950,000.00"
23.32,0,0,7.028561387,6.124351023,7.643558956,1.844832933,1,0,1.969323048,1,1.735535589,1,7.878843402,8.549334305,"442,708.33"
13.98,1,1,1.440497502,8.830429042,2.212403368,0.071858443,10,2,0.100746527,11,0.886448814,1,2.748057643,2.54970663,"1,175,000.00"
22.39,2,0,5.350999564,4.118825144,6.739824789,1.821689416,2,0,1.602959146,2,2.940111393,0,6.361590457,3.594877933,"810,606.06"
18.85,3,0,2.75753304,6.672114016,5.148238391,0.144675834,8,2,0.49262073,12,0.048597652,2,4.401620213,1.4674653,"865,500.00"
21.21,3,0,4.001993712,5.27731528,5.682614182,1.481078738,5,0,1.358658138,7,1.820113651,1,5.62599196,3.178849578,"828,358.21"
22.39,2,0,5.350999564,4.118825144,6.739824789,1.821689416,2,0,1.602959146,2,2.940111393,0,6.361590457,3.594877933,"882,500.00"
17.66,2,0,2.766675534,1.341754436,9.982145833,0.351838973,8,1,0.22296895,5,0.044349224,1,6.270127131,4.493856946,"555,555.56"
11.35,4,0,3.232578915,6.632045539,4.07247222,0.046516086,15,2,0.275528356,11,1.185148304,2,2.127812617,1.818298797,"2,300,000.00"
23.32,0,0,7.028561387,6.124351023,7.643558956,1.844832933,1,0,1.969323048,1,1.735535589,1,7.878843402,8.549334305,"450,000.00"
14.94,4,3,1.325521262,3.332054051,6.321523914,0.125554587,9,0,0.297162444,10,0.3277186,2,3.835218788,3.420543751,"450,000.00"
19.59,1,0,4.65088748,1.626447486,3.488327488,0.0702284,6,0,0.225418134,4,0.132466919,1,3.752484608,4.569323338,"1,216,666.67"
22.48,1,0,5.025437008,4.526230179,2.158402885,2.639915599,0,0,0.360470047,1,2.521308465,0,4.82621559,4.51951349,"595,000.00"
19.59,1,0,4.65088748,1.626447486,3.488327488,0.0702284,6,0,0.225418134,4,0.132466919,1,3.752484608,4.569323338,"1,025,000.00"
19.59,1,0,4.65088748,1.626447486,3.488327488,0.0702284,6,0,0.225418134,4,0.132466919,1,3.752484608,4.569323338,"1,214,723.93"
21.21,3,0,4.001993712,5.27731528,5.682614182,1.481078738,5,0,1.358658138,7,1.820113651,1,5.62599196,3.178849578,"900,000.00"
23.32,0,0,7.028561387,6.124351023,7.643558956,1.844832933,1,0,1.969323048,1,1.735535589,1,7.878843402,8.549334305,"450,000.00"
8.43,25,5,0.68379499,8.270892022,1.393859989,0.06226201,43,10,0.220060054,23,0.776471572,5,0.656539523,1.209048532,"6,000,000.00"
19.59,1,0,4.65088748,1.626447486,3.488327488,0.0702284,6,0,0.225418134,4,0.132466919,1,3.752484608,4.569323338,"780,000.00"
23.32,0,0,7.028561387,6.124351023,7.643558956,1.844832933,1,0,1.969323048,1,1.735535589,1,7.878843402,8.549334305,"578,947.37"
28.04,0,0,3.529238405,10.39370371,4.096131933,3.237731445,0,0,3.083817336,0,3.239110219,0,8.512755667,6.61420552,"170,000.00"
9.16,19,1,0.668115654,7.480199518,0.647482412,0.047406525,38,5,0.229319769,17,1.221395666,4,1.224741756,1.856131844,"4,700,000.00"
21.21,3,0,4.001993712,5.27731528,5.682614182,1.481078738,5,0,1.358658138,7,1.820113651,1,5.62599196,3.178849578,"895,000.00"
10.96,9,1,1.555973958,11.53988387,0.42972373,0.126142707,18,1,0.460378059,12,0.545357036,3,0.891115717,1.452211198,"5,000,000.00"
19.59,1,0,4.65088748,1.626447486,3.488327488,0.0702284,6,0,0.225418134,4,0.132466919,1,3.752484608,4.569323338,"690,000.00"
18.85,3,0,2.75753304,6.672114016,5.148238391,0.144675834,8,2,0.49262073,12,0.048597652,2,4.401620213,1.4674653,"900,000.00"
10.96,9,1,1.555973958,11.53988387,0.42972373,0.126142707,18,1,0.460378059,12,0.545357036,3,0.891115717,1.452211198,"3,500,000.00"
20.21,1,0,4.452395666,3.231228684,9.461703594,1.564251976,1,0,1.45545367,1,1.669502034,1,6.882095043,6.69515565,"430,000.00"
23.32,0,0,7.028561387,6.124351023,7.643558956,1.844832933,1,0,1.969323048,1,1.735535589,1,7.878843402,8.549334305,"625,000.00"
16.39,1,0,3.876604793,1.871289347,3.876447241,0.024556017,1,0,1.187704419,5,0.074058786,1,3.340681566,4.15652795,"1,850,000.00"
13.04,3,0,2.482189224,10.71105259,2.581188405,0.039349016,14,1,0.204933292,14,0.911886638,3,2.521385921,3.017094937,"1,300,000.00"
17.66,2,0,2.766675534,1.341754436,9.982145833,0.351838973,8,1,0.22296895,5,0.044349224,1,6.270127131,4.493856946,"650,000.00"
24.82,1,0,5.090707489,0.409507119,6.811585774,0.031648336,2,1,3.055274365,0,5.118456884,0,7.133131449,4.812728716,"415,000.00"
25.91,2,2,0.770564739,5.442128017,2.425299821,2.68514114,0,0,2.119728706,0,2.78061435,0,5.68174556,4.911417308,"333,333.33"
11.35,4,0,3.232578915,6.632045539,4.07247222,0.046516086,15,2,0.275528356,11,1.185148304,2,2.127812617,1.818298797,"3,500,000.00"
14.94,4,3,1.325521262,3.332054051,6.321523914,0.125554587,9,0,0.297162444,10,0.3277186,2,3.835218788,3.420543751,"1,600,000.00"
24.82,1,0,5.090707489,0.409507119,6.811585774,0.031648336,2,1,3.055274365,0,5.118456884,0,7.133131449,4.812728716,"565,000.00"
24.82,1,0,5.090707489,0.409507119,6.811585774,0.031648336,2,1,3.055274365,0,5.118456884,0,7.133131449,4.812728716,"395,000.00"
23.79,1,0,3.495002423,3.317077568,3.931243406,2.171289137,0,0,0.536616073,2,2.688005657,0,5.500983246,4.276389115,"390,000.00"
14.94,4,3,1.325521262,3.332054051,6.321523914,0.125554587,9,0,0.297162444,10,0.3277186,2,3.835218788,3.420543751,"1,400,000.00"
9.16,19,1,0.668115654,7.480199518,0.647482412,0.047406525,38,5,0.229319769,17,1.221395666,4,1.224741756,1.856131844,"3,000,000.00"
8.66,9,1,0.549898445,5.213415717,1.3669029,0.064668268,9,7,0.050657848,13,2.104233363,0,1.284658669,0.825239173,"3,800,000.00"
8.43,25,5,0.68379499,8.270892022,1.393859989,0.06226201,43,10,0.220060054,23,0.776471572,5,0.656539523,1.209048532,"12,000,000.00"
22.61,3,0,3.998696251,2.379564136,0.489734538,0.201421298,7,2,0.014518784,4,0.899794951,1,3.99247885,2.76473027,"685,000.00"
19.88,4,1,1.514848549,0.984196476,0.596317226,0.864897004,7,1,0.670444824,6,0.139079465,5,3.013258588,1.719960174,"1,550,000.00"
26.73,2,0,2.277565832,7.139742484,0.085556088,0.046381217,4,0,2.02374757,0,1.820775485,1,5.850247893,4.425054309,"315,000.00"
17.26,6,0,3.092683935,3.716698378,0.089601941,0.104367405,10,1,0.685837638,5,0.917733437,2,2.121535646,2.422564633,"1,525,000.00"
25.05,3,0,2.740672922,5.746503894,0.306706658,0.157991858,4,1,0.375674414,2,0.149143912,1,5.252882255,3.898401641,"575,000.00"
23.79,1,0,3.495002423,3.317077568,3.931243406,2.171289137,0,0,0.536616073,2,2.688005657,0,5.500983246,4.276389115,"405,000.00"
9.61,2,0,4.418797371,3.481613553,2.679374305,1.038703539,5,1,1.06259087,5,1.092881018,2,3.833930644,2.189414859,"6,500,000.00"
17.66,2,0,2.766675534,1.341754436,9.982145833,0.351838973,8,1,0.22296895,5,0.044349224,1,6.270127131,4.493856946,"420,000.00"
11.35,4,0,3.232578915,6.632045539,4.07247222,0.046516086,15,2,0.275528356,11,1.185148304,2,2.127812617,1.818298797,"2,500,000.00"
36.09,1,0,5.192048924,16.69440877,3.421132423,4.421975181,0,0,4.992931183,0,9.219189864,0,12.72638173,10.71912836,"250,000.00"
22.39,2,0,5.350999564,4.118825144,6.739824789,1.821689416,2,0,1.602959146,2,2.940111393,0,6.361590457,3.594877933,"807,142.86"
7.57,26,6,0.194328801,7.759564862,1.511477789,0.344641591,43,10,0.118453506,18,0.085681338,5,0.241442313,1.261456637,"14,083,333.33"
22.39,2,0,5.350999564,4.118825144,6.739824789,1.821689416,2,0,1.602959146,2,2.940111393,0,6.361590457,3.594877933,"136,923.08"
21.89,1,1,1.73280012,3.138944863,3.532694318,0.137331208,4,0,0.166226784,3,1.761886269,1,4.511211539,3.290576454,"750,000.00"
22.39,2,0,5.350999564,4.118825144,6.739824789,1.821689416,2,0,1.602959146,2,2.940111393,0,6.361590457,3.594877933,"890,000.00"
11.77,4,0,2.074936334,11.38133063,1.883167861,0.106973392,18,2,0.182098855,21,1.505002665,4,1.776388177,2.22687177,"3,200,000.00"
22.39,2,0,5.350999564,4.118825144,6.739824789,1.821689416,2,0,1.602959146,2,2.940111393,0,6.361590457,3.594877933,"865,000.00"
15.34,5,0,2.696064051,6.132844101,0.105448493,0.204660942,10,1,0.52902818,12,0.218559789,3,2.499860496,2.543675581,"2,200,000.00"
20.21,1,0,4.452395666,3.231228684,9.461703594,1.564251976,1,0,1.45545367,1,1.669502034,1,6.882095043,6.69515565,"795,000.00"
21.21,3,0,4.001993712,5.27731528,5.682614182,1.481078738,5,0,1.358658138,7,1.820113651,1,5.62599196,3.178849578,"858,208.96"
9.61,2,0,4.418797371,3.481613553,2.679374305,1.038703539,5,1,1.06259087,5,1.092881018,2,3.833930644,2.189414859,"2,200,000.00"
22.59,1,0,4.731446487,5.842113383,5.025225136,3.189759435,0,0,3.053364406,0,3.525063347,0,5.736706006,4.444261549,"846,153.85"
18.85,3,0,2.75753304,6.672114016,5.148238391,0.144675834,8,2,0.49262073,12,0.048597652,2,4.401620213,1.4674653,"850,000.00"
15.34,5,0,2.696064051,6.132844101,0.105448493,0.204660942,10,1,0.52902818,12,0.218559789,3,2.499860496,2.543675581,"2,300,000.00"
18.23,4,0,3.864011678,6.553311579,3.869207751,1.454507738,9,2,0.699815373,8,1.390398592,3,4.402726323,1.915670097,"1,550,000.00"
13.98,1,1,1.440497502,8.830429042,2.212403368,0.071858443,10,2,0.100746527,11,0.886448814,1,2.748057643,2.54970663,"2,100,000.00"
23.32,0,0,7.028561387,6.124351023,7.643558956,1.844832933,1,0,1.969323048,1,1.735535589,1,7.878843402,8.549334305,"450,000.00"
36.09,1,0,5.192048924,16.69440877,3.421132423,4.421975181,0,0,4.992931183,0,9.219189864,0,12.72638173,10.71912836,"260,000.00"
22.59,1,0,4.731446487,5.842113383,5.025225136,3.189759435,0,0,3.053364406,0,3.525063347,0,5.736706006,4.444261549,"900,000.00"
10.57,11,2,0.574608738,9.365425049,0.380556553,0.053768922,31,3,0.253841443,24,0.139402968,4,0.500748682,1.59651451,"3,500,000.00"
21.5,0,0,5.374796464,4.330842323,8.553697374,0.085015366,1,0,0.078489009,1,0.196379228,1,7.263013641,7.777173725,"625,000.00"
22.59,1,0,4.731446487,5.842113383,5.025225136,3.189759435,0,0,3.053364406,0,3.525063347,0,5.736706006,4.444261549,"833,333.33"
11.16,13,0,2.106095585,8.393725938,1.168514876,0.161932175,29,0,0.057423149,19,1.289514894,4,1.203313326,2.598587684,"3,200,000.00"
22.39,2,0,5.350999564,4.118825144,6.739824789,1.821689416,2,0,1.602959146,2,2.940111393,0,6.361590457,3.594877933,"877,000.00"
10.64,6,0,2.246210381,8.09204828,1.80277564,0.069620362,22,0,0.265138276,16,0.346100643,2,1.203411373,2.706880853,"1,700,000.00"
17.78,1,1,1.701408429,0.581923177,8.46765909,1.660327558,7,1,1.39430173,4,1.55865947,1,5.446641962,4.68159037,"40,000.00"
10.64,6,0,2.246210381,8.09204828,1.80277564,0.069620362,22,0,0.265138276,16,0.346100643,2,1.203411373,2.706880853,"3,200,000.00"
24.82,1,0,5.090707489,0.409507119,6.811585774,0.031648336,2,1,3.055274365,0,5.118456884,0,7.133131449,4.812728716,"850,000.00"
23.32,0,0,7.028561387,6.124351023,7.643558956,1.844832933,1,0,1.969323048,1,1.735535589,1,7.878843402,8.549334305,"590,000.00"
17.66,2,0,2.766675534,1.341754436,9.982145833,0.351838973,8,1,0.22296895,5,0.044349224,1,6.270127131,4.493856946,"395,000.00"
18.85,3,0,2.75753304,6.672114016,5.148238391,0.144675834,8,2,0.49262073,12,0.048597652,2,4.401620213,1.4674653,"950,000.00"
21.21,3,0,4.001993712,5.27731528,5.682614182,1.481078738,5,0,1.358658138,7,1.820113651,1,5.62599196,3.178849578,"916,666.67"
10.57,11,2,0.574608738,9.365425049,0.380556553,0.053768922,31,3,0.253841443,24,0.139402968,4,0.500748682,1.59651451,"4,000,000.00"
17.66,2,0,2.766675534,1.341754436,9.982145833,0.351838973,8,1,0.22296895,5,0.044349224,1,6.270127131,4.493856946,"580,551.52"
8.64,23,6,0.896575355,8.629160454,1.365402286,0.008397406,39,8,0.35812499,20,1.008108031,5,0.787712631,1.198216875,"4,700,000.00"
12.89,7,0,2.847591288,12.64244388,0.528389071,0.028453853,12,2,0.113299872,20,1.052875673,5,1.58575455,3.057863335,"3,100,000.00"
23.32,0,0,7.028561387,6.124351023,7.643558956,1.844832933,1,0,1.969323048,1,1.735535589,1,7.878843402,8.549334305,"650,000.00"
23.32,0,0,7.028561387,6.124351023,7.643558956,1.844832933,1,0,1.969323048,1,1.735535589,1,7.878843402,8.549334305,"625,000.00"
23.19,0,0,6.881585224,5.805024232,4.826494815,3.753772636,0,0,3.51347514,0,3.702392512,0,6.452242016,6.599959383,"435,233.16"
22.48,1,0,5.025437008,4.526230179,2.158402885,2.639915599,0,0,0.360470047,1,2.521308465,0,4.82621559,4.51951349,"430,000.00"
23.32,0,0,7.028561387,6.124351023,7.643558956,1.844832933,1,0,1.969323048,1,1.735535589,1,7.878843402,8.549334305,"582,089.55"
17.66,2,0,2.766675534,1.341754436,9.982145833,0.351838973,8,1,0.22296895,5,0.044349224,1,6.270127131,4.493856946,"630,769.23"
23.32,0,0,7.028561387,6.124351023,7.643558956,1.844832933,1,0,1.969323048,1,1.735535589,1,7.878843402,8.549334305,"585,585.59"
22.39,2,0,5.350999564,4.118825144,6.739824789,1.821689416,2,0,1.602959146,2,2.940111393,0,6.361590457,3.594877933,"877,500.00"
22.48,1,0,5.025437008,4.526230179,2.158402885,2.639915599,0,0,0.360470047,1,2.521308465,0,4.82621559,4.51951349,"380,000.00"
36.09,1,0,5.192048924,16.69440877,3.421132423,4.421975181,0,0,4.992931183,0,9.219189864,0,12.72638173,10.71912836,"250,000.00"
23.19,0,0,6.881585224,5.805024232,4.826494815,3.753772636,0,0,3.51347514,0,3.702392512,0,6.452242016,6.599959383,"380,000.00"
36.09,1,0,5.192048924,16.69440877,3.421132423,4.421975181,0,0,4.992931183,0,9.219189864,0,12.72638173,10.71912836,"250,000.00"
36.09,1,0,5.192048924,16.69440877,3.421132423,4.421975181,0,0,4.992931183,0,9.219189864,0,12.72638173,10.71912836,"238,095.24"
23.32,0,0,7.028561387,6.124351023,7.643558956,1.844832933,1,0,1.969323048,1,1.735535589,1,7.878843402,8.549334305,"625,000.00"
23.32,0,0,7.028561387,6.124351023,7.643558956,1.844832933,1,0,1.969323048,1,1.735535589,1,7.878843402,8.549334305,"447,916.67"
23.32,0,0,7.028561387,6.124351023,7.643558956,1.844832933,1,0,1.969323048,1,1.735535589,1,7.878843402,8.549334305,"623,188.41"
17.66,2,0,2.766675534,1.341754436,9.982145833,0.351838973,8,1,0.22296895,5,0.044349224,1,6.270127131,4.493856946,"425,000.00"
13.98,1,1,1.440497502,8.830429042,2.212403368,0.071858443,10,2,0.100746527,11,0.886448814,1,2.748057643,2.54970663,"1,500,000.00"
34.52,1,0,10.86360423,17.54383842,0.032153225,0.022707491,1,0,6.08034501,0,6.910724352,0,14.5292775,10.27685828,"210,000.00"
22.59,1,0,4.731446487,5.842113383,5.025225136,3.189759435,0,0,3.053364406,0,3.525063347,0,5.736706006,4.444261549,"918,000.00"
34.52,1,0,10.86360423,17.54383842,0.032153225,0.022707491,1,0,6.08034501,0,6.910724352,0,14.5292775,10.27685828,"230,000.00"
17.66,2,0,2.766675534,1.341754436,9.982145833,0.351838973,8,1,0.22296895,5,0.044349224,1,6.270127131,4.493856946,"450,000.00"
22.61,3,0,3.998696251,2.379564136,0.489734538,0.201421298,7,2,0.014518784,4,0.899794951,1,3.99247885,2.76473027,"390,000.00"
20.21,1,0,4.452395666,3.231228684,9.461703594,1.564251976,1,0,1.45545367,1,1.669502034,1,6.882095043,6.69515565,"420,000.00"
18.85,3,0,2.75753304,6.672114016,5.148238391,0.144675834,8,2,0.49262073,12,0.048597652,2,4.401620213,1.4674653,"918,000.00"
22.39,2,0,5.350999564,4.118825144,6.739824789,1.821689416,2,0,1.602959146,2,2.940111393,0,6.361590457,3.594877933,"861,538.46"
22.61,3,0,3.998696251,2.379564136,0.489734538,0.201421298,7,2,0.014518784,4,0.899794951,1,3.99247885,2.76473027,"400,000.00"
23.32,0,0,7.028561387,6.124351023,7.643558956,1.844832933,1,0,1.969323048,1,1.735535589,1,7.878843402,8.549334305,"625,000.00"
34.52,1,0,10.86360423,17.54383842,0.032153225,0.022707491,1,0,6.08034501,0,6.910724352,0,14.5292775,10.27685828,"195,000.00"
23.32,0,0,7.028561387,6.124351023,7.643558956,1.844832933,1,0,1.969323048,1,1.735535589,1,7.878843402,8.549334305,"625,000.00"
21.21,3,0,4.001993712,5.27731528,5.682614182,1.481078738,5,0,1.358658138,7,1.820113651,1,5.62599196,3.178849578,"895,000.00"
22.39,2,0,5.350999564,4.118825144,6.739824789,1.821689416,2,0,1.602959146,2,2.940111393,0,6.361590457,3.594877933,"890,000.00"
21.21,3,0,4.001993712,5.27731528,5.682614182,1.481078738,5,0,1.358658138,7,1.820113651,1,5.62599196,3.178849578,"890,000.00"
17.66,2,0,2.766675534,1.341754436,9.982145833,0.351838973,8,1,0.22296895,5,0.044349224,1,6.270127131,4.493856946,"430,000.00"
23.32,0,0,7.028561387,6.124351023,7.643558956,1.844832933,1,0,1.969323048,1,1.735535589,1,7.878843402,8.549334305,"590,000.00"
21.21,3,0,4.001993712,5.27731528,5.682614182,1.481078738,5,0,1.358658138,7,1.820113651,1,5.62599196,3.178849578,"890,000.00"
21.21,3,0,4.001993712,5.27731528,5.682614182,1.481078738,5,0,1.358658138,7,1.820113651,1,5.62599196,3.178849578,"900,000.00"
22.39,2,0,5.350999564,4.118825144,6.739824789,1.821689416,2,0,1.602959146,2,2.940111393,0,6.361590457,3.594877933,"884,500.00"
22.39,2,0,5.350999564,4.118825144,6.739824789,1.821689416,2,0,1.602959146,2,2.940111393,0,6.361590457,3.594877933,"895,000.00"
21.21,3,0,4.001993712,5.27731528,5.682614182,1.481078738,5,0,1.358658138,7,1.820113651,1,5.62599196,3.178849578,"950,000.00"
10.3,15,2,1.59352339,8.252641545,1.126814689,0.547694489,25,2,0.435381787,18,0.978440306,3,1.083609135,2.184000564,"3,500,000.00"
34.52,1,0,10.86360423,17.54383842,0.032153225,0.022707491,1,0,6.08034501,0,6.910724352,0,14.5292775,10.27685828,"40,000.00"
11.16,13,0,2.106095585,8.393725938,1.168514876,0.161932175,29,0,0.057423149,19,1.289514894,4,1.203313326,2.598587684,"3,500,000.00"
23.79,1,0,3.495002423,3.317077568,3.931243406,2.171289137,0,0,0.536616073,2,2.688005657,0,5.500983246,4.276389115,"395,000.00"
11.16,13,0,2.106095585,8.393725938,1.168514876,0.161932175,29,0,0.057423149,19,1.289514894,4,1.203313326,2.598587684,"2,500,000.00"
11.35,4,0,3.232578915,6.632045539,4.07247222,0.046516086,15,2,0.275528356,11,1.185148304,2,2.127812617,1.818298797,"4,000,000.00"
13.98,1,1,1.440497502,8.830429042,2.212403368,0.071858443,10,2,0.100746527,11,0.886448814,1,2.748057643,2.54970663,"1,500,000.00"
11.82,0,0,44.09041707,23.87619254,29.9865024,41.00006341,0,0,27.59853886,0,44.43829173,0,46.80715227,38.6255204,"3,800,000.00"
11.82,0,0,44.09041707,23.87619254,29.9865024,41.00006341,0,0,27.59853886,0,44.43829173,0,46.80715227,38.6255204,"5,500,000.00"
42.89,2,0,17.30386792,25.98399192,0.638579249,0.092605017,7,3,1.670624688,2,3.822489362,0,20.27564198,8.252888495,"190,000.00"
23.19,0,0,6.881585224,5.805024232,4.826494815,3.753772636,0,0,3.51347514,0,3.702392512,0,6.452242016,6.599959383,"400,000.00"
23.19,0,0,6.881585224,5.805024232,4.826494815,3.753772636,0,0,3.51347514,0,3.702392512,0,6.452242016,6.599959383,"400,000.00"
23.19,0,0,6.881585224,5.805024232,4.826494815,3.753772636,0,0,3.51347514,0,3.702392512,0,6.452242016,6.599959383,"400,000.00"
10.64,6,0,2.246210381,8.09204828,1.80277564,0.069620362,22,0,0.265138276,16,0.346100643,2,1.203411373,2.706880853,"2,800,000.00"
22.39,2,0,5.350999564,4.118825144,6.739824789,1.821689416,2,0,1.602959146,2,2.940111393,0,6.361590457,3.594877933,"865,500.00"
22.59,1,0,4.731446487,5.842113383,5.025225136,3.189759435,0,0,3.053364406,0,3.525063347,0,5.736706006,4.444261549,"820,895.52"
24.82,1,0,5.090707489,0.409507119,6.811585774,0.031648336,2,1,3.055274365,0,5.118456884,0,7.133131449,4.812728716,"400,000.00"
14.19,1,0,4.333994379,4.620078445,3.239812649,0.047187666,14,1,0.207307327,9,1.832361316,1,2.853306008,2.55936892,"2,100,000.00"
23.79,1,0,3.495002423,3.317077568,3.931243406,2.171289137,0,0,0.536616073,2,2.688005657,0,5.500983246,4.276389115,"435,000.00"
34.52,1,0,10.86360423,17.54383842,0.032153225,0.022707491,1,0,6.08034501,0,6.910724352,0,14.5292775,10.27685828,"200,000.00"
22.39,2,0,5.350999564,4.118825144,6.739824789,1.821689416,2,0,1.602959146,2,2.940111393,0,6.361590457,3.594877933,"968,421.05"
22.39,2,0,5.350999564,4.118825144,6.739824789,1.821689416,2,0,1.602959146,2,2.940111393,0,6.361590457,3.594877933,"1,000,000.00"
22.39,2,0,5.350999564,4.118825144,6.739824789,1.821689416,2,0,1.602959146,2,2.940111393,0,6.361590457,3.594877933,"989,473.70"
22.39,2,0,5.350999564,4.118825144,6.739824789,1.821689416,2,0,1.602959146,2,2.940111393,0,6.361590457,3.594877933,"931,578.92"
22.39,2,0,5.350999564,4.118825144,6.739824789,1.821689416,2,0,1.602959146,2,2.940111393,0,6.361590457,3.594877933,"989,473.72"
22.39,2,0,5.350999564,4.118825144,6.739824789,1.821689416,2,0,1.602959146,2,2.940111393,0,6.361590457,3.594877933,"973,684.16"
14.62,5,0,2.03038786,6.779820325,0.424261,0.055236581,17,1,0.101209935,12,0.507040421,2,2.524685285,2.535162095,"4,000,000.00"
15.34,5,0,2.696064051,6.132844101,0.105448493,0.204660942,10,1,0.52902818,12,0.218559789,3,2.499860496,2.543675581,"2,100,000.00"
18.99,1,0,4.166310614,1.017527418,3.848115313,0.423050478,6,0,0.08690014,4,0.47781218,1,3.829576968,4.632327176,"790,000.00"
24.82,1,0,5.090707489,0.409507119,6.811585774,0.031648336,2,1,3.055274365,0,5.118456884,0,7.133131449,4.812728716,"415,000.00"
20.21,1,0,4.452395666,3.231228684,9.461703594,1.564251976,1,0,1.45545367,1,1.669502034,1,6.882095043,6.69515565,"420,000.00"
14.25,3,3,0.833818104,3.171885348,7.325142495,1.087700729,9,1,1.126143462,8,0.799673076,2,4.205907129,3.303200657,"1,250,000.00"
21.21,3,0,4.001993712,5.27731528,5.682614182,1.481078738,5,0,1.358658138,7,1.820113651,1,5.62599196,3.178849578,"895,000.00"
9.16,19,1,0.668115654,7.480199518,0.647482412,0.047406525,38,5,0.229319769,17,1.221395666,4,1.224741756,1.856131844,"3,500,000.00"
19.59,1,0,4.65088748,1.626447486,3.488327488,0.0702284,6,0,0.225418134,4,0.132466919,1,3.752484608,4.569323338,"750,000.00"
10.3,15,2,1.59352339,8.252641545,1.126814689,0.547694489,25,2,0.435381787,18,0.978440306,3,1.083609135,2.184000564,"5,300,000.00"
24.82,1,0,5.090707489,0.409507119,6.811585774,0.031648336,2,1,3.055274365,0,5.118456884,0,7.133131449,4.812728716,"390,000.00"
14.14,4,0,2.709960494,3.827825191,5.361563944,1.394740848,15,0,0.241100286,10,1.336383484,2,3.58745219,2.674381232,"1,150,000.00"
17.55,1,1,1.528256375,2.190662202,6.554829238,2.404134968,0,0,1.352554897,5,3.006269992,0,4.525962254,4.828612949,"750,000.00"
8.66,9,1,0.549898445,5.213415717,1.3669029,0.064668268,9,7,0.050657848,13,2.104233363,0,1.284658669,0.825239173,"4,000,000.00"
22.39,2,0,5.350999564,4.118825144,6.739824789,1.821689416,2,0,1.602959146,2,2.940111393,0,6.361590457,3.594877933,"890,000.00"
19.59,1,0,4.65088748,1.626447486,3.488327488,0.0702284,6,0,0.225418134,4,0.132466919,1,3.752484608,4.569323338,"695,000.00"
4.22,22,2,1.467277947,5.676326993,0.379336786,0.083896065,46,9,0.234180842,17,0.836102939,4,0.648388584,1.199440728,"12,058,823.53"
20.21,1,0,4.452395666,3.231228684,9.461703594,1.564251976,1,0,1.45545367,1,1.669502034,1,6.882095043,6.69515565,"400,000.00"
36.09,1,0,5.192048924,16.69440877,3.421132423,4.421975181,0,0,4.992931183,0,9.219189864,0,12.72638173,10.71912836,"250,000.00"
17.66,2,0,2.766675534,1.341754436,9.982145833,0.351838973,8,1,0.22296895,5,0.044349224,1,6.270127131,4.493856946,"410,000.00"
10.57,11,2,0.574608738,9.365425049,0.380556553,0.053768922,31,3,0.253841443,24,0.139402968,4,0.500748682,1.59651451,"4,200,000.00"
20.21,1,0,4.452395666,3.231228684,9.461703594,1.564251976,1,0,1.45545367,1,1.669502034,1,6.882095043,6.69515565,"410,000.00"
7.57,26,6,0.194328801,7.759564862,1.511477789,0.344641591,43,10,0.118453506,18,0.085681338,5,0.241442313,1.261456637,"11,000,000.00"
14.19,1,0,4.333994379,4.620078445,3.239812649,0.047187666,14,1,0.207307327,9,1.832361316,1,2.853306008,2.55936892,"3,800,000.00"
22.39,2,0,5.350999564,4.118825144,6.739824789,1.821689416,2,0,1.602959146,2,2.940111393,0,6.361590457,3.594877933,"968,421.05"
17.66,2,0,2.766675534,1.341754436,9.982145833,0.351838973,8,1,0.22296895,5,0.044349224,1,6.270127131,4.493856946,"425,000.00"
22.39,2,0,5.350999564,4.118825144,6.739824789,1.821689416,2,0,1.602959146,2,2.940111393,0,6.361590457,3.594877933,"973,684.16"
22.39,2,0,5.350999564,4.118825144,6.739824789,1.821689416,2,0,1.602959146,2,2.940111393,0,6.361590457,3.594877933,"1,000,000.00"
22.39,2,0,5.350999564,4.118825144,6.739824789,1.821689416,2,0,1.602959146,2,2.940111393,0,6.361590457,3.594877933,"1,000,000.00"
21.21,3,0,4.001993712,5.27731528,5.682614182,1.481078738,5,0,1.358658138,7,1.820113651,1,5.62599196,3.178849578,"989,473.67"
17.66,2,0,2.766675534,1.341754436,9.982145833,0.351838973,8,1,0.22296895,5,0.044349224,1,6.270127131,4.493856946,"425,000.00"
22.39,2,0,5.350999564,4.118825144,6.739824789,1.821689416,2,0,1.602959146,2,2.940111393,0,6.361590457,3.594877933,"1,021,206.81"
20.21,1,0,4.452395666,3.231228684,9.461703594,1.564251976,1,0,1.45545367,1,1.669502034,1,6.882095043,6.69515565,"400,000.00"
21.5,0,0,5.374796464,4.330842323,8.553697374,0.085015366,1,0,0.078489009,1,0.196379228,1,7.263013641,7.777173725,"410,000.00"
10.64,6,0,2.246210381,8.09204828,1.80277564,0.069620362,22,0,0.265138276,16,0.346100643,2,1.203411373,2.706880853,"5,700,000.00"
20.21,1,0,4.452395666,3.231228684,9.461703594,1.564251976,1,0,1.45545367,1,1.669502034,1,6.882095043,6.69515565,"410,000.00"
21.21,3,0,4.001993712,5.27731528,5.682614182,1.481078738,5,0,1.358658138,7,1.820113651,1,5.62599196,3.178849578,"400,000.00"
20.21,1,0,4.452395666,3.231228684,9.461703594,1.564251976,1,0,1.45545367,1,1.669502034,1,6.882095043,6.69515565,"410,000.00"
22.61,3,0,3.998696251,2.379564136,0.489734538,0.201421298,7,2,0.014518784,4,0.899794951,1,3.99247885,2.76473027,"425,000.00"
42.89,2,0,17.30386792,25.98399192,0.638579249,0.092605017,7,3,1.670624688,2,3.822489362,0,20.27564198,8.252888495,"430,000.00"
17.66,2,0,2.766675534,1.341754436,9.982145833,0.351838973,8,1,0.22296895,5,0.044349224,1,6.270127131,4.493856946,"400,000.00"
10.56,10,2,0.1918214,9.666038251,0.888089233,0.089743676,25,3,0.100129552,24,0.129686103,4,0.634317711,1.338208605,"2,850,000.00"
36.09,1,0,5.192048924,16.69440877,3.421132423,4.421975181,0,0,4.992931183,0,9.219189864,0,12.72638173,10.71912836,"165,000.00"
10.38,7,0,2.238625345,6.877783599,3.104369608,0.312880087,19,3,0.597689536,17,1.345330372,1,1.750968007,2.165828855,"3,800,000.00"
17.66,2,0,2.766675534,1.341754436,9.982145833,0.351838973,8,1,0.22296895,5,0.044349224,1,6.270127131,4.493856946,"410,000.00"
5.42,23,6,0.274439339,6.485148777,0.987947003,0.216845753,46,7,0.248492837,16,0.813136894,5,0.46789424,1.120174736,"25,000,000.00"
10.64,6,0,2.246210381,8.09204828,1.80277564,0.069620362,22,0,0.265138276,16,0.346100643,2,1.203411373,2.706880853,"1,700,000.00"
17.66,2,0,2.766675534,1.341754436,9.982145833,0.351838973,8,1,0.22296895,5,0.044349224,1,6.270127131,4.493856946,"400,000.00"
20.21,1,0,4.452395666,3.231228684,9.461703594,1.564251976,1,0,1.45545367,1,1.669502034,1,6.882095043,6.69515565,"425,000.00"
17.66,2,0,2.766675534,1.341754436,9.982145833,0.351838973,8,1,0.22296895,5,0.044349224,1,6.270127131,4.493856946,"410,000.00"
36.09,1,0,5.192048924,16.69440877,3.421132423,4.421975181,0,0,4.992931183,0,9.219189864,0,12.72638173,10.71912836,"250,000.00"
11.35,4,0,3.232578915,6.632045539,4.07247222,0.046516086,15,2,0.275528356,11,1.185148304,2,2.127812617,1.818298797,"5,500,000.00"
36.09,1,0,5.192048924,16.69440877,3.421132423,4.421975181,0,0,4.992931183,0,9.219189864,0,12.72638173,10.71912836,"250,000.00"
20.21,1,0,4.452395666,3.231228684,9.461703594,1.564251976,1,0,1.45545367,1,1.669502034,1,6.882095043,6.69515565,"795,000.00"
22.39,2,0,5.350999564,4.118825144,6.739824789,1.821689416,2,0,1.602959146,2,2.940111393,0,6.361590457,3.594877933,"610,000.00"
10.64,6,0,2.246210381,8.09204828,1.80277564,0.069620362,22,0,0.265138276,16,0.346100643,2,1.203411373,2.706880853,"2,950,000.00"
23.32,0,0,7.028561387,6.124351023,7.643558956,1.844832933,1,0,1.969323048,1,1.735535589,1,7.878843402,8.549334305,"595,000.00"
22.39,2,0,5.350999564,4.118825144,6.739824789,1.821689416,2,0,1.602959146,2,2.940111393,0,6.361590457,3.594877933,"919,923.08"
11.16,13,0,2.106095585,8.393725938,1.168514876,0.161932175,29,0,0.057423149,19,1.289514894,4,1.203313326,2.598587684,"2,100,000.00"
23.32,0,0,7.028561387,6.124351023,7.643558956,1.844832933,1,0,1.969323048,1,1.735535589,1,7.878843402,8.549334305,"630,000.00"
23.32,0,0,7.028561387,6.124351023,7.643558956,1.844832933,1,0,1.969323048,1,1.735535589,1,7.878843402,8.549334305,"630,000.00"
14.94,4,3,1.325521262,3.332054051,6.321523914,0.125554587,9,0,0.297162444,10,0.3277186,2,3.835218788,3.420543751,"450,000.00"
23.19,0,0,6.881585224,5.805024232,4.826494815,3.753772636,0,0,3.51347514,0,3.702392512,0,6.452242016,6.599959383,"380,000.00"
42.89,2,0,17.30386792,25.98399192,0.638579249,0.092605017,7,3,1.670624688,2,3.822489362,0,20.27564198,8.252888495,"430,000.00"
6.89,5,0,3.717758587,0.88874305,1.423243732,0.999755514,17,1,1.255491869,4,0.870345501,4,2.914685377,2.725919577,"1,500,000.00"
21.5,0,0,5.374796464,4.330842323,8.553697374,0.085015366,1,0,0.078489009,1,0.196379228,1,7.263013641,7.777173725,"625,000.00"
22.39,2,0,5.350999564,4.118825144,6.739824789,1.821689416,2,0,1.602959146,2,2.940111393,0,6.361590457,3.594877933,"887,750.00"
23.32,0,0,7.028561387,6.124351023,7.643558956,1.844832933,1,0,1.969323048,1,1.735535589,1,7.878843402,8.549334305,"445,134.58"
23.19,0,0,6.881585224,5.805024232,4.826494815,3.753772636,0,0,3.51347514,0,3.702392512,0,6.452242016,6.599959383,"430,051.81"
21.21,3,0,4.001993712,5.27731528,5.682614182,1.481078738,5,0,1.358658138,7,1.820113651,1,5.62599196,3.178849578,"877,500.00"
23.32,0,0,7.028561387,6.124351023,7.643558956,1.844832933,1,0,1.969323048,1,1.735535589,1,7.878843402,8.549334305,"575,485.80"
23.32,0,0,7.028561387,6.124351023,7.643558956,1.844832933,1,0,1.969323048,1,1.735535589,1,7.878843402,8.549334305,"608,695.65"
19.59,1,0,4.65088748,1.626447486,3.488327488,0.0702284,6,0,0.225418134,4,0.132466919,1,3.752484608,4.569323338,"830,000.00"
25.91,2,2,0.770564739,5.442128017,2.425299821,2.68514114,0,0,2.119728706,0,2.78061435,0,5.68174556,4.911417308,"535,000.00"
23.32,0,0,7.028561387,6.124351023,7.643558956,1.844832933,1,0,1.969323048,1,1.735535589,1,7.878843402,8.549334305,"600,000.00"
18.99,5,1,1.866050156,1.810057975,0.314617717,0.069482791,9,1,0.265588994,5,0.215824615,5,2.560275109,1.767980392,"925,000.00"
23.32,0,0,7.028561387,6.124351023,7.643558956,1.844832933,1,0,1.969323048,1,1.735535589,1,7.878843402,8.549334305,"625,000.00"
36.09,1,0,5.192048924,16.69440877,3.421132423,4.421975181,0,0,4.992931183,0,9.219189864,0,12.72638173,10.71912836,"250,000.00"
10.96,9,1,1.555973958,11.53988387,0.42972373,0.126142707,18,1,0.460378059,12,0.545357036,3,0.891115717,1.452211198,"3,350,000.00"
23.32,0,0,7.028561387,6.124351023,7.643558956,1.844832933,1,0,1.969323048,1,1.735535589,1,7.878843402,8.549334305,"450,000.00"
36.09,1,0,5.192048924,16.69440877,3.421132423,4.421975181,0,0,4.992931183,0,9.219189864,0,12.72638173,10.71912836,"250,000.00"
17.66,2,0,2.766675534,1.341754436,9.982145833,0.351838973,8,1,0.22296895,5,0.044349224,1,6.270127131,4.493856946,"700,000.00"
23.65,1,0,6.293782293,4.0924518,6.75423149,3.113434999,0,0,2.887802918,0,4.196443454,0,7.250108037,4.444523159,"880,000.00"
17.66,2,0,2.766675534,1.341754436,9.982145833,0.351838973,8,1,0.22296895,5,0.044349224,1,6.270127131,4.493856946,"410,000.00"
22.39,2,0,5.350999564,4.118825144,6.739824789,1.821689416,2,0,1.602959146,2,2.940111393,0,6.361590457,3.594877933,"5,900,000.00"
17.66,2,0,2.766675534,1.341754436,9.982145833,0.351838973,8,1,0.22296895,5,0.044349224,1,6.270127131,4.493856946,"420,000.00"
23.32,0,0,7.028561387,6.124351023,7.643558956,1.844832933,1,0,1.969323048,1,1.735535589,1,7.878843402,8.549334305,"551,523.95"
31.51,1,1,1.381423128,12.16728407,0.149133019,0.047108561,5,1,0.395558833,1,6.762905565,0,9.361162257,6.139936373,"1,050,000.00"
22.39,2,0,5.350999564,4.118825144,6.739824789,1.821689416,2,0,1.602959146,2,2.940111393,0,6.361590457,3.594877933,"141,307.69"
11.35,4,0,3.232578915,6.632045539,4.07247222,0.046516086,15,2,0.275528356,11,1.185148304,2,2.127812617,1.818298797,"1,500,000.00"
11.35,4,0,3.232578915,6.632045539,4.07247222,0.046516086,15,2,0.275528356,11,1.185148304,2,2.127812617,1.818298797,"2,600,000.00"
21.21,3,0,4.001993712,5.27731528,5.682614182,1.481078738,5,0,1.358658138,7,1.820113651,1,5.62599196,3.178849578,"885,000.00"
14.19,1,0,4.333994379,4.620078445,3.239812649,0.047187666,14,1,0.207307327,9,1.832361316,1,2.853306008,2.55936892,"3,200,000.00"
25.91,2,2,0.770564739,5.442128017,2.425299821,2.68514114,0,0,2.119728706,0,2.78061435,0,5.68174556,4.911417308,"425,000.00"
14.19,1,0,4.333994379,4.620078445,3.239812649,0.047187666,14,1,0.207307327,9,1.832361316,1,2.853306008,2.55936892,"2,000,000.00"
10.12,12,2,0.701574755,9.739960244,1.63779857,0.09525586,32,4,0.1261487,25,0.447362946,4,1.135299754,0.957193443,"4,000,000.00"
21.21,3,0,4.001993712,5.27731528,5.682614182,1.481078738,5,0,1.358658138,7,1.820113651,1,5.62599196,3.178849578,"895,000.00"
22.39,2,0,5.350999564,4.118825144,6.739824789,1.821689416,2,0,1.602959146,2,2.940111393,0,6.361590457,3.594877933,"889,700.00"
25.74,2,0,3.750819421,7.090341751,1.668134015,1.342908267,4,1,1.538556531,1,1.538463966,1,5.698412478,4.49286357,"350,000.00"
21.21,3,0,4.001993712,5.27731528,5.682614182,1.481078738,5,0,1.358658138,7,1.820113651,1,5.62599196,3.178849578,"875,000.00"
34.52,1,0,10.86360423,17.54383842,0.032153225,0.022707491,1,0,6.08034501,0,6.910724352,0,14.5292775,10.27685828,"210,000.00"
10.57,11,2,0.574608738,9.365425049,0.380556553,0.053768922,31,3,0.253841443,24,0.139402968,4,0.500748682,1.59651451,"2,500,000.00"
19.59,1,0,4.65088748,1.626447486,3.488327488,0.0702284,6,0,0.225418134,4,0.132466919,1,3.752484608,4.569323338,"1,450,000.00"
22.39,2,0,5.350999564,4.118825144,6.739824789,1.821689416,2,0,1.602959146,2,2.940111393,0,6.361590457,3.594877933,"951,426.00"
23.32,0,0,7.028561387,6.124351023,7.643558956,1.844832933,1,0,1.969323048,1,1.735535589,1,7.878843402,8.549334305,"603,053.44"
23.32,0,0,7.028561387,6.124351023,7.643558956,1.844832933,1,0,1.969323048,1,1.735535589,1,7.878843402,8.549334305,"450,000.00"
34.52,1,0,10.86360423,17.54383842,0.032153225,0.022707491,1,0,6.08034501,0,6.910724352,0,14.5292775,10.27685828,"220,000.00"
22.61,3,0,3.998696251,2.379564136,0.489734538,0.201421298,7,2,0.014518784,4,0.899794951,1,3.99247885,2.76473027,"216,666.67"
22.39,2,0,5.350999564,4.118825144,6.739824789,1.821689416,2,0,1.602959146,2,2.940111393,0,6.361590457,3.594877933,"995,689.66"
22.39,2,0,5.350999564,4.118825144,6.739824789,1.821689416,2,0,1.602959146,2,2.940111393,0,6.361590457,3.594877933,"925,223.73"
34.52,1,0,10.86360423,17.54383842,0.032153225,0.022707491,1,0,6.08034501,0,6.910724352,0,14.5292775,10.27685828,"200,000.00"
10.69,4,0,3.223569049,5.653280045,3.840661249,0.675773505,13,4,1.099343865,11,0.973892745,3,3.243475551,1.252826919,"1,785,714.29"
5.79,34,5,0.246501641,5.260460783,1.882027165,0.177139619,56,16,0.270995056,20,0.262818416,7,0.619406784,0.899429589,"17,500,000.00"
21.21,3,0,4.001993712,5.27731528,5.682614182,1.481078738,5,0,1.358658138,7,1.820113651,1,5.62599196,3.178849578,"892,857.14"
23.35,1,0,5.231325435,7.240532484,3.612711021,2.440272677,0,0,4.342252902,0,3.836537102,0,5.975094036,5.76504541,"885,000.00"
34.52,1,0,10.86360423,17.54383842,0.032153225,0.022707491,1,0,6.08034501,0,6.910724352,0,14.5292775,10.27685828,"202,000.00"
25.91,2,2,0.770564739,5.442128017,2.425299821,2.68514114,0,0,2.119728706,0,2.78061435,0,5.68174556,4.911417308,"510,000.00"
11.35,4,0,3.232578915,6.632045539,4.07247222,0.046516086,15,2,0.275528356,11,1.185148304,2,2.127812617,1.818298797,"2,100,000.00"
34.52,1,0,10.86360423,17.54383842,0.032153225,0.022707491,1,0,6.08034501,0,6.910724352,0,14.5292775,10.27685828,"220,500.00"
17.66,2,0,2.766675534,1.341754436,9.982145833,0.351838973,8,1,0.22296895,5,0.044349224,1,6.270127131,4.493856946,"420,000.00"
12.26,6,1,0.907542178,8.538297557,0.717314373,0.156931782,19,1,0.326595251,17,0.456495293,4,1.573909981,2.944560264,"2,400,000.00"
8.15,19,4,1.142526683,9.155040562,0.029733581,0.369539052,24,5,0.750590563,12,1.16763043,2,0.670066212,1.155265795,"12,500,000.00"
10.96,9,1,1.555973958,11.53988387,0.42972373,0.126142707,18,1,0.460378059,12,0.545357036,3,0.891115717,1.452211198,"6,500,000.00"
22.39,2,0,5.350999564,4.118825144,6.739824789,1.821689416,2,0,1.602959146,2,2.940111393,0,6.361590457,3.594877933,"885,800.00"
10.96,9,1,1.555973958,11.53988387,0.42972373,0.126142707,18,1,0.460378059,12,0.545357036,3,0.891115717,1.452211198,"7,900,000.00"
21.21,3,0,4.001993712,5.27731528,5.682614182,1.481078738,5,0,1.358658138,7,1.820113651,1,5.62599196,3.178849578,"860,000.00"
22.39,2,0,5.350999564,4.118825144,6.739824789,1.821689416,2,0,1.602959146,2,2.940111393,0,6.361590457,3.594877933,"854,500.00"
21.21,3,0,4.001993712,5.27731528,5.682614182,1.481078738,5,0,1.358658138,7,1.820113651,1,5.62599196,3.178849578,"850,000.00"
22.59,1,0,4.731446487,5.842113383,5.025225136,3.189759435,0,0,3.053364406,0,3.525063347,0,5.736706006,4.444261549,"850,000.00"
20.21,1,0,4.452395666,3.231228684,9.461703594,1.564251976,1,0,1.45545367,1,1.669502034,1,6.882095043,6.69515565,"420,000.00"
17.66,2,0,2.766675534,1.341754436,9.982145833,0.351838973,8,1,0.22296895,5,0.044349224,1,6.270127131,4.493856946,"402,777.78"
7.32,11,0,2.566984162,2.583882255,1.340354312,0.092366577,12,1,0.061041341,7,0.854156211,4,1.907836811,1.666282966,"700,000.00"
18.85,3,0,2.75753304,6.672114016,5.148238391,0.144675834,8,2,0.49262073,12,0.048597652,2,4.401620213,1.4674653,"921,560.00"
10.38,7,0,2.238625345,6.877783599,3.104369608,0.312880087,19,3,0.597689536,17,1.345330372,1,1.750968007,2.165828855,"4,500,000.00"
36.09,1,0,5.192048924,16.69440877,3.421132423,4.421975181,0,0,4.992931183,0,9.219189864,0,12.72638173,10.71912836,"250,000.00"
8.66,9,1,0.549898445,5.213415717,1.3669029,0.064668268,9,7,0.050657848,13,2.104233363,0,1.284658669,0.825239173,"6,500,000.00"
15.26,0,0,4.55470152,4.19047343,2.465629359,0.840241812,8,1,0.267587215,10,2.469253581,0,3.159466524,3.18055797,"2,000,000.00"
22.39,2,0,5.350999564,4.118825144,6.739824789,1.821689416,2,0,1.602959146,2,2.940111393,0,6.361590457,3.594877933,"907,692.31"
23.32,0,0,7.028561387,6.124351023,7.643558956,1.844832933,1,0,1.969323048,1,1.735535589,1,7.878843402,8.549334305,"350,000.00"
16.39,1,0,3.876604793,1.871289347,3.876447241,0.024556017,1,0,1.187704419,5,0.074058786,1,3.340681566,4.15652795,"2,100,000.00"
34.52,1,0,10.86360423,17.54383842,0.032153225,0.022707491,1,0,6.08034501,0,6.910724352,0,14.5292775,10.27685828,"215,000.00"
36.09,1,0,5.192048924,16.69440877,3.421132423,4.421975181,0,0,4.992931183,0,9.219189864,0,12.72638173,10.71912836,"250,000.00"
15.26,0,0,4.55470152,4.19047343,2.465629359,0.840241812,8,1,0.267587215,10,2.469253581,0,3.159466524,3.18055797,"2,600,000.00"
12.89,7,0,2.847591288,12.64244388,0.528389071,0.028453853,12,2,0.113299872,20,1.052875673,5,1.58575455,3.057863335,"2,699,966.25"
22.39,2,0,5.350999564,4.118825144,6.739824789,1.821689416,2,0,1.602959146,2,2.940111393,0,6.361590457,3.594877933,"865,671.64"
15.26,0,0,4.55470152,4.19047343,2.465629359,0.840241812,8,1,0.267587215,10,2.469253581,0,3.159466524,3.18055797,"3,800,000.00"
16.39,1,0,3.876604793,1.871289347,3.876447241,0.024556017,1,0,1.187704419,5,0.074058786,1,3.340681566,4.15652795,"1,850,000.00"
36.09,1,0,5.192048924,16.69440877,3.421132423,4.421975181,0,0,4.992931183,0,9.219189864,0,12.72638173,10.71912836,"235,849.06"
19.59,1,0,4.65088748,1.626447486,3.488327488,0.0702284,6,0,0.225418134,4,0.132466919,1,3.752484608,4.569323338,"1,890,000.00"
36.09,1,0,5.192048924,16.69440877,3.421132423,4.421975181,0,0,4.992931183,0,9.219189864,0,12.72638173,10.71912836,"250,000.00"
20.02,2,0,2.111627905,7.332161248,3.70009948,1.916686516,3,0,1.421663841,3,1.643899357,1,4.447360559,3.452450867,"1,600,000.00"
22.39,2,0,5.350999564,4.118825144,6.739824789,1.821689416,2,0,1.602959146,2,2.940111393,0,6.361590457,3.594877933,"791,044.78"
22.39,2,0,5.350999564,4.118825144,6.739824789,1.821689416,2,0,1.602959146,2,2.940111393,0,6.361590457,3.594877933,"876,500.00"
11.35,4,0,3.232578915,6.632045539,4.07247222,0.046516086,15,2,0.275528356,11,1.185148304,2,2.127812617,1.818298797,"2,750,000.00"
10.38,7,0,2.238625345,6.877783599,3.104369608,0.312880087,19,3,0.597689536,17,1.345330372,1,1.750968007,2.165828855,"2,700,000.00"
16.39,1,0,3.876604793,1.871289347,3.876447241,0.024556017,1,0,1.187704419,5,0.074058786,1,3.340681566,4.15652795,"1,650,000.00"
22.39,2,0,5.350999564,4.118825144,6.739824789,1.821689416,2,0,1.602959146,2,2.940111393,0,6.361590457,3.594877933,"791,044.78"
22.39,2,0,5.350999564,4.118825144,6.739824789,1.821689416,2,0,1.602959146,2,2.940111393,0,6.361590457,3.594877933,"971,875.00"
23.32,0,0,7.028561387,6.124351023,7.643558956,1.844832933,1,0,1.969323048,1,1.735535589,1,7.878843402,8.549334305,"625,000.00"
10.96,9,1,1.555973958,11.53988387,0.42972373,0.126142707,18,1,0.460378059,12,0.545357036,3,0.891115717,1.452211198,"6,000,000.00"
23.32,0,0,7.028561387,6.124351023,7.643558956,1.844832933,1,0,1.969323048,1,1.735535589,1,7.878843402,8.549334305,"625,000.00"
10.56,10,2,0.1918214,9.666038251,0.888089233,0.089743676,25,3,0.100129552,24,0.129686103,4,0.634317711,1.338208605,"2,850,000.00"
26.68,0,0,3.18607699,4.713399699,5.211530471,4.438861782,0,0,3.463452279,0,4.105365541,0,7.515233246,6.442885101,"350,000.00"
10.64,6,0,2.246210381,8.09204828,1.80277564,0.069620362,22,0,0.265138276,16,0.346100643,2,1.203411373,2.706880853,"2,200,000.00"
9.16,19,1,0.668115654,7.480199518,0.647482412,0.047406525,38,5,0.229319769,17,1.221395666,4,1.224741756,1.856131844,"4,500,000.00"
23.32,0,0,7.028561387,6.124351023,7.643558956,1.844832933,1,0,1.969323048,1,1.735535589,1,7.878843402,8.549334305,"450,000.00"
23.32,0,0,7.028561387,6.124351023,7.643558956,1.844832933,1,0,1.969323048,1,1.735535589,1,7.878843402,8.549334305,"625,000.00"
36.09,1,0,5.192048924,16.69440877,3.421132423,4.421975181,0,0,4.992931183,0,9.219189864,0,12.72638173,10.71912836,"250,000.00"
23.75,1,0,3.351104283,3.08436925,2.215013757,1.781127438,7,1,1.136606202,2,0.861553358,1,5.120823009,3.732607722,"625,000.00"
6.73,6,1,1.300993752,2.160657347,2.397392981,0.538187595,7,1,0.543993094,3,1.249144145,1,3.195450231,4.125546371,"6,500,000.00"
11.88,9,2,1.412228981,9.949975211,1.714054755,1.241304091,21,3,0.603966541,23,1.196047358,5,1.353496396,2.372959813,"2,100,000.00"
12.89,7,0,2.847591288,12.64244388,0.528389071,0.028453853,12,2,0.113299872,20,1.052875673,5,1.58575455,3.057863335,"2,600,000.00"
22.39,2,0,5.350999564,4.118825144,6.739824789,1.821689416,2,0,1.602959146,2,2.940111393,0,6.361590457,3.594877933,"893,750.00"
36.09,1,0,5.192048924,16.69440877,3.421132423,4.421975181,0,0,4.992931183,0,9.219189864,0,12.72638173,10.71912836,"250,000.00"
8.15,19,4,1.142526683,9.155040562,0.029733581,0.369539052,24,5,0.750590563,12,1.16763043,2,0.670066212,1.155265795,"15,500,000.00"
36.09,1,0,5.192048924,16.69440877,3.421132423,4.421975181,0,0,4.992931183,0,9.219189864,0,12.72638173,10.71912836,"250,000.00"
18.85,3,0,2.75753304,6.672114016,5.148238391,0.144675834,8,2,0.49262073,12,0.048597652,2,4.401620213,1.4674653,"818,181.82"
10.69,4,0,3.223569049,5.653280045,3.840661249,0.675773505,13,4,1.099343865,11,0.973892745,3,3.243475551,1.252826919,"1,650,000.00"
17.66,2,0,2.766675534,1.341754436,9.982145833,0.351838973,8,1,0.22296895,5,0.044349224,1,6.270127131,4.493856946,"430,000.00"
17.66,2,0,2.766675534,1.341754436,9.982145833,0.351838973,8,1,0.22296895,5,0.044349224,1,6.270127131,4.493856946,"420,000.00"
17.41,5,1,1.151801319,10.26685355,1.765059933,0.156907115,19,1,0.240320231,7,1.560481911,1,3.102509131,3.727252772,"2,850,000.00"
36.09,1,0,5.192048924,16.69440877,3.421132423,4.421975181,0,0,4.992931183,0,9.219189864,0,12.72638173,10.71912836,"250,000.00"
22.7,1,0,2.590251572,2.337093727,4.295901225,0.702644063,4,0,0.861949741,3,2.619698666,0,5.201960841,3.611510943,"950,000.00"
8.15,19,4,1.142526683,9.155040562,0.029733581,0.369539052,24,5,0.750590563,12,1.16763043,2,0.670066212,1.155265795,"12,500,000.00"
21.21,3,0,4.001993712,5.27731528,5.682614182,1.481078738,5,0,1.358658138,7,1.820113651,1,5.62599196,3.178849578,"885,000.00"
22.59,1,0,4.731446487,5.842113383,5.025225136,3.189759435,0,0,3.053364406,0,3.525063347,0,5.736706006,4.444261549,"900,000.00"
20.21,1,0,4.452395666,3.231228684,9.461703594,1.564251976,1,0,1.45545367,1,1.669502034,1,6.882095043,6.69515565,"430,000.00"
24.82,1,0,5.090707489,0.409507119,6.811585774,0.031648336,2,1,3.055274365,0,5.118456884,0,7.133131449,4.812728716,"345,000.00"
22.39,2,0,5.350999564,4.118825144,6.739824789,1.821689416,2,0,1.602959146,2,2.940111393,0,6.361590457,3.594877933,"877,000.00"
18.85,3,0,2.75753304,6.672114016,5.148238391,0.144675834,8,2,0.49262073,12,0.048597652,2,4.401620213,1.4674653,"880,000.00"
14.19,1,0,4.333994379,4.620078445,3.239812649,0.047187666,14,1,0.207307327,9,1.832361316,1,2.853306008,2.55936892,"3,000,000.00"
22.44,3,0,5.203382155,3.267675424,7.04024369,1.699276938,3,0,1.23338234,2,3.163384959,0,6.340291304,3.4684978,"880,000.00"
11.35,4,0,3.232578915,6.632045539,4.07247222,0.046516086,15,2,0.275528356,11,1.185148304,2,2.127812617,1.818298797,"2,750,000.00"
17.66,2,0,2.766675534,1.341754436,9.982145833,0.351838973,8,1,0.22296895,5,0.044349224,1,6.270127131,4.493856946,"1,785,000.00"
42.89,2,0,17.30386792,25.98399192,0.638579249,0.092605017,7,3,1.670624688,2,3.822489362,0,20.27564198,8.252888495,"175,000.00"
10.57,11,2,0.574608738,9.365425049,0.380556553,0.053768922,31,3,0.253841443,24,0.139402968,4,0.500748682,1.59651451,"3,700,000.00"
20.21,1,0,4.452395666,3.231228684,9.461703594,1.564251976,1,0,1.45545367,1,1.669502034,1,6.882095043,6.69515565,"420,000.00"
11.35,4,0,3.232578915,6.632045539,4.07247222,0.046516086,15,2,0.275528356,11,1.185148304,2,2.127812617,1.818298797,"2,600,000.00"
11.35,4,0,3.232578915,6.632045539,4.07247222,0.046516086,15,2,0.275528356,11,1.185148304,2,2.127812617,1.818298797,"2,600,000.00"
23.79,1,0,3.495002423,3.317077568,3.931243406,2.171289137,0,0,0.536616073,2,2.688005657,0,5.500983246,4.276389115,"430,000.00"
22.59,1,0,4.731446487,5.842113383,5.025225136,3.189759435,0,0,3.053364406,0,3.525063347,0,5.736706006,4.444261549,"914,285.71"
21.21,3,0,4.001993712,5.27731528,5.682614182,1.481078738,5,0,1.358658138,7,1.820113651,1,5.62599196,3.178849578,"903,846.15"
21.21,3,0,4.001993712,5.27731528,5.682614182,1.481078738,5,0,1.358658138,7,1.820113651,1,5.62599196,3.178849578,"850,000.00"
14.19,1,0,4.333994379,4.620078445,3.239812649,0.047187666,14,1,0.207307327,9,1.832361316,1,2.853306008,2.55936892,"1,757,142.86"
14.94,4,3,1.325521262,3.332054051,6.321523914,0.125554587,9,0,0.297162444,10,0.3277186,2,3.835218788,3.420543751,"1,250,000.00"
14.94,4,3,1.325521262,3.332054051,6.321523914,0.125554587,9,0,0.297162444,10,0.3277186,2,3.835218788,3.420543751,"2,000,000.00"
9.16,19,1,0.668115654,7.480199518,0.647482412,0.047406525,38,5,0.229319769,17,1.221395666,4,1.224741756,1.856131844,"4,200,000.00"
5.79,34,5,0.246501641,5.260460783,1.882027165,0.177139619,56,16,0.270995056,20,0.262818416,7,0.619406784,0.899429589,"18,000,000.00"
10.69,4,0,3.223569049,5.653280045,3.840661249,0.675773505,13,4,1.099343865,11,0.973892745,3,3.243475551,1.252826919,"1,775,000.00"
14.94,4,3,1.325521262,3.332054051,6.321523914,0.125554587,9,0,0.297162444,10,0.3277186,2,3.835218788,3.420543751,"1,175,000.00"
14.94,4,3,1.325521262,3.332054051,6.321523914,0.125554587,9,0,0.297162444,10,0.3277186,2,3.835218788,3.420543751,"1,350,000.00"
19.51,6,0,2.875829072,10.87016748,0.069034825,0.155937673,12,0,0.531430234,4,2.751861472,0,2.987710191,5.917349915,"800,000.00"
22.39,2,0,5.350999564,4.118825144,6.739824789,1.821689416,2,0,1.602959146,2,2.940111393,0,6.361590457,3.594877933,"900,000.00"
7.57,26,6,0.194328801,7.759564862,1.511477789,0.344641591,43,10,0.118453506,18,0.085681338,5,0.241442313,1.261456637,"13,500,000.00"
17.26,6,0,3.092683935,3.716698378,0.089601941,0.104367405,10,1,0.685837638,5,0.917733437,2,2.121535646,2.422564633,"1,800,000.00"
15.34,5,0,2.696064051,6.132844101,0.105448493,0.204660942,10,1,0.52902818,12,0.218559789,3,2.499860496,2.543675581,"1,200,000.00"
7.47,17,4,1.087295775,5.384151821,0.890410619,0.586071568,30,11,0.440548846,15,0.831388942,3,0.85680006,0.690853659,"8,500,000.00"
14.25,3,3,0.833818104,3.171885348,7.325142495,1.087700729,9,1,1.126143462,8,0.799673076,2,4.205907129,3.303200657,"1,200,000.00"
36.09,1,0,5.192048924,16.69440877,3.421132423,4.421975181,0,0,4.992931183,0,9.219189864,0,12.72638173,10.71912836,"250,000.00"
9.16,19,1,0.668115654,7.480199518,0.647482412,0.047406525,38,5,0.229319769,17,1.221395666,4,1.224741756,1.856131844,"3,900,000.00"
22.39,2,0,5.350999564,4.118825144,6.739824789,1.821689416,2,0,1.602959146,2,2.940111393,0,6.361590457,3.594877933,"892,307.69"
14.94,4,3,1.325521262,3.332054051,6.321523914,0.125554587,9,0,0.297162444,10,0.3277186,2,3.835218788,3.420543751,"875,000.00"
7.57,26,6,0.194328801,7.759564862,1.511477789,0.344641591,43,10,0.118453506,18,0.085681338,5,0.241442313,1.261456637,"7,500,000.00"
7.47,17,4,1.087295775,5.384151821,0.890410619,0.586071568,30,11,0.440548846,15,0.831388942,3,0.85680006,0.690853659,"4,500,000.00"
14.94,4,3,1.325521262,3.332054051,6.321523914,0.125554587,9,0,0.297162444,10,0.3277186,2,3.835218788,3.420543751,"1,650,000.00"
26.68,0,0,3.18607699,4.713399699,5.211530471,4.438861782,0,0,3.463452279,0,4.105365541,0,7.515233246,6.442885101,"260,000.00"
22.39,2,0,5.350999564,4.118825144,6.739824789,1.821689416,2,0,1.602959146,2,2.940111393,0,6.361590457,3.594877933,"860,294.12"
20.21,1,0,4.452395666,3.231228684,9.461703594,1.564251976,1,0,1.45545367,1,1.669502034,1,6.882095043,6.69515565,"430,000.00"
9.16,19,1,0.668115654,7.480199518,0.647482412,0.047406525,38,5,0.229319769,17,1.221395666,4,1.224741756,1.856131844,"4,000,000.00"
19.88,4,1,1.514848549,0.984196476,0.596317226,0.864897004,7,1,0.670444824,6,0.139079465,5,3.013258588,1.719960174,"1,650,000.00"
22.39,2,0,5.350999564,4.118825144,6.739824789,1.821689416,2,0,1.602959146,2,2.940111393,0,6.361590457,3.594877933,"600,000.00"
17.66,2,0,2.766675534,1.341754436,9.982145833,0.351838973,8,1,0.22296895,5,0.044349224,1,6.270127131,4.493856946,"435,000.00"
11.35,4,0,3.232578915,6.632045539,4.07247222,0.046516086,15,2,0.275528356,11,1.185148304,2,2.127812617,1.818298797,"1,761,363.64"
10.3,15,2,1.59352339,8.252641545,1.126814689,0.547694489,25,2,0.435381787,18,0.978440306,3,1.083609135,2.184000564,"5,500,000.00"
10.3,15,2,1.59352339,8.252641545,1.126814689,0.547694489,25,2,0.435381787,18,0.978440306,3,1.083609135,2.184000564,"5,500,000.00"
8.66,9,1,0.549898445,5.213415717,1.3669029,0.064668268,9,7,0.050657848,13,2.104233363,0,1.284658669,0.825239173,"6,250,000.00"
15.34,5,0,2.696064051,6.132844101,0.105448493,0.204660942,10,1,0.52902818,12,0.218559789,3,2.499860496,2.543675581,"1,300,000.00"
14.94,4,3,1.325521262,3.332054051,6.321523914,0.125554587,9,0,0.297162444,10,0.3277186,2,3.835218788,3.420543751,"800,000.00"
23.32,0,0,7.028561387,6.124351023,7.643558956,1.844832933,1,0,1.969323048,1,1.735535589,1,7.878843402,8.549334305,"450,000.00"
22.61,3,0,3.998696251,2.379564136,0.489734538,0.201421298,7,2,0.014518784,4,0.899794951,1,3.99247885,2.76473027,"1,400,000.00"
22.39,2,0,5.350999564,4.118825144,6.739824789,1.821689416,2,0,1.602959146,2,2.940111393,0,6.361590457,3.594877933,"938,947.37"
22.39,2,0,5.350999564,4.118825144,6.739824789,1.821689416,2,0,1.602959146,2,2.940111393,0,6.361590457,3.594877933,"903,076.92"
22.39,2,0,5.350999564,4.118825144,6.739824789,1.821689416,2,0,1.602959146,2,2.940111393,0,6.361590457,3.594877933,"944,000.00"
22.39,2,0,5.350999564,4.118825144,6.739824789,1.821689416,2,0,1.602959146,2,2.940111393,0,6.361590457,3.594877933,"943,820.22"
22.39,2,0,5.350999564,4.118825144,6.739824789,1.821689416,2,0,1.602959146,2,2.940111393,0,6.361590457,3.594877933,"892,500.00"
22.39,2,0,5.350999564,4.118825144,6.739824789,1.821689416,2,0,1.602959146,2,2.940111393,0,6.361590457,3.594877933,"876,712.33"
22.39,2,0,5.350999564,4.118825144,6.739824789,1.821689416,2,0,1.602959146,2,2.940111393,0,6.361590457,3.594877933,"944,285.71"
22.39,2,0,5.350999564,4.118825144,6.739824789,1.821689416,2,0,1.602959146,2,2.940111393,0,6.361590457,3.594877933,"943,661.97"
22.39,2,0,5.350999564,4.118825144,6.739824789,1.821689416,2,0,1.602959146,2,2.940111393,0,6.361590457,3.594877933,"969,411.76"
22.39,2,0,5.350999564,4.118825144,6.739824789,1.821689416,2,0,1.602959146,2,2.940111393,0,6.361590457,3.594877933,"959,302.33"
22.39,2,0,5.350999564,4.118825144,6.739824789,1.821689416,2,0,1.602959146,2,2.940111393,0,6.361590457,3.594877933,"969,230.77"
22.39,2,0,5.350999564,4.118825144,6.739824789,1.821689416,2,0,1.602959146,2,2.940111393,0,6.361590457,3.594877933,"969,767.44"
22.39,2,0,5.350999564,4.118825144,6.739824789,1.821689416,2,0,1.602959146,2,2.940111393,0,6.361590457,3.594877933,"959,782.61"
23.32,0,0,7.028561387,6.124351023,7.643558956,1.844832933,1,0,1.969323048,1,1.735535589,1,7.878843402,8.549334305,"650,000.00"
22.59,1,0,4.731446487,5.842113383,5.025225136,3.189759435,0,0,3.053364406,0,3.525063347,0,5.736706006,4.444261549,"918,500.00"
11.35,4,0,3.232578915,6.632045539,4.07247222,0.046516086,15,2,0.275528356,11,1.185148304,2,2.127812617,1.818298797,"4,000,000.00"
22.39,2,0,5.350999564,4.118825144,6.739824789,1.821689416,2,0,1.602959146,2,2.940111393,0,6.361590457,3.594877933,"880,750.00"
8.15,19,4,1.142526683,9.155040562,0.029733581,0.369539052,24,5,0.750590563,12,1.16763043,2,0.670066212,1.155265795,"8,500,000.00"
9.16,19,1,0.668115654,7.480199518,0.647482412,0.047406525,38,5,0.229319769,17,1.221395666,4,1.224741756,1.856131844,"3,300,000.00"
23.19,0,0,6.881585224,5.805024232,4.826494815,3.753772636,0,0,3.51347514,0,3.702392512,0,6.452242016,6.599959383,"380,000.00"
22.39,2,0,5.350999564,4.118825144,6.739824789,1.821689416,2,0,1.602959146,2,2.940111393,0,6.361590457,3.594877933,"892,957.75"
22.39,2,0,5.350999564,4.118825144,6.739824789,1.821689416,2,0,1.602959146,2,2.940111393,0,6.361590457,3.594877933,"923,880.60"
22.39,2,0,5.350999564,4.118825144,6.739824789,1.821689416,2,0,1.602959146,2,2.940111393,0,6.361590457,3.594877933,"989,655.17"
11.35,4,0,3.232578915,6.632045539,4.07247222,0.046516086,15,2,0.275528356,11,1.185148304,2,2.127812617,1.818298797,"3,500,000.00"
21.21,3,0,4.001993712,5.27731528,5.682614182,1.481078738,5,0,1.358658138,7,1.820113651,1,5.62599196,3.178849578,"895,000.00"
20.21,1,0,4.452395666,3.231228684,9.461703594,1.564251976,1,0,1.45545367,1,1.669502034,1,6.882095043,6.69515565,"795,000.00"
22.39,2,0,5.350999564,4.118825144,6.739824789,1.821689416,2,0,1.602959146,2,2.940111393,0,6.361590457,3.594877933,"878,000.00"
12.89,7,0,2.847591288,12.64244388,0.528389071,0.028453853,12,2,0.113299872,20,1.052875673,5,1.58575455,3.057863335,"3,000,000.00"
18.85,3,0,2.75753304,6.672114016,5.148238391,0.144675834,8,2,0.49262073,12,0.048597652,2,4.401620213,1.4674653,"1,350,000.00"
22.61,3,0,3.998696251,2.379564136,0.489734538,0.201421298,7,2,0.014518784,4,0.899794951,1,3.99247885,2.76473027,"660,000.00"
36.09,1,0,5.192048924,16.69440877,3.421132423,4.421975181,0,0,4.992931183,0,9.219189864,0,12.72638173,10.71912836,"250,000.00"
21.21,3,0,4.001993712,5.27731528,5.682614182,1.481078738,5,0,1.358658138,7,1.820113651,1,5.62599196,3.178849578,"870,000.00"
20.21,1,0,4.452395666,3.231228684,9.461703594,1.564251976,1,0,1.45545367,1,1.669502034,1,6.882095043,6.69515565,"410,000.00"
36.09,1,0,5.192048924,16.69440877,3.421132423,4.421975181,0,0,4.992931183,0,9.219189864,0,12.72638173,10.71912836,"250,000.00"
36.09,1,0,5.192048924,16.69440877,3.421132423,4.421975181,0,0,4.992931183,0,9.219189864,0,12.72638173,10.71912836,"250,000.00"
11.35,4,0,3.232578915,6.632045539,4.07247222,0.046516086,15,2,0.275528356,11,1.185148304,2,2.127812617,1.818298797,"2,600,000.00"
22.48,1,0,5.025437008,4.526230179,2.158402885,2.639915599,0,0,0.360470047,1,2.521308465,0,4.82621559,4.51951349,"685,000.00"
11.16,13,0,2.106095585,8.393725938,1.168514876,0.161932175,29,0,0.057423149,19,1.289514894,4,1.203313326,2.598587684,"2,800,000.00"
34.52,1,0,10.86360423,17.54383842,0.032153225,0.022707491,1,0,6.08034501,0,6.910724352,0,14.5292775,10.27685828,"220,000.00"
20.21,1,0,4.452395666,3.231228684,9.461703594,1.564251976,1,0,1.45545367,1,1.669502034,1,6.882095043,6.69515565,"410,000.00"
22.39,2,0,5.350999564,4.118825144,6.739824789,1.821689416,2,0,1.602959146,2,2.940111393,0,6.361590457,3.594877933,"946,666.67"
23.19,0,0,6.881585224,5.805024232,4.826494815,3.753772636,0,0,3.51347514,0,3.702392512,0,6.452242016,6.599959383,"380,000.00"
23.32,0,0,7.028561387,6.124351023,7.643558956,1.844832933,1,0,1.969323048,1,1.735535589,1,7.878843402,8.549334305,"590,000.00"
22.39,2,0,5.350999564,4.118825144,6.739824789,1.821689416,2,0,1.602959146,2,2.940111393,0,6.361590457,3.594877933,"981,187.50"
23.32,0,0,7.028561387,6.124351023,7.643558956,1.844832933,1,0,1.969323048,1,1.735535589,1,7.878843402,8.549334305,"585,585.59"
25.91,2,2,0.770564739,5.442128017,2.425299821,2.68514114,0,0,2.119728706,0,2.78061435,0,5.68174556,4.911417308,"583,333.33"
23.32,0,0,7.028561387,6.124351023,7.643558956,1.844832933,1,0,1.969323048,1,1.735535589,1,7.878843402,8.549334305,"638,461.54"
23.32,0,0,7.028561387,6.124351023,7.643558956,1.844832933,1,0,1.969323048,1,1.735535589,1,7.878843402,8.549334305,"580,551.52"
22.48,1,0,5.025437008,4.526230179,2.158402885,2.639915599,0,0,0.360470047,1,2.521308465,0,4.82621559,4.51951349,"625,000.00"
31.51,1,1,1.381423128,12.16728407,0.149133019,0.047108561,5,1,0.395558833,1,6.762905565,0,9.361162257,6.139936373,"435,000.00"
23.32,0,0,7.028561387,6.124351023,7.643558956,1.844832933,1,0,1.969323048,1,1.735535589,1,7.878843402,8.549334305,"567,164.18"
36.09,1,0,5.192048924,16.69440877,3.421132423,4.421975181,0,0,4.992931183,0,9.219189864,0,12.72638173,10.71912836,"250,000.00"
23.32,0,0,7.028561387,6.124351023,7.643558956,1.844832933,1,0,1.969323048,1,1.735535589,1,7.878843402,8.549334305,"643,939.39"
19.59,1,0,4.65088748,1.626447486,3.488327488,0.0702284,6,0,0.225418134,4,0.132466919,1,3.752484608,4.569323338,"427,083.33"
23.32,0,0,7.028561387,6.124351023,7.643558956,1.844832933,1,0,1.969323048,1,1.735535589,1,7.878843402,8.549334305,"450,000.00"
31.51,1,1,1.381423128,12.16728407,0.149133019,0.047108561,5,1,0.395558833,1,6.762905565,0,9.361162257,6.139936373,"250,000.00"
23.32,0,0,7.028561387,6.124351023,7.643558956,1.844832933,1,0,1.969323048,1,1.735535589,1,7.878843402,8.549334305,"620,000.00"
23.32,0,0,7.028561387,6.124351023,7.643558956,1.844832933,1,0,1.969323048,1,1.735535589,1,7.878843402,8.549334305,"90,090.09"
23.32,0,0,7.028561387,6.124351023,7.643558956,1.844832933,1,0,1.969323048,1,1.735535589,1,7.878843402,8.549334305,"570,570.57"
21.21,3,0,4.001993712,5.27731528,5.682614182,1.481078738,5,0,1.358658138,7,1.820113651,1,5.62599196,3.178849578,"890,000.00"
9.16,19,1,0.668115654,7.480199518,0.647482412,0.047406525,38,5,0.229319769,17,1.221395666,4,1.224741756,1.856131844,"4,550,000.00"
23.32,0,0,7.028561387,6.124351023,7.643558956,1.844832933,1,0,1.969323048,1,1.735535589,1,7.878843402,8.549334305,"604,838.71"
23.32,0,0,7.028561387,6.124351023,7.643558956,1.844832933,1,0,1.969323048,1,1.735535589,1,7.878843402,8.549334305,"630,000.00"
23.32,0,0,7.028561387,6.124351023,7.643558956,1.844832933,1,0,1.969323048,1,1.735535589,1,7.878843402,8.549334305,"630,000.00"
22.39,2,0,5.350999564,4.118825144,6.739824789,1.821689416,2,0,1.602959146,2,2.940111393,0,6.361590457,3.594877933,"877,000.00"
36.09,1,0,5.192048924,16.69440877,3.421132423,4.421975181,0,0,4.992931183,0,9.219189864,0,12.72638173,10.71912836,"250,000.00"
14.19,1,0,4.333994379,4.620078445,3.239812649,0.047187666,14,1,0.207307327,9,1.832361316,1,2.853306008,2.55936892,"5,882,352.94"
11.35,4,0,3.232578915,6.632045539,4.07247222,0.046516086,15,2,0.275528356,11,1.185148304,2,2.127812617,1.818298797,"2,100,000.00"
15.34,5,0,2.696064051,6.132844101,0.105448493,0.204660942,10,1,0.52902818,12,0.218559789,3,2.499860496,2.543675581,"1,200,000.00"
12.89,7,0,2.847591288,12.64244388,0.528389071,0.028453853,12,2,0.113299872,20,1.052875673,5,1.58575455,3.057863335,"2,000,000.00"
26.73,2,0,2.277565832,7.139742484,0.085556088,0.046381217,4,0,2.02374757,0,1.820775485,1,5.850247893,4.425054309,"275,000.00"
11.35,4,0,3.232578915,6.632045539,4.07247222,0.046516086,15,2,0.275528356,11,1.185148304,2,2.127812617,1.818298797,"2,500,000.00"
23.32,0,0,7.028561387,6.124351023,7.643558956,1.844832933,1,0,1.969323048,1,1.735535589,1,7.878843402,8.549334305,"564,516.13"
22.39,2,0,5.350999564,4.118825144,6.739824789,1.821689416,2,0,1.602959146,2,2.940111393,0,6.361590457,3.594877933,"893,571.43"
14.94,4,3,1.325521262,3.332054051,6.321523914,0.125554587,9,0,0.297162444,10,0.3277186,2,3.835218788,3.420543751,"450,000.00"
23.32,0,0,7.028561387,6.124351023,7.643558956,1.844832933,1,0,1.969323048,1,1.735535589,1,7.878843402,8.549334305,"450,000.00"
12.76,2,0,3.451188718,6.068423112,2.350095105,1.225216639,17,2,1.004871588,8,0.651363299,2,2.259273367,2.561824923,"1,950,000.00"
21.21,3,0,4.001993712,5.27731528,5.682614182,1.481078738,5,0,1.358658138,7,1.820113651,1,5.62599196,3.178849578,"450,000.00"
23.32,0,0,7.028561387,6.124351023,7.643558956,1.844832933,1,0,1.969323048,1,1.735535589,1,7.878843402,8.549334305,"661,290.32"
31.51,1,1,1.381423128,12.16728407,0.149133019,0.047108561,5,1,0.395558833,1,6.762905565,0,9.361162257,6.139936373,"250,000.00"
23.32,0,0,7.028561387,6.124351023,7.643558956,1.844832933,1,0,1.969323048,1,1.735535589,1,7.878843402,8.549334305,"625,000.00"
23.32,0,0,7.028561387,6.124351023,7.643558956,1.844832933,1,0,1.969323048,1,1.735535589,1,7.878843402,8.549334305,"650,000.00"
21.21,3,0,4.001993712,5.27731528,5.682614182,1.481078738,5,0,1.358658138,7,1.820113651,1,5.62599196,3.178849578,"815,000.00"
17.05,1,0,3.288533063,7.422553915,3.42874365,0.209031029,5,2,0.224225553,7,0.102080252,2,4.183153917,1.893212984,"1,400,000.00"
10.64,6,0,2.246210381,8.09204828,1.80277564,0.069620362,22,0,0.265138276,16,0.346100643,2,1.203411373,2.706880853,"2,900,000.00"
26.68,0,0,3.18607699,4.713399699,5.211530471,4.438861782,0,0,3.463452279,0,4.105365541,0,7.515233246,6.442885101,"300,000.00"
16.64,6,0,2.146214815,11.41432897,0.684413524,0.792289175,11,0,0.089125709,5,1.535985625,1,3.06771498,4.27051515,"1,175,000.00"
23.75,1,0,3.351104283,3.08436925,2.215013757,1.781127438,7,1,1.136606202,2,0.861553358,1,5.120823009,3.732607722,"975,000.00"
31.51,1,1,1.381423128,12.16728407,0.149133019,0.047108561,5,1,0.395558833,1,6.762905565,0,9.361162257,6.139936373,"170,000.00"
22.39,2,0,5.350999564,4.118825144,6.739824789,1.821689416,2,0,1.602959146,2,2.940111393,0,6.361590457,3.594877933,"907,692.31"
23.79,1,0,3.495002423,3.317077568,3.931243406,2.171289137,0,0,0.536616073,2,2.688005657,0,5.500983246,4.276389115,"520,000.00"
18.85,3,0,2.75753304,6.672114016,5.148238391,0.144675834,8,2,0.49262073,12,0.048597652,2,4.401620213,1.4674653,"1,100,000.00"
22.39,2,0,5.350999564,4.118825144,6.739824789,1.821689416,2,0,1.602959146,2,2.940111393,0,6.361590457,3.594877933,"890,000.00"
23.32,0,0,7.028561387,6.124351023,7.643558956,1.844832933,1,0,1.969323048,1,1.735535589,1,7.878843402,8.549334305,"633,587.79"
10.57,11,2,0.574608738,9.365425049,0.380556553,0.053768922,31,3,0.253841443,24,0.139402968,4,0.500748682,1.59651451,"2,092,050.21"
21.21,3,0,4.001993712,5.27731528,5.682614182,1.481078738,5,0,1.358658138,7,1.820113651,1,5.62599196,3.178849578,"890,000.00"
9.16,19,1,0.668115654,7.480199518,0.647482412,0.047406525,38,5,0.229319769,17,1.221395666,4,1.224741756,1.856131844,"3,500,000.00"
23.32,0,0,7.028561387,6.124351023,7.643558956,1.844832933,1,0,1.969323048,1,1.735535589,1,7.878843402,8.549334305,"95,419.85"
23.32,0,0,7.028561387,6.124351023,7.643558956,1.844832933,1,0,1.969323048,1,1.735535589,1,7.878843402,8.549334305,"550,000.00"
21.21,3,0,4.001993712,5.27731528,5.682614182,1.481078738,5,0,1.358658138,7,1.820113651,1,5.62599196,3.178849578,"595,000.00"
24.82,1,0,5.090707489,0.409507119,6.811585774,0.031648336,2,1,3.055274365,0,5.118456884,0,7.133131449,4.812728716,"425,000.00"
14.94,4,3,1.325521262,3.332054051,6.321523914,0.125554587,9,0,0.297162444,10,0.3277186,2,3.835218788,3.420543751,"850,000.00"
16.39,1,0,3.876604793,1.871289347,3.876447241,0.024556017,1,0,1.187704419,5,0.074058786,1,3.340681566,4.15652795,"1,250,000.00"
21.21,3,0,4.001993712,5.27731528,5.682614182,1.481078738,5,0,1.358658138,7,1.820113651,1,5.62599196,3.178849578,"915,736.25"
17.66,2,0,2.766675534,1.341754436,9.982145833,0.351838973,8,1,0.22296895,5,0.044349224,1,6.270127131,4.493856946,"425,000.00"
23.32,0,0,7.028561387,6.124351023,7.643558956,1.844832933,1,0,1.969323048,1,1.735535589,1,7.878843402,8.549334305,"650,000.00"
23.32,0,0,7.028561387,6.124351023,7.643558956,1.844832933,1,0,1.969323048,1,1.735535589,1,7.878843402,8.549334305,"630,000.00"
9.16,19,1,0.668115654,7.480199518,0.647482412,0.047406525,38,5,0.229319769,17,1.221395666,4,1.224741756,1.856131844,"4,000,000.00"
18.85,3,0,2.75753304,6.672114016,5.148238391,0.144675834,8,2,0.49262073,12,0.048597652,2,4.401620213,1.4674653,"800,000.00"
31.51,1,1,1.381423128,12.16728407,0.149133019,0.047108561,5,1,0.395558833,1,6.762905565,0,9.361162257,6.139936373,"315,000.00"
36.09,1,0,5.192048924,16.69440877,3.421132423,4.421975181,0,0,4.992931183,0,9.219189864,0,12.72638173,10.71912836,"250,000.00"
36.09,1,0,5.192048924,16.69440877,3.421132423,4.421975181,0,0,4.992931183,0,9.219189864,0,12.72638173,10.71912836,"250,000.00"
23.32,0,0,7.028561387,6.124351023,7.643558956,1.844832933,1,0,1.969323048,1,1.735535589,1,7.878843402,8.549334305,"584,615.38"
23.32,0,0,7.028561387,6.124351023,7.643558956,1.844832933,1,0,1.969323048,1,1.735535589,1,7.878843402,8.549334305,"615,384.62"
15.34,5,0,2.696064051,6.132844101,0.105448493,0.204660942,10,1,0.52902818,12,0.218559789,3,2.499860496,2.543675581,"1,550,000.00"
23.32,0,0,7.028561387,6.124351023,7.643558956,1.844832933,1,0,1.969323048,1,1.735535589,1,7.878843402,8.549334305,"600,000.00"
14.94,4,3,1.325521262,3.332054051,6.321523914,0.125554587,9,0,0.297162444,10,0.3277186,2,3.835218788,3.420543751,"450,000.00"
36.09,1,0,5.192048924,16.69440877,3.421132423,4.421975181,0,0,4.992931183,0,9.219189864,0,12.72638173,10.71912836,"250,000.00"
10.96,9,1,1.555973958,11.53988387,0.42972373,0.126142707,18,1,0.460378059,12,0.545357036,3,0.891115717,1.452211198,"3,500,000.00"
25.74,2,0,3.750819421,7.090341751,1.668134015,1.342908267,4,1,1.538556531,1,1.538463966,1,5.698412478,4.49286357,"400,000.00"
14.94,4,3,1.325521262,3.332054051,6.321523914,0.125554587,9,0,0.297162444,10,0.3277186,2,3.835218788,3.420543751,"450,000.00"
22.61,3,0,3.998696251,2.379564136,0.489734538,0.201421298,7,2,0.014518784,4,0.899794951,1,3.99247885,2.76473027,"190,000.00"
22.39,2,0,5.350999564,4.118825144,6.739824789,1.821689416,2,0,1.602959146,2,2.940111393,0,6.361590457,3.594877933,"876,614.29"
21.21,3,0,4.001993712,5.27731528,5.682614182,1.481078738,5,0,1.358658138,7,1.820113651,1,5.62599196,3.178849578,"890,000.00"
20.26,1,1,1.649133688,3.755539704,3.334268521,1.353256456,2,0,0.258697703,3,1.646892792,2,4.163488983,3.010456911,"465,000.00"
11.35,4,0,3.232578915,6.632045539,4.07247222,0.046516086,15,2,0.275528356,11,1.185148304,2,2.127812617,1.818298797,"1,650,000.00"
10.57,11,2,0.574608738,9.365425049,0.380556553,0.053768922,31,3,0.253841443,24,0.139402968,4,0.500748682,1.59651451,"5,000,000.00"
9.16,19,1,0.668115654,7.480199518,0.647482412,0.047406525,38,5,0.229319769,17,1.221395666,4,1.224741756,1.856131844,"4,500,000.00"
10.96,9,1,1.555973958,11.53988387,0.42972373,0.126142707,18,1,0.460378059,12,0.545357036,3,0.891115717,1.452211198,"5,000,000.00"
10.64,6,0,2.246210381,8.09204828,1.80277564,0.069620362,22,0,0.265138276,16,0.346100643,2,1.203411373,2.706880853,"2,100,000.00"
9.16,19,1,0.668115654,7.480199518,0.647482412,0.047406525,38,5,0.229319769,17,1.221395666,4,1.224741756,1.856131844,"4,500,000.00"
10.56,10,2,0.1918214,9.666038251,0.888089233,0.089743676,25,3,0.100129552,24,0.129686103,4,0.634317711,1.338208605,"5,500,000.00"
11.35,4,0,3.232578915,6.632045539,4.07247222,0.046516086,15,2,0.275528356,11,1.185148304,2,2.127812617,1.818298797,"6,500,000.00"
18.85,3,0,2.75753304,6.672114016,5.148238391,0.144675834,8,2,0.49262073,12,0.048597652,2,4.401620213,1.4674653,"1,100,000.00"
22.39,2,0,5.350999564,4.118825144,6.739824789,1.821689416,2,0,1.602959146,2,2.940111393,0,6.361590457,3.594877933,"878,000.00"
18.99,1,0,4.166310614,1.017527418,3.848115313,0.423050478,6,0,0.08690014,4,0.47781218,1,3.829576968,4.632327176,"750,000.00"
22.48,1,0,5.025437008,4.526230179,2.158402885,2.639915599,0,0,0.360470047,1,2.521308465,0,4.82621559,4.51951349,"750,000.00"
22.48,1,0,5.025437008,4.526230179,2.158402885,2.639915599,0,0,0.360470047,1,2.521308465,0,4.82621559,4.51951349,"750,000.00"
22.59,1,0,4.731446487,5.842113383,5.025225136,3.189759435,0,0,3.053364406,0,3.525063347,0,5.736706006,4.444261549,"892,307.69"
22.61,3,0,3.998696251,2.379564136,0.489734538,0.201421298,7,2,0.014518784,4,0.899794951,1,3.99247885,2.76473027,"220,000.00"
18.81,0,0,3.384280267,2.132084935,1.424440669,1.743333232,7,1,1.376088095,4,1.848858854,3,3.300178181,2.560593361,"550,000.00"
13.98,1,1,1.440497502,8.830429042,2.212403368,0.071858443,10,2,0.100746527,11,0.886448814,1,2.748057643,2.54970663,"1,250,000.00"
23.32,0,0,7.028561387,6.124351023,7.643558956,1.844832933,1,0,1.969323048,1,1.735535589,1,7.878843402,8.549334305,"600,000.00"
21.21,3,0,4.001993712,5.27731528,5.682614182,1.481078738,5,0,1.358658138,7,1.820113651,1,5.62599196,3.178849578,"900,000.00"
22.39,2,0,5.350999564,4.118825144,6.739824789,1.821689416,2,0,1.602959146,2,2.940111393,0,6.361590457,3.594877933,"900,000.00"
22.59,1,0,4.731446487,5.842113383,5.025225136,3.189759435,0,0,3.053364406,0,3.525063347,0,5.736706006,4.444261549,"885,923.08"
22.61,3,0,3.998696251,2.379564136,0.489734538,0.201421298,7,2,0.014518784,4,0.899794951,1,3.99247885,2.76473027,"220,000.00"
17.66,2,0,2.766675534,1.341754436,9.982145833,0.351838973,8,1,0.22296895,5,0.044349224,1,6.270127131,4.493856946,"450,000.00"
17.66,2,0,2.766675534,1.341754436,9.982145833,0.351838973,8,1,0.22296895,5,0.044349224,1,6.270127131,4.493856946,"450,000.00"
19.59,1,0,4.65088748,1.626447486,3.488327488,0.0702284,6,0,0.225418134,4,0.132466919,1,3.752484608,4.569323338,"425,000.00"
22.48,1,0,5.025437008,4.526230179,2.158402885,2.639915599,0,0,0.360470047,1,2.521308465,0,4.82621559,4.51951349,"440,000.00"
22.48,1,0,5.025437008,4.526230179,2.158402885,2.639915599,0,0,0.360470047,1,2.521308465,0,4.82621559,4.51951349,"450,000.00"
23.32,0,0,7.028561387,6.124351023,7.643558956,1.844832933,1,0,1.969323048,1,1.735535589,1,7.878843402,8.549334305,"447,916.67"
23.32,0,0,7.028561387,6.124351023,7.643558956,1.844832933,1,0,1.969323048,1,1.735535589,1,7.878843402,8.549334305,"630,000.00"
17.66,2,0,2.766675534,1.341754436,9.982145833,0.351838973,8,1,0.22296895,5,0.044349224,1,6.270127131,4.493856946,"625,000.00"
23.32,0,0,7.028561387,6.124351023,7.643558956,1.844832933,1,0,1.969323048,1,1.735535589,1,7.878843402,8.549334305,"636,363.64"
23.32,0,0,7.028561387,6.124351023,7.643558956,1.844832933,1,0,1.969323048,1,1.735535589,1,7.878843402,8.549334305,"425,000.00"
18.22,2,0,3.218733384,5.050106602,2.905410688,2.464115194,0,1,0.992702223,6,2.447235159,0,3.630156167,2.458839037,"1,100,000.00"
17.66,2,0,2.766675534,1.341754436,9.982145833,0.351838973,8,1,0.22296895,5,0.044349224,1,6.270127131,4.493856946,"420,000.00"
23.32,0,0,7.028561387,6.124351023,7.643558956,1.844832933,1,0,1.969323048,1,1.735535589,1,7.878843402,8.549334305,"450,000.00"
22.39,2,0,5.350999564,4.118825144,6.739824789,1.821689416,2,0,1.602959146,2,2.940111393,0,6.361590457,3.594877933,"888,700.00"
14.94,4,3,1.325521262,3.332054051,6.321523914,0.125554587,9,0,0.297162444,10,0.3277186,2,3.835218788,3.420543751,"3,300,000.00"
9.16,19,1,0.668115654,7.480199518,0.647482412,0.047406525,38,5,0.229319769,17,1.221395666,4,1.224741756,1.856131844,"4,500,000.00"
23.32,0,0,7.028561387,6.124351023,7.643558956,1.844832933,1,0,1.969323048,1,1.735535589,1,7.878843402,8.549334305,"650,000.00"
23.32,0,0,7.028561387,6.124351023,7.643558956,1.844832933,1,0,1.969323048,1,1.735535589,1,7.878843402,8.549334305,"650,000.00"
22.59,1,0,4.731446487,5.842113383,5.025225136,3.189759435,0,0,3.053364406,0,3.525063347,0,5.736706006,4.444261549,"886,363.64"
22.39,2,0,5.350999564,4.118825144,6.739824789,1.821689416,2,0,1.602959146,2,2.940111393,0,6.361590457,3.594877933,"885,000.00"
22.59,1,0,4.731446487,5.842113383,5.025225136,3.189759435,0,0,3.053364406,0,3.525063347,0,5.736706006,4.444261549,"900,000.00"
22.39,2,0,5.350999564,4.118825144,6.739824789,1.821689416,2,0,1.602959146,2,2.940111393,0,6.361590457,3.594877933,"890,500.00"
22.39,2,0,5.350999564,4.118825144,6.739824789,1.821689416,2,0,1.602959146,2,2.940111393,0,6.361590457,3.594877933,"800,000.00"
14.29,8,0,2.210242241,12.7198494,0.570907625,0.493071529,12,1,0.450048459,9,0.475998265,3,2.72457472,3.728770782,"2,300,000.00"
10.64,6,0,2.246210381,8.09204828,1.80277564,0.069620362,22,0,0.265138276,16,0.346100643,2,1.203411373,2.706880853,"2,800,000.00"
14.19,1,0,4.333994379,4.620078445,3.239812649,0.047187666,14,1,0.207307327,9,1.832361316,1,2.853306008,2.55936892,"1,650,000.00"
36.09,1,0,5.192048924,16.69440877,3.421132423,4.421975181,0,0,4.992931183,0,9.219189864,0,12.72638173,10.71912836,"250,000.00"
17.56,8,0,2.815468682,3.958057755,1.004244922,0.903396438,10,1,0.826950604,7,0.904980795,3,2.272672511,2.088733809,"1,250,000.00"
21.21,3,0,4.001993712,5.27731528,5.682614182,1.481078738,5,0,1.358658138,7,1.820113651,1,5.62599196,3.178849578,"400,000.00"
23.65,1,0,6.293782293,4.0924518,6.75423149,3.113434999,0,0,2.887802918,0,4.196443454,0,7.250108037,4.444523159,"410,000.00"
11.35,4,0,3.232578915,6.632045539,4.07247222,0.046516086,15,2,0.275528356,11,1.185148304,2,2.127812617,1.818298797,"3,600,000.00"
23.35,1,0,5.231325435,7.240532484,3.612711021,2.440272677,0,0,4.342252902,0,3.836537102,0,5.975094036,5.76504541,"915,000.00"
17.66,2,0,2.766675534,1.341754436,9.982145833,0.351838973,8,1,0.22296895,5,0.044349224,1,6.270127131,4.493856946,"420,000.00"
22.59,1,0,4.731446487,5.842113383,5.025225136,3.189759435,0,0,3.053364406,0,3.525063347,0,5.736706006,4.444261549,"895,000.00"
10.96,9,1,1.555973958,11.53988387,0.42972373,0.126142707,18,1,0.460378059,12,0.545357036,3,0.891115717,1.452211198,"2,700,000.00"
13.98,1,1,1.440497502,8.830429042,2.212403368,0.071858443,10,2,0.100746527,11,0.886448814,1,2.748057643,2.54970663,"2,700,000.00"
21.21,3,0,4.001993712,5.27731528,5.682614182,1.481078738,5,0,1.358658138,7,1.820113651,1,5.62599196,3.178849578,"800,000.00"
20.21,1,0,4.452395666,3.231228684,9.461703594,1.564251976,1,0,1.45545367,1,1.669502034,1,6.882095043,6.69515565,"395,000.00"
10.64,6,0,2.246210381,8.09204828,1.80277564,0.069620362,22,0,0.265138276,16,0.346100643,2,1.203411373,2.706880853,"2,500,000.00"
15.34,5,0,2.696064051,6.132844101,0.105448493,0.204660942,10,1,0.52902818,12,0.218559789,3,2.499860496,2.543675581,"4,000,000.00"
25.05,3,0,2.740672922,5.746503894,0.306706658,0.157991858,4,1,0.375674414,2,0.149143912,1,5.252882255,3.898401641,"600,000.00"
18.99,5,1,1.866050156,1.810057975,0.314617717,0.069482791,9,1,0.265588994,5,0.215824615,5,2.560275109,1.767980392,"1,100,000.00"
8.43,25,5,0.68379499,8.270892022,1.393859989,0.06226201,43,10,0.220060054,23,0.776471572,5,0.656539523,1.209048532,"13,500,000.00"
21.21,3,0,4.001993712,5.27731528,5.682614182,1.481078738,5,0,1.358658138,7,1.820113651,1,5.62599196,3.178849578,"850,000.00"
23.32,0,0,7.028561387,6.124351023,7.643558956,1.844832933,1,0,1.969323048,1,1.735535589,1,7.878843402,8.549334305,"600,000.00"
9.16,19,1,0.668115654,7.480199518,0.647482412,0.047406525,38,5,0.229319769,17,1.221395666,4,1.224741756,1.856131844,"3,300,000.00"
19.51,6,0,2.875829072,10.87016748,0.069034825,0.155937673,12,0,0.531430234,4,2.751861472,0,2.987710191,5.917349915,"3,000,000.00"
23.52,1,0,4.517601805,5.391227259,2.05266268,1.79869111,1,1,1.44591556,3,1.743481817,1,4.84824702,4.589242247,"350,000.00"
18.53,3,1,1.382323394,7.828666399,4.094241806,1.152335673,10,2,0.353464627,6,1.290549374,3,4.033657597,2.347041609,"430,769.23"
10.96,9,1,1.555973958,11.53988387,0.42972373,0.126142707,18,1,0.460378059,12,0.545357036,3,0.891115717,1.452211198,"2,700,000.00"
10.57,11,2,0.574608738,9.365425049,0.380556553,0.053768922,31,3,0.253841443,24,0.139402968,4,0.500748682,1.59651451,"3,200,000.00"
9.16,19,1,0.668115654,7.480199518,0.647482412,0.047406525,38,5,0.229319769,17,1.221395666,4,1.224741756,1.856131844,"4,200,000.00"
31.51,1,1,1.381423128,12.16728407,0.149133019,0.047108561,5,1,0.395558833,1,6.762905565,0,9.361162257,6.139936373,"315,000.00"
21.21,3,0,4.001993712,5.27731528,5.682614182,1.481078738,5,0,1.358658138,7,1.820113651,1,5.62599196,3.178849578,"931,579.00"
17.66,2,0,2.766675534,1.341754436,9.982145833,0.351838973,8,1,0.22296895,5,0.044349224,1,6.270127131,4.493856946,"450,000.00"
23.32,0,0,7.028561387,6.124351023,7.643558956,1.844832933,1,0,1.969323048,1,1.735535589,1,7.878843402,8.549334305,"613,846.15"
18.85,3,0,2.75753304,6.672114016,5.148238391,0.144675834,8,2,0.49262073,12,0.048597652,2,4.401620213,1.4674653,"950,000.00"
11.35,4,0,3.232578915,6.632045539,4.07247222,0.046516086,15,2,0.275528356,11,1.185148304,2,2.127812617,1.818298797,"4,500,000.00"
17.66,2,0,2.766675534,1.341754436,9.982145833,0.351838973,8,1,0.22296895,5,0.044349224,1,6.270127131,4.493856946,"430,000.00"
4.22,22,2,1.467277947,5.676326993,0.379336786,0.083896065,46,9,0.234180842,17,0.836102939,4,0.648388584,1.199440728,"16,000,000.00"
17.66,2,0,2.766675534,1.341754436,9.982145833,0.351838973,8,1,0.22296895,5,0.044349224,1,6.270127131,4.493856946,"430,000.00"
15.79,2,1,1.603867054,9.009921464,3.884337052,1.648866988,2,1,0.584346209,6,1.689496882,1,3.966453683,2.378807238,"1,954,887.22"
9.16,19,1,0.668115654,7.480199518,0.647482412,0.047406525,38,5,0.229319769,17,1.221395666,4,1.224741756,1.856131844,"5,700,000.00"
36.09,1,0,5.192048924,16.69440877,3.421132423,4.421975181,0,0,4.992931183,0,9.219189864,0,12.72638173,10.71912836,"238,095.24"
10.12,12,2,0.701574755,9.739960244,1.63779857,0.09525586,32,4,0.1261487,25,0.447362946,4,1.135299754,0.957193443,"3,700,000.00"
17.66,2,0,2.766675534,1.341754436,9.982145833,0.351838973,8,1,0.22296895,5,0.044349224,1,6.270127131,4.493856946,"1,500,000.00"
24.82,1,0,5.090707489,0.409507119,6.811585774,0.031648336,2,1,3.055274365,0,5.118456884,0,7.133131449,4.812728716,"400,000.00"
23.32,0,0,7.028561387,6.124351023,7.643558956,1.844832933,1,0,1.969323048,1,1.735535589,1,7.878843402,8.549334305,"650,000.00"
17.41,5,1,1.151801319,10.26685355,1.765059933,0.156907115,19,1,0.240320231,7,1.560481911,1,3.102509131,3.727252772,"1,250,000.00"
21.21,3,0,4.001993712,5.27731528,5.682614182,1.481078738,5,0,1.358658138,7,1.820113651,1,5.62599196,3.178849578,"876,923.08"
11.09,12,2,1.043447467,9.414398438,0.514055548,0.480903936,31,2,0.344003826,23,0.420371169,4,0.77151836,2.030959278,"1,800,000.00"
17.26,6,0,3.092683935,3.716698378,0.089601941,0.104367405,10,1,0.685837638,5,0.917733437,2,2.121535646,2.422564633,"1,300,000.00"
13.98,1,1,1.440497502,8.830429042,2.212403368,0.071858443,10,2,0.100746527,11,0.886448814,1,2.748057643,2.54970663,"1,625,000.00"
9.16,19,1,0.668115654,7.480199518,0.647482412,0.047406525,38,5,0.229319769,17,1.221395666,4,1.224741756,1.856131844,"6,100,000.00"
9.16,19,1,0.668115654,7.480199518,0.647482412,0.047406525,38,5,0.229319769,17,1.221395666,4,1.224741756,1.856131844,"4,100,000.00"
9.61,2,0,4.418797371,3.481613553,2.679374305,1.038703539,5,1,1.06259087,5,1.092881018,2,3.833930644,2.189414859,"5,000,000.00"
5.42,23,6,0.274439339,6.485148777,0.987947003,0.216845753,46,7,0.248492837,16,0.813136894,5,0.46789424,1.120174736,"613,636.36"
21.21,3,0,4.001993712,5.27731528,5.682614182,1.481078738,5,0,1.358658138,7,1.820113651,1,5.62599196,3.178849578,"1,333,333.33"
25.91,2,2,0.770564739,5.442128017,2.425299821,2.68514114,0,0,2.119728706,0,2.78061435,0,5.68174556,4.911417308,"1,444,444.44"
23.32,0,0,7.028561387,6.124351023,7.643558956,1.844832933,1,0,1.969323048,1,1.735535589,1,7.878843402,8.549334305,"633,587.79"
36.09,1,0,5.192048924,16.69440877,3.421132423,4.421975181,0,0,4.992931183,0,9.219189864,0,12.72638173,10.71912836,"250,000.00"
8.15,19,4,1.142526683,9.155040562,0.029733581,0.369539052,24,5,0.750590563,12,1.16763043,2,0.670066212,1.155265795,"5,200,000.00"
10.69,4,0,3.223569049,5.653280045,3.840661249,0.675773505,13,4,1.099343865,11,0.973892745,3,3.243475551,1.252826919,"3,500,000.00"
23.32,0,0,7.028561387,6.124351023,7.643558956,1.844832933,1,0,1.969323048,1,1.735535589,1,7.878843402,8.549334305,"400,000.00"
18.85,3,0,2.75753304,6.672114016,5.148238391,0.144675834,8,2,0.49262073,12,0.048597652,2,4.401620213,1.4674653,"550,000.00"
22.39,2,0,5.350999564,4.118825144,6.739824789,1.821689416,2,0,1.602959146,2,2.940111393,0,6.361590457,3.594877933,"907,692.31"
23.32,0,0,7.028561387,6.124351023,7.643558956,1.844832933,1,0,1.969323048,1,1.735535589,1,7.878843402,8.549334305,"600,000.00"
14.94,4,3,1.325521262,3.332054051,6.321523914,0.125554587,9,0,0.297162444,10,0.3277186,2,3.835218788,3.420543751,"445,000.00"
36.09,1,0,5.192048924,16.69440877,3.421132423,4.421975181,0,0,4.992931183,0,9.219189864,0,12.72638173,10.71912836,"250,000.00"
24.82,1,0,5.090707489,0.409507119,6.811585774,0.031648336,2,1,3.055274365,0,5.118456884,0,7.133131449,4.812728716,"795,000.00"
18.85,3,0,2.75753304,6.672114016,5.148238391,0.144675834,8,2,0.49262073,12,0.048597652,2,4.401620213,1.4674653,"900,000.00"
22.59,1,0,4.731446487,5.842113383,5.025225136,3.189759435,0,0,3.053364406,0,3.525063347,0,5.736706006,4.444261549,"8,750,000.00"
12.89,7,0,2.847591288,12.64244388,0.528389071,0.028453853,12,2,0.113299872,20,1.052875673,5,1.58575455,3.057863335,"2,100,000.00"
8.64,23,6,0.896575355,8.629160454,1.365402286,0.008397406,39,8,0.35812499,20,1.008108031,5,0.787712631,1.198216875,"8,500,000.00"
17.66,2,0,2.766675534,1.341754436,9.982145833,0.351838973,8,1,0.22296895,5,0.044349224,1,6.270127131,4.493856946,"610,687.02"
23.32,0,0,7.028561387,6.124351023,7.643558956,1.844832933,1,0,1.969323048,1,1.735535589,1,7.878843402,8.549334305,"620,000.00"
12.89,7,0,2.847591288,12.64244388,0.528389071,0.028453853,12,2,0.113299872,20,1.052875673,5,1.58575455,3.057863335,"3,000,000.00"
25.91,2,2,0.770564739,5.442128017,2.425299821,2.68514114,0,0,2.119728706,0,2.78061435,0,5.68174556,4.911417308,"600,000.00"
20.21,1,0,4.452395666,3.231228684,9.461703594,1.564251976,1,0,1.45545367,1,1.669502034,1,6.882095043,6.69515565,"795,000.00"
14.94,4,3,1.325521262,3.332054051,6.321523914,0.125554587,9,0,0.297162444,10,0.3277186,2,3.835218788,3.420543751,"1,500,000.00"
17.66,2,0,2.766675534,1.341754436,9.982145833,0.351838973,8,1,0.22296895,5,0.044349224,1,6.270127131,4.493856946,"430,000.00"
34.38,0,0,8.601091173,17.20564379,0.019538774,2.070585062,0,0,5.205830928,0,5.511247807,0,14.07979955,10.4730023,"130,000.00"
21.5,0,0,5.374796464,4.330842323,8.553697374,0.085015366,1,0,0.078489009,1,0.196379228,1,7.263013641,7.777173725,"430,000.00"
20.21,1,0,4.452395666,3.231228684,9.461703594,1.564251976,1,0,1.45545367,1,1.669502034,1,6.882095043,6.69515565,"450,000.00"
20.21,1,0,4.452395666,3.231228684,9.461703594,1.564251976,1,0,1.45545367,1,1.669502034,1,6.882095043,6.69515565,"450,000.00"
10.12,12,2,0.701574755,9.739960244,1.63779857,0.09525586,32,4,0.1261487,25,0.447362946,4,1.135299754,0.957193443,"2,750,000.00"
11.77,4,0,2.074936334,11.38133063,1.883167861,0.106973392,18,2,0.182098855,21,1.505002665,4,1.776388177,2.22687177,"2,700,000.00"
22.39,2,0,5.350999564,4.118825144,6.739824789,1.821689416,2,0,1.602959146,2,2.940111393,0,6.361590457,3.594877933,"890,000.00"
21.21,3,0,4.001993712,5.27731528,5.682614182,1.481078738,5,0,1.358658138,7,1.820113651,1,5.62599196,3.178849578,"890,769.23"
22.59,1,0,4.731446487,5.842113383,5.025225136,3.189759435,0,0,3.053364406,0,3.525063347,0,5.736706006,4.444261549,"912,000.00"
18.85,3,0,2.75753304,6.672114016,5.148238391,0.144675834,8,2,0.49262073,12,0.048597652,2,4.401620213,1.4674653,"857,142.86"
15.34,5,0,2.696064051,6.132844101,0.105448493,0.204660942,10,1,0.52902818,12,0.218559789,3,2.499860496,2.543675581,"2,000,000.00"
26.68,0,0,3.18607699,4.713399699,5.211530471,4.438861782,0,0,3.463452279,0,4.105365541,0,7.515233246,6.442885101,"400,000.00"
12.89,7,0,2.847591288,12.64244388,0.528389071,0.028453853,12,2,0.113299872,20,1.052875673,5,1.58575455,3.057863335,"3,700,000.00"
22.59,1,0,4.731446487,5.842113383,5.025225136,3.189759435,0,0,3.053364406,0,3.525063347,0,5.736706006,4.444261549,"825,000.00"
22.39,2,0,5.350999564,4.118825144,6.739824789,1.821689416,2,0,1.602959146,2,2.940111393,0,6.361590457,3.594877933,"878,000.00"
22.39,2,0,5.350999564,4.118825144,6.739824789,1.821689416,2,0,1.602959146,2,2.940111393,0,6.361590457,3.594877933,"918,750.00"
22.39,2,0,5.350999564,4.118825144,6.739824789,1.821689416,2,0,1.602959146,2,2.940111393,0,6.361590457,3.594877933,"888,600.00"
22.39,2,0,5.350999564,4.118825144,6.739824789,1.821689416,2,0,1.602959146,2,2.940111393,0,6.361590457,3.594877933,"888,800.00"
18.85,3,0,2.75753304,6.672114016,5.148238391,0.144675834,8,2,0.49262073,12,0.048597652,2,4.401620213,1.4674653,"926,316.00"
18.85,3,0,2.75753304,6.672114016,5.148238391,0.144675834,8,2,0.49262073,12,0.048597652,2,4.401620213,1.4674653,"989,474.00"
21.21,3,0,4.001993712,5.27731528,5.682614182,1.481078738,5,0,1.358658138,7,1.820113651,1,5.62599196,3.178849578,"925,000.00"
18.24,7,1,1.69334318,10.54310551,1.078809575,0.218695862,19,0,0.453898186,8,1.809938883,1,2.776252941,4.64973165,"3,400,000.00"
6.23,24,1,1.968711266,2.401511963,0.536960132,0.22982904,28,7,0.52250527,7,0.457804718,7,1.477911091,1.688037499,"3,700,000.00"
4.22,22,2,1.467277947,5.676326993,0.379336786,0.083896065,46,9,0.234180842,17,0.836102939,4,0.648388584,1.199440728,"17,000,000.00"
15.34,5,0,2.696064051,6.132844101,0.105448493,0.204660942,10,1,0.52902818,12,0.218559789,3,2.499860496,2.543675581,"5,000,000.00"
22.39,2,0,5.350999564,4.118825144,6.739824789,1.821689416,2,0,1.602959146,2,2.940111393,0,6.361590457,3.594877933,"997,500.00"
22.39,2,0,5.350999564,4.118825144,6.739824789,1.821689416,2,0,1.602959146,2,2.940111393,0,6.361590457,3.594877933,"997,500.00"
19.51,6,0,2.875829072,10.87016748,0.069034825,0.155937673,12,0,0.531430234,4,2.751861472,0,2.987710191,5.917349915,"1,200,000.00"
4.65,45,2,1.31096963,3.666523287,0.237042731,0.319050688,71,14,0.127508492,16,0.527304778,8,0.768026527,0.568819294,"12,500,000.00"
14.94,4,3,1.325521262,3.332054051,6.321523914,0.125554587,9,0,0.297162444,10,0.3277186,2,3.835218788,3.420543751,"1,325,000.00"
11.35,4,0,3.232578915,6.632045539,4.07247222,0.046516086,15,2,0.275528356,11,1.185148304,2,2.127812617,1.818298797,"2,700,000.00"
10.96,9,1,1.555973958,11.53988387,0.42972373,0.126142707,18,1,0.460378059,12,0.545357036,3,0.891115717,1.452211198,"2,700,000.00"
10.57,11,2,0.574608738,9.365425049,0.380556553,0.053768922,31,3,0.253841443,24,0.139402968,4,0.500748682,1.59651451,"3,200,000.00"
10.12,12,2,0.701574755,9.739960244,1.63779857,0.09525586,32,4,0.1261487,25,0.447362946,4,1.135299754,0.957193443,"3,100,000.00"
17.66,2,0,2.766675534,1.341754436,9.982145833,0.351838973,8,1,0.22296895,5,0.044349224,1,6.270127131,4.493856946,"625,000.00"
22.59,1,0,4.731446487,5.842113383,5.025225136,3.189759435,0,0,3.053364406,0,3.525063347,0,5.736706006,4.444261549,"650,000.00"
19.59,1,0,4.65088748,1.626447486,3.488327488,0.0702284,6,0,0.225418134,4,0.132466919,1,3.752484608,4.569323338,"600,000.00"
21.21,3,0,4.001993712,5.27731528,5.682614182,1.481078738,5,0,1.358658138,7,1.820113651,1,5.62599196,3.178849578,"895,000.00"
18.53,3,1,1.382323394,7.828666399,4.094241806,1.152335673,10,2,0.353464627,6,1.290549374,3,4.033657597,2.347041609,"1,200,000.00"
7.57,26,6,0.194328801,7.759564862,1.511477789,0.344641591,43,10,0.118453506,18,0.085681338,5,0.241442313,1.261456637,"4,500,000.00"
23.19,0,0,6.881585224,5.805024232,4.826494815,3.753772636,0,0,3.51347514,0,3.702392512,0,6.452242016,6.599959383,"650,000.00"
5.79,34,5,0.246501641,5.260460783,1.882027165,0.177139619,56,16,0.270995056,20,0.262818416,7,0.619406784,0.899429589,"18,500,000.00"
18.85,3,0,2.75753304,6.672114016,5.148238391,0.144675834,8,2,0.49262073,12,0.048597652,2,4.401620213,1.4674653,"6,200,000.00"
19.88,4,1,1.514848549,0.984196476,0.596317226,0.864897004,7,1,0.670444824,6,0.139079465,5,3.013258588,1.719960174,"1,800,000.00"
14.94,4,3,1.325521262,3.332054051,6.321523914,0.125554587,9,0,0.297162444,10,0.3277186,2,3.835218788,3.420543751,"750,000.00"
17.66,2,0,2.766675534,1.341754436,9.982145833,0.351838973,8,1,0.22296895,5,0.044349224,1,6.270127131,4.493856946,"650,000.00"
6.54,34,5,0.725332998,4.402258748,0.777008918,0.041972278,29,16,0.398012992,16,0.373267956,6,0.722986475,0.585683793,"12,000,000.00"
14.94,4,3,1.325521262,3.332054051,6.321523914,0.125554587,9,0,0.297162444,10,0.3277186,2,3.835218788,3.420543751,"1,495,000.00"
11.35,4,0,3.232578915,6.632045539,4.07247222,0.046516086,15,2,0.275528356,11,1.185148304,2,2.127812617,1.818298797,"2,500,000.00"
18.85,3,0,2.75753304,6.672114016,5.148238391,0.144675834,8,2,0.49262073,12,0.048597652,2,4.401620213,1.4674653,"908,107.00"
23.32,0,0,7.028561387,6.124351023,7.643558956,1.844832933,1,0,1.969323048,1,1.735535589,1,7.878843402,8.549334305,"425,000.00"
23.32,0,0,7.028561387,6.124351023,7.643558956,1.844832933,1,0,1.969323048,1,1.735535589,1,7.878843402,8.549334305,"630,000.00"
23.32,0,0,7.028561387,6.124351023,7.643558956,1.844832933,1,0,1.969323048,1,1.735535589,1,7.878843402,8.549334305,"450,000.00"
23.32,0,0,7.028561387,6.124351023,7.643558956,1.844832933,1,0,1.969323048,1,1.735535589,1,7.878843402,8.549334305,"357,142.86"
23.32,0,0,7.028561387,6.124351023,7.643558956,1.844832933,1,0,1.969323048,1,1.735535589,1,7.878843402,8.549334305,"98,425.20"
14.19,1,0,4.333994379,4.620078445,3.239812649,0.047187666,14,1,0.207307327,9,1.832361316,1,2.853306008,2.55936892,"2,375,000.00"
11.35,4,0,3.232578915,6.632045539,4.07247222,0.046516086,15,2,0.275528356,11,1.185148304,2,2.127812617,1.818298797,"3,300,000.00"
14.19,1,0,4.333994379,4.620078445,3.239812649,0.047187666,14,1,0.207307327,9,1.832361316,1,2.853306008,2.55936892,"1,000,000.00"
9.16,19,1,0.668115654,7.480199518,0.647482412,0.047406525,38,5,0.229319769,17,1.221395666,4,1.224741756,1.856131844,"3,800,000.00"
36.09,1,0,5.192048924,16.69440877,3.421132423,4.421975181,0,0,4.992931183,0,9.219189864,0,12.72638173,10.71912836,"250,000.00"
36.09,1,0,5.192048924,16.69440877,3.421132423,4.421975181,0,0,4.992931183,0,9.219189864,0,12.72638173,10.71912836,"250,000.00"
36.09,1,0,5.192048924,16.69440877,3.421132423,4.421975181,0,0,4.992931183,0,9.219189864,0,12.72638173,10.71912836,"250,000.00"
31.51,1,1,1.381423128,12.16728407,0.149133019,0.047108561,5,1,0.395558833,1,6.762905565,0,9.361162257,6.139936373,"250,000.00"
36.09,1,0,5.192048924,16.69440877,3.421132423,4.421975181,0,0,4.992931183,0,9.219189864,0,12.72638173,10.71912836,"250,000.00"
36.09,1,0,5.192048924,16.69440877,3.421132423,4.421975181,0,0,4.992931183,0,9.219189864,0,12.72638173,10.71912836,"238,095.24"
17.05,1,0,3.288533063,7.422553915,3.42874365,0.209031029,5,2,0.224225553,7,0.102080252,2,4.183153917,1.893212984,"865,000.00"
24.82,1,0,5.090707489,0.409507119,6.811585774,0.031648336,2,1,3.055274365,0,5.118456884,0,7.133131449,4.812728716,"180,000.00"
24.82,1,0,5.090707489,0.409507119,6.811585774,0.031648336,2,1,3.055274365,0,5.118456884,0,7.133131449,4.812728716,"580,000.00"
22.39,2,0,5.350999564,4.118825144,6.739824789,1.821689416,2,0,1.602959146,2,2.940111393,0,6.361590457,3.594877933,"880,000.00"
22.39,2,0,5.350999564,4.118825144,6.739824789,1.821689416,2,0,1.602959146,2,2.940111393,0,6.361590457,3.594877933,"880,000.00"
12.89,7,0,2.847591288,12.64244388,0.528389071,0.028453853,12,2,0.113299872,20,1.052875673,5,1.58575455,3.057863335,"3,000,000.00"
22.39,2,0,5.350999564,4.118825144,6.739824789,1.821689416,2,0,1.602959146,2,2.940111393,0,6.361590457,3.594877933,"918,750.00"
22.39,2,0,5.350999564,4.118825144,6.739824789,1.821689416,2,0,1.602959146,2,2.940111393,0,6.361590457,3.594877933,"900,000.00"
14.94,4,3,1.325521262,3.332054051,6.321523914,0.125554587,9,0,0.297162444,10,0.3277186,2,3.835218788,3.420543751,"2,250,000.00"
21.21,3,0,4.001993712,5.27731528,5.682614182,1.481078738,5,0,1.358658138,7,1.820113651,1,5.62599196,3.178849578,"968,750.00"
22.39,2,0,5.350999564,4.118825144,6.739824789,1.821689416,2,0,1.602959146,2,2.940111393,0,6.361590457,3.594877933,"892,700.00"
18.99,5,1,1.866050156,1.810057975,0.314617717,0.069482791,9,1,0.265588994,5,0.215824615,5,2.560275109,1.767980392,"308,333.33"
7.47,17,4,1.087295775,5.384151821,0.890410619,0.586071568,30,11,0.440548846,15,0.831388942,3,0.85680006,0.690853659,"5,000,000.00"
12.26,6,1,0.907542178,8.538297557,0.717314373,0.156931782,19,1,0.326595251,17,0.456495293,4,1.573909981,2.944560264,"2,500,000.00"
13.04,3,0,2.482189224,10.71105259,2.581188405,0.039349016,14,1,0.204933292,14,0.911886638,3,2.521385921,3.017094937,"1,700,000.00"
15.34,5,0,2.696064051,6.132844101,0.105448493,0.204660942,10,1,0.52902818,12,0.218559789,3,2.499860496,2.543675581,"1,600,000.00"
14.94,4,3,1.325521262,3.332054051,6.321523914,0.125554587,9,0,0.297162444,10,0.3277186,2,3.835218788,3.420543751,"450,000.00"
17.26,6,0,3.092683935,3.716698378,0.089601941,0.104367405,10,1,0.685837638,5,0.917733437,2,2.121535646,2.422564633,"2,200,000.00"
8.43,25,5,0.68379499,8.270892022,1.393859989,0.06226201,43,10,0.220060054,23,0.776471572,5,0.656539523,1.209048532,"5,000,000.00"
25.05,3,0,2.740672922,5.746503894,0.306706658,0.157991858,4,1,0.375674414,2,0.149143912,1,5.252882255,3.898401641,"600,000.00"
31.51,1,1,1.381423128,12.16728407,0.149133019,0.047108561,5,1,0.395558833,1,6.762905565,0,9.361162257,6.139936373,"250,000.00"
12.89,7,0,2.847591288,12.64244388,0.528389071,0.028453853,12,2,0.113299872,20,1.052875673,5,1.58575455,3.057863335,"1,800,000.00"
20.21,1,0,4.452395666,3.231228684,9.461703594,1.564251976,1,0,1.45545367,1,1.669502034,1,6.882095043,6.69515565,"440,000.00"
15.34,5,0,2.696064051,6.132844101,0.105448493,0.204660942,10,1,0.52902818,12,0.218559789,3,2.499860496,2.543675581,"1,400,000.00"
31.51,1,1,1.381423128,12.16728407,0.149133019,0.047108561,5,1,0.395558833,1,6.762905565,0,9.361162257,6.139936373,"250,000.00"
10.38,7,0,2.238625345,6.877783599,3.104369608,0.312880087,19,3,0.597689536,17,1.345330372,1,1.750968007,2.165828855,"3,500,000.00"
6.54,34,5,0.725332998,4.402258748,0.777008918,0.041972278,29,16,0.398012992,16,0.373267956,6,0.722986475,0.585683793,"9,000,000.00"
10.64,6,0,2.246210381,8.09204828,1.80277564,0.069620362,22,0,0.265138276,16,0.346100643,2,1.203411373,2.706880853,"2,500,000.00"
9.16,19,1,0.668115654,7.480199518,0.647482412,0.047406525,38,5,0.229319769,17,1.221395666,4,1.224741756,1.856131844,"4,500,000.00"
10.96,9,1,1.555973958,11.53988387,0.42972373,0.126142707,18,1,0.460378059,12,0.545357036,3,0.891115717,1.452211198,"3,500,000.00"
22.59,1,0,4.731446487,5.842113383,5.025225136,3.189759435,0,0,3.053364406,0,3.525063347,0,5.736706006,4.444261549,"886,363.64"
21.21,3,0,4.001993712,5.27731528,5.682614182,1.481078738,5,0,1.358658138,7,1.820113651,1,5.62599196,3.178849578,"870,000.00"
11.35,4,0,3.232578915,6.632045539,4.07247222,0.046516086,15,2,0.275528356,11,1.185148304,2,2.127812617,1.818298797,"4,900,000.00"
22.39,2,0,5.350999564,4.118825144,6.739824789,1.821689416,2,0,1.602959146,2,2.940111393,0,6.361590457,3.594877933,"890,250.00"
16.39,1,0,3.876604793,1.871289347,3.876447241,0.024556017,1,0,1.187704419,5,0.074058786,1,3.340681566,4.15652795,"1,200,000.00"
22.39,2,0,5.350999564,4.118825144,6.739824789,1.821689416,2,0,1.602959146,2,2.940111393,0,6.361590457,3.594877933,"895,000.00"
24.82,1,0,5.090707489,0.409507119,6.811585774,0.031648336,2,1,3.055274365,0,5.118456884,0,7.133131449,4.812728716,"765,000.00"
9.16,19,1,0.668115654,7.480199518,0.647482412,0.047406525,38,5,0.229319769,17,1.221395666,4,1.224741756,1.856131844,"5,200,000.00"
22.59,1,0,4.731446487,5.842113383,5.025225136,3.189759435,0,0,3.053364406,0,3.525063347,0,5.736706006,4.444261549,"886,363.64"
21.21,3,0,4.001993712,5.27731528,5.682614182,1.481078738,5,0,1.358658138,7,1.820113651,1,5.62599196,3.178849578,"900,000.00"
11.88,9,2,1.412228981,9.949975211,1.714054755,1.241304091,21,3,0.603966541,23,1.196047358,5,1.353496396,2.372959813,"2,700,000.00"
32.72,0,0,5.980388514,15.53202167,1.009932711,1.089855937,1,0,3.205859997,0,3.378773687,0,12.39189835,10.00080272,"11,500,000.00"
14.94,4,3,1.325521262,3.332054051,6.321523914,0.125554587,9,0,0.297162444,10,0.3277186,2,3.835218788,3.420543751,"450,000.00"
12.89,7,0,2.847591288,12.64244388,0.528389071,0.028453853,12,2,0.113299872,20,1.052875673,5,1.58575455,3.057863335,"2,850,000.00"
22.39,2,0,5.350999564,4.118825144,6.739824789,1.821689416,2,0,1.602959146,2,2.940111393,0,6.361590457,3.594877933,"136,923.08"
14.19,1,0,4.333994379,4.620078445,3.239812649,0.047187666,14,1,0.207307327,9,1.832361316,1,2.853306008,2.55936892,"2,200,000.00"
18.85,3,0,2.75753304,6.672114016,5.148238391,0.144675834,8,2,0.49262073,12,0.048597652,2,4.401620213,1.4674653,"600,000.00"
18.85,3,0,2.75753304,6.672114016,5.148238391,0.144675834,8,2,0.49262073,12,0.048597652,2,4.401620213,1.4674653,"910,000.00"
16.39,1,0,3.876604793,1.871289347,3.876447241,0.024556017,1,0,1.187704419,5,0.074058786,1,3.340681566,4.15652795,"1,500,000.00"
15.61,1,0,2.815780545,7.844997389,2.642167315,1.094447394,8,1,0.197954158,9,1.35247462,1,3.728015063,2.321288365,"75,000.00"
12.89,7,0,2.847591288,12.64244388,0.528389071,0.028453853,12,2,0.113299872,20,1.052875673,5,1.58575455,3.057863335,"2,700,000.00"
22.39,2,0,5.350999564,4.118825144,6.739824789,1.821689416,2,0,1.602959146,2,2.940111393,0,6.361590457,3.594877933,"885,384.62"
18.85,3,0,2.75753304,6.672114016,5.148238391,0.144675834,8,2,0.49262073,12,0.048597652,2,4.401620213,1.4674653,"908,000.00"
17.26,6,0,3.092683935,3.716698378,0.089601941,0.104367405,10,1,0.685837638,5,0.917733437,2,2.121535646,2.422564633,"2,000,000.00"
17.26,6,0,3.092683935,3.716698378,0.089601941,0.104367405,10,1,0.685837638,5,0.917733437,2,2.121535646,2.422564633,"1,450,000.00"
21.21,3,0,4.001993712,5.27731528,5.682614182,1.481078738,5,0,1.358658138,7,1.820113651,1,5.62599196,3.178849578,"884,923.08"
22.59,1,0,4.731446487,5.842113383,5.025225136,3.189759435,0,0,3.053364406,0,3.525063347,0,5.736706006,4.444261549,"900,000.00"
21.21,3,0,4.001993712,5.27731528,5.682614182,1.481078738,5,0,1.358658138,7,1.820113651,1,5.62599196,3.178849578,"3,000,000.00"
12.89,7,0,2.847591288,12.64244388,0.528389071,0.028453853,12,2,0.113299872,20,1.052875673,5,1.58575455,3.057863335,"2,750,000.00"
36.09,1,0,5.192048924,16.69440877,3.421132423,4.421975181,0,0,4.992931183,0,9.219189864,0,12.72638173,10.71912836,"250,000.00"
4.22,22,2,1.467277947,5.676326993,0.379336786,0.083896065,46,9,0.234180842,17,0.836102939,4,0.648388584,1.199440728,"17,000,000.00"
14.94,4,3,1.325521262,3.332054051,6.321523914,0.125554587,9,0,0.297162444,10,0.3277186,2,3.835218788,3.420543751,"1,100,000.00"
17.66,2,0,2.766675534,1.341754436,9.982145833,0.351838973,8,1,0.22296895,5,0.044349224,1,6.270127131,4.493856946,"393,939.39"
20.26,1,1,1.649133688,3.755539704,3.334268521,1.353256456,2,0,0.258697703,3,1.646892792,2,4.163488983,3.010456911,"1,000,000.00"
15.26,0,0,4.55470152,4.19047343,2.465629359,0.840241812,8,1,0.267587215,10,2.469253581,0,3.159466524,3.18055797,"1,600,000.00"
31.51,1,1,1.381423128,12.16728407,0.149133019,0.047108561,5,1,0.395558833,1,6.762905565,0,9.361162257,6.139936373,"130,000.00"
13.98,1,1,1.440497502,8.830429042,2.212403368,0.071858443,10,2,0.100746527,11,0.886448814,1,2.748057643,2.54970663,"1,300,000.00"
21.21,3,0,4.001993712,5.27731528,5.682614182,1.481078738,5,0,1.358658138,7,1.820113651,1,5.62599196,3.178849578,"395,000.00"
14.19,1,0,4.333994379,4.620078445,3.239812649,0.047187666,14,1,0.207307327,9,1.832361316,1,2.853306008,2.55936892,"2,200,000.00"
22.39,2,0,5.350999564,4.118825144,6.739824789,1.821689416,2,0,1.602959146,2,2.940111393,0,6.361590457,3.594877933,"840,000.00"
22.39,2,0,5.350999564,4.118825144,6.739824789,1.821689416,2,0,1.602959146,2,2.940111393,0,6.361590457,3.594877933,"885,000.00"
6.91,31,7,0.091649716,6.394245945,0.920806927,0.57541718,39,9,0.426874198,18,1.055788431,8,1.097833364,1.287787573,"10,018,785.22"
18.85,3,0,2.75753304,6.672114016,5.148238391,0.144675834,8,2,0.49262073,12,0.048597652,2,4.401620213,1.4674653,"900,000.00"
22.61,3,0,3.998696251,2.379564136,0.489734538,0.201421298,7,2,0.014518784,4,0.899794951,1,3.99247885,2.76473027,"266,666.67"
17.66,2,0,2.766675534,1.341754436,9.982145833,0.351838973,8,1,0.22296895,5,0.044349224,1,6.270127131,4.493856946,"420,000.00"
11.35,4,0,3.232578915,6.632045539,4.07247222,0.046516086,15,2,0.275528356,11,1.185148304,2,2.127812617,1.818298797,"4,000,000.00"
9.09,4,0,2.772157249,3.826549577,2.984335759,1.034238707,10,3,0.479045577,7,0.882533833,3,2.879540617,1.184738783,"1,695,000.00"
11.35,4,0,3.232578915,6.632045539,4.07247222,0.046516086,15,2,0.275528356,11,1.185148304,2,2.127812617,1.818298797,"3,700,000.00"
17.66,2,0,2.766675534,1.341754436,9.982145833,0.351838973,8,1,0.22296895,5,0.044349224,1,6.270127131,4.493856946,"440,000.00"
36.09,1,0,5.192048924,16.69440877,3.421132423,4.421975181,0,0,4.992931183,0,9.219189864,0,12.72638173,10.71912836,"250,000.00"
17.66,2,0,2.766675534,1.341754436,9.982145833,0.351838973,8,1,0.22296895,5,0.044349224,1,6.270127131,4.493856946,"450,000.00"
17.66,2,0,2.766675534,1.341754436,9.982145833,0.351838973,8,1,0.22296895,5,0.044349224,1,6.270127131,4.493856946,"430,000.00"
21.5,0,0,5.374796464,4.330842323,8.553697374,0.085015366,1,0,0.078489009,1,0.196379228,1,7.263013641,7.777173725,"430,000.00"
20.21,1,0,4.452395666,3.231228684,9.461703594,1.564251976,1,0,1.45545367,1,1.669502034,1,6.882095043,6.69515565,"430,000.00"
10.56,10,2,0.1918214,9.666038251,0.888089233,0.089743676,25,3,0.100129552,24,0.129686103,4,0.634317711,1.338208605,"6,500,000.00"
22.39,2,0,5.350999564,4.118825144,6.739824789,1.821689416,2,0,1.602959146,2,2.940111393,0,6.361590457,3.594877933,"885,000.00"
21.21,3,0,4.001993712,5.27731528,5.682614182,1.481078738,5,0,1.358658138,7,1.820113651,1,5.62599196,3.178849578,"915,000.00"
22.48,1,0,5.025437008,4.526230179,2.158402885,2.639915599,0,0,0.360470047,1,2.521308465,0,4.82621559,4.51951349,"625,000.00"
14.25,3,3,0.833818104,3.171885348,7.325142495,1.087700729,9,1,1.126143462,8,0.799673076,2,4.205907129,3.303200657,"2,200,000.00"
18.85,3,0,2.75753304,6.672114016,5.148238391,0.144675834,8,2,0.49262073,12,0.048597652,2,4.401620213,1.4674653,"900,000.00"
32.72,0,0,5.980388514,15.53202167,1.009932711,1.089855937,1,0,3.205859997,0,3.378773687,0,12.39189835,10.00080272,"4,090,909.09"
14.25,3,3,0.833818104,3.171885348,7.325142495,1.087700729,9,1,1.126143462,8,0.799673076,2,4.205907129,3.303200657,"2,200,000.00"
11.35,4,0,3.232578915,6.632045539,4.07247222,0.046516086,15,2,0.275528356,11,1.185148304,2,2.127812617,1.818298797,"1,600,000.00"
19.59,1,0,4.65088748,1.626447486,3.488327488,0.0702284,6,0,0.225418134,4,0.132466919,1,3.752484608,4.569323338,"1,125,000.00"
22.39,2,0,5.350999564,4.118825144,6.739824789,1.821689416,2,0,1.602959146,2,2.940111393,0,6.361590457,3.594877933,"880,000.00"
36.09,1,0,5.192048924,16.69440877,3.421132423,4.421975181,0,0,4.992931183,0,9.219189864,0,12.72638173,10.71912836,"250,000.00"
36.09,1,0,5.192048924,16.69440877,3.421132423,4.421975181,0,0,4.992931183,0,9.219189864,0,12.72638173,10.71912836,"250,000.00"
22.59,1,0,4.731446487,5.842113383,5.025225136,3.189759435,0,0,3.053364406,0,3.525063347,0,5.736706006,4.444261549,"918,500.00"
31.51,1,1,1.381423128,12.16728407,0.149133019,0.047108561,5,1,0.395558833,1,6.762905565,0,9.361162257,6.139936373,"250,000.00"
11.35,4,0,3.232578915,6.632045539,4.07247222,0.046516086,15,2,0.275528356,11,1.185148304,2,2.127812617,1.818298797,"2,600,000.00"
22.59,1,0,4.731446487,5.842113383,5.025225136,3.189759435,0,0,3.053364406,0,3.525063347,0,5.736706006,4.444261549,"825,000.00"
13.98,1,1,1.440497502,8.830429042,2.212403368,0.071858443,10,2,0.100746527,11,0.886448814,1,2.748057643,2.54970663,"2,250,000.00"
11.88,9,2,1.412228981,9.949975211,1.714054755,1.241304091,21,3,0.603966541,23,1.196047358,5,1.353496396,2.372959813,"2,200,000.00"
32.72,0,0,5.980388514,15.53202167,1.009932711,1.089855937,1,0,3.205859997,0,3.378773687,0,12.39189835,10.00080272,"280,000.00"
12.89,7,0,2.847591288,12.64244388,0.528389071,0.028453853,12,2,0.113299872,20,1.052875673,5,1.58575455,3.057863335,"3,000,000.00"
15.34,5,0,2.696064051,6.132844101,0.105448493,0.204660942,10,1,0.52902818,12,0.218559789,3,2.499860496,2.543675581,"2,100,000.00"
17.66,2,0,2.766675534,1.341754436,9.982145833,0.351838973,8,1,0.22296895,5,0.044349224,1,6.270127131,4.493856946,"420,000.00"
9.16,19,1,0.668115654,7.480199518,0.647482412,0.047406525,38,5,0.229319769,17,1.221395666,4,1.224741756,1.856131844,"5,500,000.00"
5.79,34,5,0.246501641,5.260460783,1.882027165,0.177139619,56,16,0.270995056,20,0.262818416,7,0.619406784,0.899429589,"18,000,000.00"
36.09,1,0,5.192048924,16.69440877,3.421132423,4.421975181,0,0,4.992931183,0,9.219189864,0,12.72638173,10.71912836,"250,000.00"
10.57,11,2,0.574608738,9.365425049,0.380556553,0.053768922,31,3,0.253841443,24,0.139402968,4,0.500748682,1.59651451,"2,100,000.00"
12.89,7,0,2.847591288,12.64244388,0.528389071,0.028453853,12,2,0.113299872,20,1.052875673,5,1.58575455,3.057863335,"2,600,000.00"
13.29,5,1,0.764890663,7.977447158,0.655039484,0.200566162,21,1,0.215235621,15,1.484056738,3,2.429966664,2.547560295,"2,400,000.00"
36.09,1,0,5.192048924,16.69440877,3.421132423,4.421975181,0,0,4.992931183,0,9.219189864,0,12.72638173,10.71912836,"250,000.00"
36.09,1,0,5.192048924,16.69440877,3.421132423,4.421975181,0,0,4.992931183,0,9.219189864,0,12.72638173,10.71912836,"250,000.00"
5.79,34,5,0.246501641,5.260460783,1.882027165,0.177139619,56,16,0.270995056,20,0.262818416,7,0.619406784,0.899429589,"18,000,000.00"
36.09,1,0,5.192048924,16.69440877,3.421132423,4.421975181,0,0,4.992931183,0,9.219189864,0,12.72638173,10.71912836,"250,000.00"
31.51,1,1,1.381423128,12.16728407,0.149133019,0.047108561,5,1,0.395558833,1,6.762905565,0,9.361162257,6.139936373,"250,000.00"
21.21,3,0,4.001993712,5.27731528,5.682614182,1.481078738,5,0,1.358658138,7,1.820113651,1,5.62599196,3.178849578,"870,000.00"
10.12,12,2,0.701574755,9.739960244,1.63779857,0.09525586,32,4,0.1261487,25,0.447362946,4,1.135299754,0.957193443,"2,716,666.67"
21.21,3,0,4.001993712,5.27731528,5.682614182,1.481078738,5,0,1.358658138,7,1.820113651,1,5.62599196,3.178849578,"890,000.00"
9.16,19,1,0.668115654,7.480199518,0.647482412,0.047406525,38,5,0.229319769,17,1.221395666,4,1.224741756,1.856131844,"4,500,000.00"
9.16,19,1,0.668115654,7.480199518,0.647482412,0.047406525,38,5,0.229319769,17,1.221395666,4,1.224741756,1.856131844,"3,800,000.00"
9.16,19,1,0.668115654,7.480199518,0.647482412,0.047406525,38,5,0.229319769,17,1.221395666,4,1.224741756,1.856131844,"6,500,000.00"
9.09,4,0,2.772157249,3.826549577,2.984335759,1.034238707,10,3,0.479045577,7,0.882533833,3,2.879540617,1.184738783,"1,400,000.00"
36.09,1,0,5.192048924,16.69440877,3.421132423,4.421975181,0,0,4.992931183,0,9.219189864,0,12.72638173,10.71912836,"250,000.00"
36.09,1,0,5.192048924,16.69440877,3.421132423,4.421975181,0,0,4.992931183,0,9.219189864,0,12.72638173,10.71912836,"250,000.00"
10.96,9,1,1.555973958,11.53988387,0.42972373,0.126142707,18,1,0.460378059,12,0.545357036,3,0.891115717,1.452211198,"3,650,000.00"
9.16,19,1,0.668115654,7.480199518,0.647482412,0.047406525,38,5,0.229319769,17,1.221395666,4,1.224741756,1.856131844,"5,200,000.00"
22.39,2,0,5.350999564,4.118825144,6.739824789,1.821689416,2,0,1.602959146,2,2.940111393,0,6.361590457,3.594877933,"880,750.00"
9.09,4,0,2.772157249,3.826549577,2.984335759,1.034238707,10,3,0.479045577,7,0.882533833,3,2.879540617,1.184738783,"1,300,000.00"
18.85,3,0,2.75753304,6.672114016,5.148238391,0.144675834,8,2,0.49262073,12,0.048597652,2,4.401620213,1.4674653,"980,000.00"
21.21,3,0,4.001993712,5.27731528,5.682614182,1.481078738,5,0,1.358658138,7,1.820113651,1,5.62599196,3.178849578,"918,000.00"
22.39,2,0,5.350999564,4.118825144,6.739824789,1.821689416,2,0,1.602959146,2,2.940111393,0,6.361590457,3.594877933,"907,692.31"
13.98,1,1,1.440497502,8.830429042,2.212403368,0.071858443,10,2,0.100746527,11,0.886448814,1,2.748057643,2.54970663,"1,900,000.00"
18.99,5,1,1.866050156,1.810057975,0.314617717,0.069482791,9,1,0.265588994,5,0.215824615,5,2.560275109,1.767980392,"1,600,000.00"
10.96,9,1,1.555973958,11.53988387,0.42972373,0.126142707,18,1,0.460378059,12,0.545357036,3,0.891115717,1.452211198,"2,550,000.00"
14.94,4,3,1.325521262,3.332054051,6.321523914,0.125554587,9,0,0.297162444,10,0.3277186,2,3.835218788,3.420543751,"445,000.00"
26.73,2,0,2.277565832,7.139742484,0.085556088,0.046381217,4,0,2.02374757,0,1.820775485,1,5.850247893,4.425054309,"430,000.00"
19.59,1,0,4.65088748,1.626447486,3.488327488,0.0702284,6,0,0.225418134,4,0.132466919,1,3.752484608,4.569323338,"680,000.00"
17.66,2,0,2.766675534,1.341754436,9.982145833,0.351838973,8,1,0.22296895,5,0.044349224,1,6.270127131,4.493856946,"375,000.00"
17.66,2,0,2.766675534,1.341754436,9.982145833,0.351838973,8,1,0.22296895,5,0.044349224,1,6.270127131,4.493856946,"625,000.00"
22.48,1,0,5.025437008,4.526230179,2.158402885,2.639915599,0,0,0.360470047,1,2.521308465,0,4.82621559,4.51951349,"450,000.00"
21.5,0,0,5.374796464,4.330842323,8.553697374,0.085015366,1,0,0.078489009,1,0.196379228,1,7.263013641,7.777173725,"210,000.00"
42.89,2,0,17.30386792,25.98399192,0.638579249,0.092605017,7,3,1.670624688,2,3.822489362,0,20.27564198,8.252888495,"425,000.00"
14.94,4,3,1.325521262,3.332054051,6.321523914,0.125554587,9,0,0.297162444,10,0.3277186,2,3.835218788,3.420543751,"1,900,000.00"
36.09,1,0,5.192048924,16.69440877,3.421132423,4.421975181,0,0,4.992931183,0,9.219189864,0,12.72638173,10.71912836,"250,000.00"
22.39,2,0,5.350999564,4.118825144,6.739824789,1.821689416,2,0,1.602959146,2,2.940111393,0,6.361590457,3.594877933,"890,500.00"
23.32,0,0,7.028561387,6.124351023,7.643558956,1.844832933,1,0,1.969323048,1,1.735535589,1,7.878843402,8.549334305,"350,000.00"
8.66,9,1,0.549898445,5.213415717,1.3669029,0.064668268,9,7,0.050657848,13,2.104233363,0,1.284658669,0.825239173,"4,000,000.00"
16.39,1,0,3.876604793,1.871289347,3.876447241,0.024556017,1,0,1.187704419,5,0.074058786,1,3.340681566,4.15652795,"1,400,000.00"
21.21,3,0,4.001993712,5.27731528,5.682614182,1.481078738,5,0,1.358658138,7,1.820113651,1,5.62599196,3.178849578,"825,000.00"
14.94,4,3,1.325521262,3.332054051,6.321523914,0.125554587,9,0,0.297162444,10,0.3277186,2,3.835218788,3.420543751,"850,000.00"
23.32,0,0,7.028561387,6.124351023,7.643558956,1.844832933,1,0,1.969323048,1,1.735535589,1,7.878843402,8.549334305,"625,000.00"
19.59,1,0,4.65088748,1.626447486,3.488327488,0.0702284,6,0,0.225418134,4,0.132466919,1,3.752484608,4.569323338,"1,500,000.00"
8.15,19,4,1.142526683,9.155040562,0.029733581,0.369539052,24,5,0.750590563,12,1.16763043,2,0.670066212,1.155265795,"9,000,000.00"
24.82,1,0,5.090707489,0.409507119,6.811585774,0.031648336,2,1,3.055274365,0,5.118456884,0,7.133131449,4.812728716,"645,000.00"
23.32,0,0,7.028561387,6.124351023,7.643558956,1.844832933,1,0,1.969323048,1,1.735535589,1,7.878843402,8.549334305,"630,000.00"
24.63,0,0,7.162991495,7.550916441,5.668288007,3.785444416,0,0,3.709278583,0,3.595146294,0,7.646226515,7.272139935,"325,000.00"
21.21,3,0,4.001993712,5.27731528,5.682614182,1.481078738,5,0,1.358658138,7,1.820113651,1,5.62599196,3.178849578,"900,000.00"
22.39,2,0,5.350999564,4.118825144,6.739824789,1.821689416,2,0,1.602959146,2,2.940111393,0,6.361590457,3.594877933,"907,692.31"
21.21,3,0,4.001993712,5.27731528,5.682614182,1.481078738,5,0,1.358658138,7,1.820113651,1,5.62599196,3.178849578,"880,769.23"
22.39,2,0,5.350999564,4.118825144,6.739824789,1.821689416,2,0,1.602959146,2,2.940111393,0,6.361590457,3.594877933,"966,000.00"
22.23,1,0,2.066639561,2.084154269,2.774966866,1.614189459,4,0,1.089978011,4,2.096324857,0,4.144215105,3.208395444,"656,250.00"
21.21,3,0,4.001993712,5.27731528,5.682614182,1.481078738,5,0,1.358658138,7,1.820113651,1,5.62599196,3.178849578,"887,600.00"
21.21,3,0,4.001993712,5.27731528,5.682614182,1.481078738,5,0,1.358658138,7,1.820113651,1,5.62599196,3.178849578,"892,500.00"
18.85,3,0,2.75753304,6.672114016,5.148238391,0.144675834,8,2,0.49262073,12,0.048597652,2,4.401620213,1.4674653,"895,000.00"
10.57,11,2,0.574608738,9.365425049,0.380556553,0.053768922,31,3,0.253841443,24,0.139402968,4,0.500748682,1.59651451,"3,749,019.61"
10.96,9,1,1.555973958,11.53988387,0.42972373,0.126142707,18,1,0.460378059,12,0.545357036,3,0.891115717,1.452211198,"9,000,000.00"
10.57,11,2,0.574608738,9.365425049,0.380556553,0.053768922,31,3,0.253841443,24,0.139402968,4,0.500748682,1.59651451,"3,800,000.00"
11.35,4,0,3.232578915,6.632045539,4.07247222,0.046516086,15,2,0.275528356,11,1.185148304,2,2.127812617,1.818298797,"2,400,000.00"
21.21,3,0,4.001993712,5.27731528,5.682614182,1.481078738,5,0,1.358658138,7,1.820113651,1,5.62599196,3.178849578,"895,000.00"
18.85,3,0,2.75753304,6.672114016,5.148238391,0.144675834,8,2,0.49262073,12,0.048597652,2,4.401620213,1.4674653,"875,000.00"
13.53,2,1,0.713835504,8.09724348,0.918343168,0.51923542,23,1,0.470427639,14,1.383128015,3,2.56727733,2.46475222,"2,500,000.00"
8.66,9,1,0.549898445,5.213415717,1.3669029,0.064668268,9,7,0.050657848,13,2.104233363,0,1.284658669,0.825239173,"4,300,000.00"
14.29,8,0,2.210242241,12.7198494,0.570907625,0.493071529,12,1,0.450048459,9,0.475998265,3,2.72457472,3.728770782,"1,950,000.00"
8.66,9,1,0.549898445,5.213415717,1.3669029,0.064668268,9,7,0.050657848,13,2.104233363,0,1.284658669,0.825239173,"3,500,000.00"
22.39,2,0,5.350999564,4.118825144,6.739824789,1.821689416,2,0,1.602959146,2,2.940111393,0,6.361590457,3.594877933,"895,000.00"
11.35,4,0,3.232578915,6.632045539,4.07247222,0.046516086,15,2,0.275528356,11,1.185148304,2,2.127812617,1.818298797,"4,100,000.00"
22.39,2,0,5.350999564,4.118825144,6.739824789,1.821689416,2,0,1.602959146,2,2.940111393,0,6.361590457,3.594877933,"895,244.00"
21.21,3,0,4.001993712,5.27731528,5.682614182,1.481078738,5,0,1.358658138,7,1.820113651,1,5.62599196,3.178849578,"395,000.00"
9.16,19,1,0.668115654,7.480199518,0.647482412,0.047406525,38,5,0.229319769,17,1.221395666,4,1.224741756,1.856131844,"5,200,000.00"
17.66,2,0,2.766675534,1.341754436,9.982145833,0.351838973,8,1,0.22296895,5,0.044349224,1,6.270127131,4.493856946,"450,000.00"
14.19,1,0,4.333994379,4.620078445,3.239812649,0.047187666,14,1,0.207307327,9,1.832361316,1,2.853306008,2.55936892,"2,600,000.00"
18.85,3,0,2.75753304,6.672114016,5.148238391,0.144675834,8,2,0.49262073,12,0.048597652,2,4.401620213,1.4674653,"900,000.00"
22.39,2,0,5.350999564,4.118825144,6.739824789,1.821689416,2,0,1.602959146,2,2.940111393,0,6.361590457,3.594877933,"888,600.00"
11.82,0,0,44.09041707,23.87619254,29.9865024,41.00006341,0,0,27.59853886,0,44.43829173,0,46.80715227,38.6255204,"5,000,000.00"
14.94,4,3,1.325521262,3.332054051,6.321523914,0.125554587,9,0,0.297162444,10,0.3277186,2,3.835218788,3.420543751,"440,000.00"
22.39,2,0,5.350999564,4.118825144,6.739824789,1.821689416,2,0,1.602959146,2,2.940111393,0,6.361590457,3.594877933,"890,000.00"
22.39,2,0,5.350999564,4.118825144,6.739824789,1.821689416,2,0,1.602959146,2,2.940111393,0,6.361590457,3.594877933,"840,000.00"
20.21,1,0,4.452395666,3.231228684,9.461703594,1.564251976,1,0,1.45545367,1,1.669502034,1,6.882095043,6.69515565,"430,000.00"
21.21,3,0,4.001993712,5.27731528,5.682614182,1.481078738,5,0,1.358658138,7,1.820113651,1,5.62599196,3.178849578,"910,000.00"
8.66,9,1,0.549898445,5.213415717,1.3669029,0.064668268,9,7,0.050657848,13,2.104233363,0,1.284658669,0.825239173,"2,850,000.00"
12.89,7,0,2.847591288,12.64244388,0.528389071,0.028453853,12,2,0.113299872,20,1.052875673,5,1.58575455,3.057863335,"2,750,000.00"
23.32,0,0,7.028561387,6.124351023,7.643558956,1.844832933,1,0,1.969323048,1,1.735535589,1,7.878843402,8.549334305,"625,000.00"
12.05,12,0,2.665279975,11.82000181,1.565890489,0.622711857,18,1,0.624649718,16,0.901434846,3,1.62108223,2.347759475,"2,781,456.95"
21.21,3,0,4.001993712,5.27731528,5.682614182,1.481078738,5,0,1.358658138,7,1.820113651,1,5.62599196,3.178849578,"900,000.00"
10.38,7,0,2.238625345,6.877783599,3.104369608,0.312880087,19,3,0.597689536,17,1.345330372,1,1.750968007,2.165828855,"3,800,000.00"
22.39,2,0,5.350999564,4.118825144,6.739824789,1.821689416,2,0,1.602959146,2,2.940111393,0,6.361590457,3.594877933,"870,000.00"
8.43,25,5,0.68379499,8.270892022,1.393859989,0.06226201,43,10,0.220060054,23,0.776471572,5,0.656539523,1.209048532,"11,000,000.00"
8.43,25,5,0.68379499,8.270892022,1.393859989,0.06226201,43,10,0.220060054,23,0.776471572,5,0.656539523,1.209048532,"14,000,000.00"
11.35,4,0,3.232578915,6.632045539,4.07247222,0.046516086,15,2,0.275528356,11,1.185148304,2,2.127812617,1.818298797,"2,000,000.00"
22.59,1,0,4.731446487,5.842113383,5.025225136,3.189759435,0,0,3.053364406,0,3.525063347,0,5.736706006,4.444261549,"907,692.31"
5.42,23,6,0.274439339,6.485148777,0.987947003,0.216845753,46,7,0.248492837,16,0.813136894,5,0.46789424,1.120174736,"17,000,000.00"
21.21,3,0,4.001993712,5.27731528,5.682614182,1.481078738,5,0,1.358658138,7,1.820113651,1,5.62599196,3.178849578,"950,000.00"
8.66,9,1,0.549898445,5.213415717,1.3669029,0.064668268,9,7,0.050657848,13,2.104233363,0,1.284658669,0.825239173,"2,100,000.00"
17.26,6,0,3.092683935,3.716698378,0.089601941,0.104367405,10,1,0.685837638,5,0.917733437,2,2.121535646,2.422564633,"2,200,000.00"
22.39,2,0,5.350999564,4.118825144,6.739824789,1.821689416,2,0,1.602959146,2,2.940111393,0,6.361590457,3.594877933,"971,250.00"
22.39,2,0,5.350999564,4.118825144,6.739824789,1.821689416,2,0,1.602959146,2,2.940111393,0,6.361590457,3.594877933,"929,269.23"
22.39,2,0,5.350999564,4.118825144,6.739824789,1.821689416,2,0,1.602959146,2,2.940111393,0,6.361590457,3.594877933,"1,018,500.00"
22.39,2,0,5.350999564,4.118825144,6.739824789,1.821689416,2,0,1.602959146,2,2.940111393,0,6.361590457,3.594877933,"997,500.00"
16.39,1,0,3.876604793,1.871289347,3.876447241,0.024556017,1,0,1.187704419,5,0.074058786,1,3.340681566,4.15652795,"750,000.00"
22.39,2,0,5.350999564,4.118825144,6.739824789,1.821689416,2,0,1.602959146,2,2.940111393,0,6.361590457,3.594877933,"795,834.38"
10.12,12,2,0.701574755,9.739960244,1.63779857,0.09525586,32,4,0.1261487,25,0.447362946,4,1.135299754,0.957193443,"3,750,000.00"
36.09,1,0,5.192048924,16.69440877,3.421132423,4.421975181,0,0,4.992931183,0,9.219189864,0,12.72638173,10.71912836,"250,000.00"
23.32,0,0,7.028561387,6.124351023,7.643558956,1.844832933,1,0,1.969323048,1,1.735535589,1,7.878843402,8.549334305,"428,125.00"
21.21,3,0,4.001993712,5.27731528,5.682614182,1.481078738,5,0,1.358658138,7,1.820113651,1,5.62599196,3.178849578,"890,000.00"
9.16,19,1,0.668115654,7.480199518,0.647482412,0.047406525,38,5,0.229319769,17,1.221395666,4,1.224741756,1.856131844,"3,800,000.00"
10.57,11,2,0.574608738,9.365425049,0.380556553,0.053768922,31,3,0.253841443,24,0.139402968,4,0.500748682,1.59651451,"4,700,000.00"
10.69,4,0,3.223569049,5.653280045,3.840661249,0.675773505,13,4,1.099343865,11,0.973892745,3,3.243475551,1.252826919,"3,000,000.00"
17.26,6,0,3.092683935,3.716698378,0.089601941,0.104367405,10,1,0.685837638,5,0.917733437,2,2.121535646,2.422564633,"1,050,000.00"
14.94,4,3,1.325521262,3.332054051,6.321523914,0.125554587,9,0,0.297162444,10,0.3277186,2,3.835218788,3.420543751,"445,000.00"
21.21,3,0,4.001993712,5.27731528,5.682614182,1.481078738,5,0,1.358658138,7,1.820113651,1,5.62599196,3.178849578,"910,000.00"
36.09,1,0,5.192048924,16.69440877,3.421132423,4.421975181,0,0,4.992931183,0,9.219189864,0,12.72638173,10.71912836,"250,000.00"
19.59,1,0,4.65088748,1.626447486,3.488327488,0.0702284,6,0,0.225418134,4,0.132466919,1,3.752484608,4.569323338,"3,000,000.00"
21.21,3,0,4.001993712,5.27731528,5.682614182,1.481078738,5,0,1.358658138,7,1.820113651,1,5.62599196,3.178849578,"885,000.00"
22.59,1,0,4.731446487,5.842113383,5.025225136,3.189759435,0,0,3.053364406,0,3.525063347,0,5.736706006,4.444261549,"853,571.43"
10.64,6,0,2.246210381,8.09204828,1.80277564,0.069620362,22,0,0.265138276,16,0.346100643,2,1.203411373,2.706880853,"2,250,000.00"
19.59,1,0,4.65088748,1.626447486,3.488327488,0.0702284,6,0,0.225418134,4,0.132466919,1,3.752484608,4.569323338,"350,000.00"
14.94,4,3,1.325521262,3.332054051,6.321523914,0.125554587,9,0,0.297162444,10,0.3277186,2,3.835218788,3.420543751,"450,000.00"
22.39,2,0,5.350999564,4.118825144,6.739824789,1.821689416,2,0,1.602959146,2,2.940111393,0,6.361590457,3.594877933,"900,000.00"
10.57,11,2,0.574608738,9.365425049,0.380556553,0.053768922,31,3,0.253841443,24,0.139402968,4,0.500748682,1.59651451,"3,200,000.00"
21.21,3,0,4.001993712,5.27731528,5.682614182,1.481078738,5,0,1.358658138,7,1.820113651,1,5.62599196,3.178849578,"878,571.43"
22.39,2,0,5.350999564,4.118825144,6.739824789,1.821689416,2,0,1.602959146,2,2.940111393,0,6.361590457,3.594877933,"885,000.00"
21.21,3,0,4.001993712,5.27731528,5.682614182,1.481078738,5,0,1.358658138,7,1.820113651,1,5.62599196,3.178849578,"890,000.00"
22.59,1,0,4.731446487,5.842113383,5.025225136,3.189759435,0,0,3.053364406,0,3.525063347,0,5.736706006,4.444261549,"880,000.00"
22.59,1,0,4.731446487,5.842113383,5.025225136,3.189759435,0,0,3.053364406,0,3.525063347,0,5.736706006,4.444261549,"880,000.00"
22.59,1,0,4.731446487,5.842113383,5.025225136,3.189759435,0,0,3.053364406,0,3.525063347,0,5.736706006,4.444261549,"925,000.00"
22.39,2,0,5.350999564,4.118825144,6.739824789,1.821689416,2,0,1.602959146,2,2.940111393,0,6.361590457,3.594877933,"885,000.00"
22.39,2,0,5.350999564,4.118825144,6.739824789,1.821689416,2,0,1.602959146,2,2.940111393,0,6.361590457,3.594877933,"918,500.00"
8.43,25,5,0.68379499,8.270892022,1.393859989,0.06226201,43,10,0.220060054,23,0.776471572,5,0.656539523,1.209048532,"4,500,000.00"
22.39,2,0,5.350999564,4.118825144,6.739824789,1.821689416,2,0,1.602959146,2,2.940111393,0,6.361590457,3.594877933,"940,000.00"
10.57,11,2,0.574608738,9.365425049,0.380556553,0.053768922,31,3,0.253841443,24,0.139402968,4,0.500748682,1.59651451,"2,550,000.00"
22.39,2,0,5.350999564,4.118825144,6.739824789,1.821689416,2,0,1.602959146,2,2.940111393,0,6.361590457,3.594877933,"887,500.00"
22.59,1,0,4.731446487,5.842113383,5.025225136,3.189759435,0,0,3.053364406,0,3.525063347,0,5.736706006,4.444261549,"940,000.00"
22.39,2,0,5.350999564,4.118825144,6.739824789,1.821689416,2,0,1.602959146,2,2.940111393,0,6.361590457,3.594877933,"885,000.00"
22.39,2,0,5.350999564,4.118825144,6.739824789,1.821689416,2,0,1.602959146,2,2.940111393,0,6.361590457,3.594877933,"885,500.00"
22.39,2,0,5.350999564,4.118825144,6.739824789,1.821689416,2,0,1.602959146,2,2.940111393,0,6.361590457,3.594877933,"870,000.00"
6.54,34,5,0.725332998,4.402258748,0.777008918,0.041972278,29,16,0.398012992,16,0.373267956,6,0.722986475,0.585683793,"4,200,000.00"
22.59,1,0,4.731446487,5.842113383,5.025225136,3.189759435,0,0,3.053364406,0,3.525063347,0,5.736706006,4.444261549,"885,000.00"
7.92,3,0,3.124377401,2.473593474,1.881367813,0.073330831,7,2,0.664387274,5,0.241113358,1,2.564621846,1.759637339,"1,650,000.00"
22.44,3,0,5.203382155,3.267675424,7.04024369,1.699276938,3,0,1.23338234,2,3.163384959,0,6.340291304,3.4684978,"850,000.00"
21.21,3,0,4.001993712,5.27731528,5.682614182,1.481078738,5,0,1.358658138,7,1.820113651,1,5.62599196,3.178849578,"930,000.00"
22.39,2,0,5.350999564,4.118825144,6.739824789,1.821689416,2,0,1.602959146,2,2.940111393,0,6.361590457,3.594877933,"895,000.00"
7.92,3,0,3.124377401,2.473593474,1.881367813,0.073330831,7,2,0.664387274,5,0.241113358,1,2.564621846,1.759637339,"1,650,000.00"
15.34,5,0,2.696064051,6.132844101,0.105448493,0.204660942,10,1,0.52902818,12,0.218559789,3,2.499860496,2.543675581,"2,600,000.00"
23.32,0,0,7.028561387,6.124351023,7.643558956,1.844832933,1,0,1.969323048,1,1.735535589,1,7.878843402,8.549334305,"275,000.00"
22.39,2,0,5.350999564,4.118825144,6.739824789,1.821689416,2,0,1.602959146,2,2.940111393,0,6.361590457,3.594877933,"891,500.00"
22.39,2,0,5.350999564,4.118825144,6.739824789,1.821689416,2,0,1.602959146,2,2.940111393,0,6.361590457,3.594877933,"887,500.00"
22.59,1,0,4.731446487,5.842113383,5.025225136,3.189759435,0,0,3.053364406,0,3.525063347,0,5.736706006,4.444261549,"885,000.00"
22.59,1,0,4.731446487,5.842113383,5.025225136,3.189759435,0,0,3.053364406,0,3.525063347,0,5.736706006,4.444261549,"885,000.00"
18.85,3,0,2.75753304,6.672114016,5.148238391,0.144675834,8,2,0.49262073,12,0.048597652,2,4.401620213,1.4674653,"915,000.00"
23.65,1,0,6.293782293,4.0924518,6.75423149,3.113434999,0,0,2.887802918,0,4.196443454,0,7.250108037,4.444523159,"910,000.00"
22.39,2,0,5.350999564,4.118825144,6.739824789,1.821689416,2,0,1.602959146,2,2.940111393,0,6.361590457,3.594877933,"884,500.00"
22.59,1,0,4.731446487,5.842113383,5.025225136,3.189759435,0,0,3.053364406,0,3.525063347,0,5.736706006,4.444261549,"879,600.00"
22.39,2,0,5.350999564,4.118825144,6.739824789,1.821689416,2,0,1.602959146,2,2.940111393,0,6.361590457,3.594877933,"930,000.00"
17.05,1,0,3.288533063,7.422553915,3.42874365,0.209031029,5,2,0.224225553,7,0.102080252,2,4.183153917,1.893212984,"1,450,000.00"
22.39,2,0,5.350999564,4.118825144,6.739824789,1.821689416,2,0,1.602959146,2,2.940111393,0,6.361590457,3.594877933,"880,000.00"
22.59,1,0,4.731446487,5.842113383,5.025225136,3.189759435,0,0,3.053364406,0,3.525063347,0,5.736706006,4.444261549,"840,000.00"
18.85,3,0,2.75753304,6.672114016,5.148238391,0.144675834,8,2,0.49262073,12,0.048597652,2,4.401620213,1.4674653,"600,000.00"
10.57,11,2,0.574608738,9.365425049,0.380556553,0.053768922,31,3,0.253841443,24,0.139402968,4,0.500748682,1.59651451,"2,700,000.00"
18.85,3,0,2.75753304,6.672114016,5.148238391,0.144675834,8,2,0.49262073,12,0.048597652,2,4.401620213,1.4674653,"885,714.29"
22.39,2,0,5.350999564,4.118825144,6.739824789,1.821689416,2,0,1.602959146,2,2.940111393,0,6.361590457,3.594877933,"905,000.00"
22.39,2,0,5.350999564,4.118825144,6.739824789,1.821689416,2,0,1.602959146,2,2.940111393,0,6.361590457,3.594877933,"850,000.00"
21.21,3,0,4.001993712,5.27731528,5.682614182,1.481078738,5,0,1.358658138,7,1.820113651,1,5.62599196,3.178849578,"878,571.43"
21.21,3,0,4.001993712,5.27731528,5.682614182,1.481078738,5,0,1.358658138,7,1.820113651,1,5.62599196,3.178849578,"907,500.00"
36.09,1,0,5.192048924,16.69440877,3.421132423,4.421975181,0,0,4.992931183,0,9.219189864,0,12.72638173,10.71912836,"250,000.00"
22.59,1,0,4.731446487,5.842113383,5.025225136,3.189759435,0,0,3.053364406,0,3.525063347,0,5.736706006,4.444261549,"905,000.00"
23.52,1,0,4.517601805,5.391227259,2.05266268,1.79869111,1,1,1.44591556,3,1.743481817,1,4.84824702,4.589242247,"300,000.00"
22.61,3,0,3.998696251,2.379564136,0.489734538,0.201421298,7,2,0.014518784,4,0.899794951,1,3.99247885,2.76473027,"300,000.00"
23.32,0,0,7.028561387,6.124351023,7.643558956,1.844832933,1,0,1.969323048,1,1.735535589,1,7.878843402,8.549334305,"625,000.00"
17.66,2,0,2.766675534,1.341754436,9.982145833,0.351838973,8,1,0.22296895,5,0.044349224,1,6.270127131,4.493856946,"625,000.00"
42.89,2,0,17.30386792,25.98399192,0.638579249,0.092605017,7,3,1.670624688,2,3.822489362,0,20.27564198,8.252888495,"430,000.00"
23.32,0,0,7.028561387,6.124351023,7.643558956,1.844832933,1,0,1.969323048,1,1.735535589,1,7.878843402,8.549334305,"600,000.00"
22.39,2,0,5.350999564,4.118825144,6.739824789,1.821689416,2,0,1.602959146,2,2.940111393,0,6.361590457,3.594877933,"865,671.64"
10.17,2,0,4.058399008,4.338834957,3.691421741,0.024061544,8,3,0.20022063,7,0.081344253,2,3.520838738,1.731537463,"1,250,000.00"
22.39,2,0,5.350999564,4.118825144,6.739824789,1.821689416,2,0,1.602959146,2,2.940111393,0,6.361590457,3.594877933,"640,000.00"
42.89,2,0,17.30386792,25.98399192,0.638579249,0.092605017,7,3,1.670624688,2,3.822489362,0,20.27564198,8.252888495,"290,000.00"
23.65,1,0,6.293782293,4.0924518,6.75423149,3.113434999,0,0,2.887802918,0,4.196443454,0,7.250108037,4.444523159,"675,000.00"
17.26,6,0,3.092683935,3.716698378,0.089601941,0.104367405,10,1,0.685837638,5,0.917733437,2,2.121535646,2.422564633,"1,100,000.00"
6.54,34,5,0.725332998,4.402258748,0.777008918,0.041972278,29,16,0.398012992,16,0.373267956,6,0.722986475,0.585683793,"10,500,000.00"
25.91,2,2,0.770564739,5.442128017,2.425299821,2.68514114,0,0,2.119728706,0,2.78061435,0,5.68174556,4.911417308,"740,000.00"
19.59,1,0,4.65088748,1.626447486,3.488327488,0.0702284,6,0,0.225418134,4,0.132466919,1,3.752484608,4.569323338,"950,000.00"
11.35,4,0,3.232578915,6.632045539,4.07247222,0.046516086,15,2,0.275528356,11,1.185148304,2,2.127812617,1.818298797,"1,750,000.00"
22.59,1,0,4.731446487,5.842113383,5.025225136,3.189759435,0,0,3.053364406,0,3.525063347,0,5.736706006,4.444261549,"900,000.00"
22.39,2,0,5.350999564,4.118825144,6.739824789,1.821689416,2,0,1.602959146,2,2.940111393,0,6.361590457,3.594877933,"891,700.00"
18.85,3,0,2.75753304,6.672114016,5.148238391,0.144675834,8,2,0.49262073,12,0.048597652,2,4.401620213,1.4674653,"800,000.00"
22.59,1,0,4.731446487,5.842113383,5.025225136,3.189759435,0,0,3.053364406,0,3.525063347,0,5.736706006,4.444261549,"886,363.64"
18.85,3,0,2.75753304,6.672114016,5.148238391,0.144675834,8,2,0.49262073,12,0.048597652,2,4.401620213,1.4674653,"1,100,000.00"
18.85,3,0,2.75753304,6.672114016,5.148238391,0.144675834,8,2,0.49262073,12,0.048597652,2,4.401620213,1.4674653,"895,000.00"
24.82,1,0,5.090707489,0.409507119,6.811585774,0.031648336,2,1,3.055274365,0,5.118456884,0,7.133131449,4.812728716,"830,000.00"
11.16,13,0,2.106095585,8.393725938,1.168514876,0.161932175,29,0,0.057423149,19,1.289514894,4,1.203313326,2.598587684,"1,800,000.00"
23.79,1,0,3.495002423,3.317077568,3.931243406,2.171289137,0,0,0.536616073,2,2.688005657,0,5.500983246,4.276389115,"390,000.00"
24.82,1,0,5.090707489,0.409507119,6.811585774,0.031648336,2,1,3.055274365,0,5.118456884,0,7.133131449,4.812728716,"390,000.00"
17.26,6,0,3.092683935,3.716698378,0.089601941,0.104367405,10,1,0.685837638,5,0.917733437,2,2.121535646,2.422564633,"1,600,000.00"
22.39,2,0,5.350999564,4.118825144,6.739824789,1.821689416,2,0,1.602959146,2,2.940111393,0,6.361590457,3.594877933,"886,000.00"
23.79,1,0,3.495002423,3.317077568,3.931243406,2.171289137,0,0,0.536616073,2,2.688005657,0,5.500983246,4.276389115,"415,000.00"
22.39,2,0,5.350999564,4.118825144,6.739824789,1.821689416,2,0,1.602959146,2,2.940111393,0,6.361590457,3.594877933,"895,000.00"
24.82,1,0,5.090707489,0.409507119,6.811585774,0.031648336,2,1,3.055274365,0,5.118456884,0,7.133131449,4.812728716,"430,000.00"
36.09,1,0,5.192048924,16.69440877,3.421132423,4.421975181,0,0,4.992931183,0,9.219189864,0,12.72638173,10.71912836,"250,000.00"
31.51,1,1,1.381423128,12.16728407,0.149133019,0.047108561,5,1,0.395558833,1,6.762905565,0,9.361162257,6.139936373,"250,000.00"
36.09,1,0,5.192048924,16.69440877,3.421132423,4.421975181,0,0,4.992931183,0,9.219189864,0,12.72638173,10.71912836,"250,000.00"
36.09,1,0,5.192048924,16.69440877,3.421132423,4.421975181,0,0,4.992931183,0,9.219189864,0,12.72638173,10.71912836,"250,000.00"
18.85,3,0,2.75753304,6.672114016,5.148238391,0.144675834,8,2,0.49262073,12,0.048597652,2,4.401620213,1.4674653,"888,234.00"
18.85,3,0,2.75753304,6.672114016,5.148238391,0.144675834,8,2,0.49262073,12,0.048597652,2,4.401620213,1.4674653,"885,000.00"
22.39,2,0,5.350999564,4.118825144,6.739824789,1.821689416,2,0,1.602959146,2,2.940111393,0,6.361590457,3.594877933,"915,000.00"
22.59,1,0,4.731446487,5.842113383,5.025225136,3.189759435,0,0,3.053364406,0,3.525063347,0,5.736706006,4.444261549,"918,500.00"
12.89,7,0,2.847591288,12.64244388,0.528389071,0.028453853,12,2,0.113299872,20,1.052875673,5,1.58575455,3.057863335,"2,800,000.00"
31.51,1,1,1.381423128,12.16728407,0.149133019,0.047108561,5,1,0.395558833,1,6.762905565,0,9.361162257,6.139936373,"250,000.00"
23.58,1,0,5.624547142,5.967403991,4.903064599,3.727986178,0,0,3.876316055,0,4.524115554,0,6.387940748,5.182483005,"425,000.00"
13.98,1,1,1.440497502,8.830429042,2.212403368,0.071858443,10,2,0.100746527,11,0.886448814,1,2.748057643,2.54970663,"1,650,000.00"
12.89,7,0,2.847591288,12.64244388,0.528389071,0.028453853,12,2,0.113299872,20,1.052875673,5,1.58575455,3.057863335,"2,700,000.00"
6.23,24,1,1.968711266,2.401511963,0.536960132,0.22982904,28,7,0.52250527,7,0.457804718,7,1.477911091,1.688037499,"2,600,000.00"
22.39,2,0,5.350999564,4.118825144,6.739824789,1.821689416,2,0,1.602959146,2,2.940111393,0,6.361590457,3.594877933,"885,700.00"
11.35,4,0,3.232578915,6.632045539,4.07247222,0.046516086,15,2,0.275528356,11,1.185148304,2,2.127812617,1.818298797,"2,500,000.00"
22.39,2,0,5.350999564,4.118825144,6.739824789,1.821689416,2,0,1.602959146,2,2.940111393,0,6.361590457,3.594877933,"887,500.00"
7.92,3,0,3.124377401,2.473593474,1.881367813,0.073330831,7,2,0.664387274,5,0.241113358,1,2.564621846,1.759637339,"1,650,000.00"
19.59,1,0,4.65088748,1.626447486,3.488327488,0.0702284,6,0,0.225418134,4,0.132466919,1,3.752484608,4.569323338,"295,000.00"
13.87,2,3,1.447933444,2.717124559,7.211964683,2.102517685,0,1,1.010168346,1,1.065715706,2,4.640681644,3.135436539,"4,375,000.00"
10.3,15,2,1.59352339,8.252641545,1.126814689,0.547694489,25,2,0.435381787,18,0.978440306,3,1.083609135,2.184000564,"2,500,000.00"
10.56,10,2,0.1918214,9.666038251,0.888089233,0.089743676,25,3,0.100129552,24,0.129686103,4,0.634317711,1.338208605,"7,000,000.00"
15.34,5,0,2.696064051,6.132844101,0.105448493,0.204660942,10,1,0.52902818,12,0.218559789,3,2.499860496,2.543675581,"1,975,000.00"
22.39,2,0,5.350999564,4.118825144,6.739824789,1.821689416,2,0,1.602959146,2,2.940111393,0,6.361590457,3.594877933,"922,000.00"
22.39,2,0,5.350999564,4.118825144,6.739824789,1.821689416,2,0,1.602959146,2,2.940111393,0,6.361590457,3.594877933,"878,787.88"
22.39,2,0,5.350999564,4.118825144,6.739824789,1.821689416,2,0,1.602959146,2,2.940111393,0,6.361590457,3.594877933,"897,600.00"
22.39,2,0,5.350999564,4.118825144,6.739824789,1.821689416,2,0,1.602959146,2,2.940111393,0,6.361590457,3.594877933,"880,000.00"
22.39,2,0,5.350999564,4.118825144,6.739824789,1.821689416,2,0,1.602959146,2,2.940111393,0,6.361590457,3.594877933,"889,500.00"
22.39,2,0,5.350999564,4.118825144,6.739824789,1.821689416,2,0,1.602959146,2,2.940111393,0,6.361590457,3.594877933,"886,700.00"
8.43,25,5,0.68379499,8.270892022,1.393859989,0.06226201,43,10,0.220060054,23,0.776471572,5,0.656539523,1.209048532,"5,000,000.00"
22.39,2,0,5.350999564,4.118825144,6.739824789,1.821689416,2,0,1.602959146,2,2.940111393,0,6.361590457,3.594877933,"888,700.00"
22.39,2,0,5.350999564,4.118825144,6.739824789,1.821689416,2,0,1.602959146,2,2.940111393,0,6.361590457,3.594877933,"890,000.00"
22.59,1,0,4.731446487,5.842113383,5.025225136,3.189759435,0,0,3.053364406,0,3.525063347,0,5.736706006,4.444261549,"895,000.00"
22.39,2,0,5.350999564,4.118825144,6.739824789,1.821689416,2,0,1.602959146,2,2.940111393,0,6.361590457,3.594877933,"880,000.00"
13.98,1,1,1.440497502,8.830429042,2.212403368,0.071858443,10,2,0.100746527,11,0.886448814,1,2.748057643,2.54970663,"1,650,000.00"
22.39,2,0,5.350999564,4.118825144,6.739824789,1.821689416,2,0,1.602959146,2,2.940111393,0,6.361590457,3.594877933,"890,000.00"
21.21,3,0,4.001993712,5.27731528,5.682614182,1.481078738,5,0,1.358658138,7,1.820113651,1,5.62599196,3.178849578,"885,750.00"
22.39,2,0,5.350999564,4.118825144,6.739824789,1.821689416,2,0,1.602959146,2,2.940111393,0,6.361590457,3.594877933,"882,900.00"
14.29,8,0,2.210242241,12.7198494,0.570907625,0.493071529,12,1,0.450048459,9,0.475998265,3,2.72457472,3.728770782,"2,700,000.00"
11.35,4,0,3.232578915,6.632045539,4.07247222,0.046516086,15,2,0.275528356,11,1.185148304,2,2.127812617,1.818298797,"3,800,000.00"
22.59,1,0,4.731446487,5.842113383,5.025225136,3.189759435,0,0,3.053364406,0,3.525063347,0,5.736706006,4.444261549,"907,692.31"
22.39,2,0,5.350999564,4.118825144,6.739824789,1.821689416,2,0,1.602959146,2,2.940111393,0,6.361590457,3.594877933,"873,955.22"
10.38,7,0,2.238625345,6.877783599,3.104369608,0.312880087,19,3,0.597689536,17,1.345330372,1,1.750968007,2.165828855,"4,200,000.00"
14.29,8,0,2.210242241,12.7198494,0.570907625,0.493071529,12,1,0.450048459,9,0.475998265,3,2.72457472,3.728770782,"3,000,000.00"
14.29,8,0,2.210242241,12.7198494,0.570907625,0.493071529,12,1,0.450048459,9,0.475998265,3,2.72457472,3.728770782,"2,800,000.00"
14.19,1,0,4.333994379,4.620078445,3.239812649,0.047187666,14,1,0.207307327,9,1.832361316,1,2.853306008,2.55936892,"2,000,000.00"
23.52,1,0,4.517601805,5.391227259,2.05266268,1.79869111,1,1,1.44591556,3,1.743481817,1,4.84824702,4.589242247,"300,000.00"
19.59,1,0,4.65088748,1.626447486,3.488327488,0.0702284,6,0,0.225418134,4,0.132466919,1,3.752484608,4.569323338,"1,000,000.00"
18.85,3,0,2.75753304,6.672114016,5.148238391,0.144675834,8,2,0.49262073,12,0.048597652,2,4.401620213,1.4674653,"875,000.00"
23.32,0,0,7.028561387,6.124351023,7.643558956,1.844832933,1,0,1.969323048,1,1.735535589,1,7.878843402,8.549334305,"630,000.00"
22.59,1,0,4.731446487,5.842113383,5.025225136,3.189759435,0,0,3.053364406,0,3.525063347,0,5.736706006,4.444261549,"915,000.00"
21.21,3,0,4.001993712,5.27731528,5.682614182,1.481078738,5,0,1.358658138,7,1.820113651,1,5.62599196,3.178849578,"910,000.00"
23.35,1,0,5.231325435,7.240532484,3.612711021,2.440272677,0,0,4.342252902,0,3.836537102,0,5.975094036,5.76504541,"915,000.00"
18.85,3,0,2.75753304,6.672114016,5.148238391,0.144675834,8,2,0.49262073,12,0.048597652,2,4.401620213,1.4674653,"907,692.31"
18.85,3,0,2.75753304,6.672114016,5.148238391,0.144675834,8,2,0.49262073,12,0.048597652,2,4.401620213,1.4674653,"940,000.00"
20.21,1,0,4.452395666,3.231228684,9.461703594,1.564251976,1,0,1.45545367,1,1.669502034,1,6.882095043,6.69515565,"430,000.00"
22.59,1,0,4.731446487,5.842113383,5.025225136,3.189759435,0,0,3.053364406,0,3.525063347,0,5.736706006,4.444261549,"915,000.00"
22.39,2,0,5.350999564,4.118825144,6.739824789,1.821689416,2,0,1.602959146,2,2.940111393,0,6.361590457,3.594877933,"910,000.00"
22.39,2,0,5.350999564,4.118825144,6.739824789,1.821689416,2,0,1.602959146,2,2.940111393,0,6.361590457,3.594877933,"895,000.00"
21.5,0,0,5.374796464,4.330842323,8.553697374,0.085015366,1,0,0.078489009,1,0.196379228,1,7.263013641,7.777173725,"410,000.00"
23.32,0,0,7.028561387,6.124351023,7.643558956,1.844832933,1,0,1.969323048,1,1.735535589,1,7.878843402,8.549334305,"625,000.00"
17.66,2,0,2.766675534,1.341754436,9.982145833,0.351838973,8,1,0.22296895,5,0.044349224,1,6.270127131,4.493856946,"375,000.00"
13.04,3,0,2.482189224,10.71105259,2.581188405,0.039349016,14,1,0.204933292,14,0.911886638,3,2.521385921,3.017094937,"1,340,000.00"
17.66,2,0,2.766675534,1.341754436,9.982145833,0.351838973,8,1,0.22296895,5,0.044349224,1,6.270127131,4.493856946,"375,000.00"
36.09,1,0,5.192048924,16.69440877,3.421132423,4.421975181,0,0,4.992931183,0,9.219189864,0,12.72638173,10.71912836,"250,000.00"
17.66,2,0,2.766675534,1.341754436,9.982145833,0.351838973,8,1,0.22296895,5,0.044349224,1,6.270127131,4.493856946,"450,000.00"
23.32,0,0,7.028561387,6.124351023,7.643558956,1.844832933,1,0,1.969323048,1,1.735535589,1,7.878843402,8.549334305,"630,000.00"
18.85,3,0,2.75753304,6.672114016,5.148238391,0.144675834,8,2,0.49262073,12,0.048597652,2,4.401620213,1.4674653,"912,000.00"
22.39,2,0,5.350999564,4.118825144,6.739824789,1.821689416,2,0,1.602959146,2,2.940111393,0,6.361590457,3.594877933,"885,000.00"
10.56,10,2,0.1918214,9.666038251,0.888089233,0.089743676,25,3,0.100129552,24,0.129686103,4,0.634317711,1.338208605,"3,600,000.00"
11.35,4,0,3.232578915,6.632045539,4.07247222,0.046516086,15,2,0.275528356,11,1.185148304,2,2.127812617,1.818298797,"2,300,000.00"
23.32,0,0,7.028561387,6.124351023,7.643558956,1.844832933,1,0,1.969323048,1,1.735535589,1,7.878843402,8.549334305,"594,202.90"
23.32,0,0,7.028561387,6.124351023,7.643558956,1.844832933,1,0,1.969323048,1,1.735535589,1,7.878843402,8.549334305,"357,142.86"
23.65,1,0,6.293782293,4.0924518,6.75423149,3.113434999,0,0,2.887802918,0,4.196443454,0,7.250108037,4.444523159,"895,000.00"
22.39,2,0,5.350999564,4.118825144,6.739824789,1.821689416,2,0,1.602959146,2,2.940111393,0,6.361590457,3.594877933,"865,000.00"
18.85,3,0,2.75753304,6.672114016,5.148238391,0.144675834,8,2,0.49262073,12,0.048597652,2,4.401620213,1.4674653,"900,000.00"
12.89,7,0,2.847591288,12.64244388,0.528389071,0.028453853,12,2,0.113299872,20,1.052875673,5,1.58575455,3.057863335,"3,500,000.00"
23.32,0,0,7.028561387,6.124351023,7.643558956,1.844832933,1,0,1.969323048,1,1.735535589,1,7.878843402,8.549334305,"275,000.00"
17.66,2,0,2.766675534,1.341754436,9.982145833,0.351838973,8,1,0.22296895,5,0.044349224,1,6.270127131,4.493856946,"410,000.00"
8.66,9,1,0.549898445,5.213415717,1.3669029,0.064668268,9,7,0.050657848,13,2.104233363,0,1.284658669,0.825239173,"2,100,000.00"
21.21,3,0,4.001993712,5.27731528,5.682614182,1.481078738,5,0,1.358658138,7,1.820113651,1,5.62599196,3.178849578,"275,000.00"
36.09,1,0,5.192048924,16.69440877,3.421132423,4.421975181,0,0,4.992931183,0,9.219189864,0,12.72638173,10.71912836,"250,000.00"
23.52,1,0,4.517601805,5.391227259,2.05266268,1.79869111,1,1,1.44591556,3,1.743481817,1,4.84824702,4.589242247,"304,816.67"
19.59,1,0,4.65088748,1.626447486,3.488327488,0.0702284,6,0,0.225418134,4,0.132466919,1,3.752484608,4.569323338,"625,000.00"
22.59,1,0,4.731446487,5.842113383,5.025225136,3.189759435,0,0,3.053364406,0,3.525063347,0,5.736706006,4.444261549,"867,647.06"
21.21,3,0,4.001993712,5.27731528,5.682614182,1.481078738,5,0,1.358658138,7,1.820113651,1,5.62599196,3.178849578,"890,500.00"
22.39,2,0,5.350999564,4.118825144,6.739824789,1.821689416,2,0,1.602959146,2,2.940111393,0,6.361590457,3.594877933,"886,500.00"
22.39,2,0,5.350999564,4.118825144,6.739824789,1.821689416,2,0,1.602959146,2,2.940111393,0,6.361590457,3.594877933,"892,307.69"
22.39,2,0,5.350999564,4.118825144,6.739824789,1.821689416,2,0,1.602959146,2,2.940111393,0,6.361590457,3.594877933,"893,939.39"
21.21,3,0,4.001993712,5.27731528,5.682614182,1.481078738,5,0,1.358658138,7,1.820113651,1,5.62599196,3.178849578,"946,808.51"
22.59,1,0,4.731446487,5.842113383,5.025225136,3.189759435,0,0,3.053364406,0,3.525063347,0,5.736706006,4.444261549,"905,000.00"
22.39,2,0,5.350999564,4.118825144,6.739824789,1.821689416,2,0,1.602959146,2,2.940111393,0,6.361590457,3.594877933,"918,500.00"
10.96,9,1,1.555973958,11.53988387,0.42972373,0.126142707,18,1,0.460378059,12,0.545357036,3,0.891115717,1.452211198,"3,500,000.00"
23.52,1,0,4.517601805,5.391227259,2.05266268,1.79869111,1,1,1.44591556,3,1.743481817,1,4.84824702,4.589242247,"300,000.00"
22.39,2,0,5.350999564,4.118825144,6.739824789,1.821689416,2,0,1.602959146,2,2.940111393,0,6.361590457,3.594877933,"890,270.00"
22.39,2,0,5.350999564,4.118825144,6.739824789,1.821689416,2,0,1.602959146,2,2.940111393,0,6.361590457,3.594877933,"887,550.00"
9.16,19,1,0.668115654,7.480199518,0.647482412,0.047406525,38,5,0.229319769,17,1.221395666,4,1.224741756,1.856131844,"5,500,000.00"
11.88,9,2,1.412228981,9.949975211,1.714054755,1.241304091,21,3,0.603966541,23,1.196047358,5,1.353496396,2.372959813,"6,500,000.00"
23.32,0,0,7.028561387,6.124351023,7.643558956,1.844832933,1,0,1.969323048,1,1.735535589,1,7.878843402,8.549334305,"590,909.09"
11.16,13,0,2.106095585,8.393725938,1.168514876,0.161932175,29,0,0.057423149,19,1.289514894,4,1.203313326,2.598587684,"2,300,000.00"
22.39,2,0,5.350999564,4.118825144,6.739824789,1.821689416,2,0,1.602959146,2,2.940111393,0,6.361590457,3.594877933,"755,000.00"
15.61,1,0,2.815780545,7.844997389,2.642167315,1.094447394,8,1,0.197954158,9,1.35247462,1,3.728015063,2.321288365,"1,850,000.00"
18.85,3,0,2.75753304,6.672114016,5.148238391,0.144675834,8,2,0.49262073,12,0.048597652,2,4.401620213,1.4674653,"3,500,000.00"
22.48,1,0,5.025437008,4.526230179,2.158402885,2.639915599,0,0,0.360470047,1,2.521308465,0,4.82621559,4.51951349,"440,000.00"
22.59,1,0,4.731446487,5.842113383,5.025225136,3.189759435,0,0,3.053364406,0,3.525063347,0,5.736706006,4.444261549,"900,000.00"
19.08,6,1,1.533623821,9.726779639,1.475775745,0.409513185,18,0,0.602662223,5,1.346360082,1,3.027673742,4.700218567,"1,000,000.00"
9.16,19,1,0.668115654,7.480199518,0.647482412,0.047406525,38,5,0.229319769,17,1.221395666,4,1.224741756,1.856131844,"5,000,000.00"
23.52,1,0,4.517601805,5.391227259,2.05266268,1.79869111,1,1,1.44591556,3,1.743481817,1,4.84824702,4.589242247,"300,000.00"
10.96,9,1,1.555973958,11.53988387,0.42972373,0.126142707,18,1,0.460378059,12,0.545357036,3,0.891115717,1.452211198,"3,500,000.00"
21.21,3,0,4.001993712,5.27731528,5.682614182,1.481078738,5,0,1.358658138,7,1.820113651,1,5.62599196,3.178849578,"900,000.00"
8.66,9,1,0.549898445,5.213415717,1.3669029,0.064668268,9,7,0.050657848,13,2.104233363,0,1.284658669,0.825239173,"3,500,000.00"
23.32,0,0,7.028561387,6.124351023,7.643558956,1.844832933,1,0,1.969323048,1,1.735535589,1,7.878843402,8.549334305,"617,647.06"
10.96,9,1,1.555973958,11.53988387,0.42972373,0.126142707,18,1,0.460378059,12,0.545357036,3,0.891115717,1.452211198,"5,900,000.00"
18.85,3,0,2.75753304,6.672114016,5.148238391,0.144675834,8,2,0.49262073,12,0.048597652,2,4.401620213,1.4674653,"950,000.00"
23.32,0,0,7.028561387,6.124351023,7.643558956,1.844832933,1,0,1.969323048,1,1.735535589,1,7.878843402,8.549334305,"630,000.00"
26.68,0,0,3.18607699,4.713399699,5.211530471,4.438861782,0,0,3.463452279,0,4.105365541,0,7.515233246,6.442885101,"495,000.00"
32.72,0,0,5.980388514,15.53202167,1.009932711,1.089855937,1,0,3.205859997,0,3.378773687,0,12.39189835,10.00080272,"295,000.00"
31.51,1,1,1.381423128,12.16728407,0.149133019,0.047108561,5,1,0.395558833,1,6.762905565,0,9.361162257,6.139936373,"250,000.00"
21.21,3,0,4.001993712,5.27731528,5.682614182,1.481078738,5,0,1.358658138,7,1.820113651,1,5.62599196,3.178849578,"915,000.00"
22.44,3,0,5.203382155,3.267675424,7.04024369,1.699276938,3,0,1.23338234,2,3.163384959,0,6.340291304,3.4684978,"700,000.00"
19.59,1,0,4.65088748,1.626447486,3.488327488,0.0702284,6,0,0.225418134,4,0.132466919,1,3.752484608,4.569323338,"500,000.00"
26.68,0,0,3.18607699,4.713399699,5.211530471,4.438861782,0,0,3.463452279,0,4.105365541,0,7.515233246,6.442885101,"495,000.00"
14.19,1,0,4.333994379,4.620078445,3.239812649,0.047187666,14,1,0.207307327,9,1.832361316,1,2.853306008,2.55936892,"1,650,000.00"
5.42,23,6,0.274439339,6.485148777,0.987947003,0.216845753,46,7,0.248492837,16,0.813136894,5,0.46789424,1.120174736,"11,000,000.00"
36.09,1,0,5.192048924,16.69440877,3.421132423,4.421975181,0,0,4.992931183,0,9.219189864,0,12.72638173,10.71912836,"250,000.00"
14.94,4,3,1.325521262,3.332054051,6.321523914,0.125554587,9,0,0.297162444,10,0.3277186,2,3.835218788,3.420543751,"1,600,000.00"
22.39,2,0,5.350999564,4.118825144,6.739824789,1.821689416,2,0,1.602959146,2,2.940111393,0,6.361590457,3.594877933,"862,000.00"
10.56,10,2,0.1918214,9.666038251,0.888089233,0.089743676,25,3,0.100129552,24,0.129686103,4,0.634317711,1.338208605,"4,000,000.00"
22.39,2,0,5.350999564,4.118825144,6.739824789,1.821689416,2,0,1.602959146,2,2.940111393,0,6.361590457,3.594877933,"760,000.00"
17.66,2,0,2.766675534,1.341754436,9.982145833,0.351838973,8,1,0.22296895,5,0.044349224,1,6.270127131,4.493856946,"430,000.00"
21.21,3,0,4.001993712,5.27731528,5.682614182,1.481078738,5,0,1.358658138,7,1.820113651,1,5.62599196,3.178849578,"950,000.00"
23.32,0,0,7.028561387,6.124351023,7.643558956,1.844832933,1,0,1.969323048,1,1.735535589,1,7.878843402,8.549334305,"594,202.90"
21.21,3,0,4.001993712,5.27731528,5.682614182,1.481078738,5,0,1.358658138,7,1.820113651,1,5.62599196,3.178849578,"889,500.00"
12.89,7,0,2.847591288,12.64244388,0.528389071,0.028453853,12,2,0.113299872,20,1.052875673,5,1.58575455,3.057863335,"3,800,000.00"
21.21,3,0,4.001993712,5.27731528,5.682614182,1.481078738,5,0,1.358658138,7,1.820113651,1,5.62599196,3.178849578,"910,000.00"
18.85,3,0,2.75753304,6.672114016,5.148238391,0.144675834,8,2,0.49262073,12,0.048597652,2,4.401620213,1.4674653,"890,000.00"
13.04,3,0,2.482189224,10.71105259,2.581188405,0.039349016,14,1,0.204933292,14,0.911886638,3,2.521385921,3.017094937,"3,625,000.00"
8.15,19,4,1.142526683,9.155040562,0.029733581,0.369539052,24,5,0.750590563,12,1.16763043,2,0.670066212,1.155265795,"7,500,000.00"
31.51,1,1,1.381423128,12.16728407,0.149133019,0.047108561,5,1,0.395558833,1,6.762905565,0,9.361162257,6.139936373,"250,000.00"
36.09,1,0,5.192048924,16.69440877,3.421132423,4.421975181,0,0,4.992931183,0,9.219189864,0,12.72638173,10.71912836,"165,000.00"
31.51,1,1,1.381423128,12.16728407,0.149133019,0.047108561,5,1,0.395558833,1,6.762905565,0,9.361162257,6.139936373,"250,000.00"
31.51,1,1,1.381423128,12.16728407,0.149133019,0.047108561,5,1,0.395558833,1,6.762905565,0,9.361162257,6.139936373,"250,000.00"
11.35,4,0,3.232578915,6.632045539,4.07247222,0.046516086,15,2,0.275528356,11,1.185148304,2,2.127812617,1.818298797,"2,000,000.00"
36.09,1,0,5.192048924,16.69440877,3.421132423,4.421975181,0,0,4.992931183,0,9.219189864,0,12.72638173,10.71912836,"250,000.00"
31.51,1,1,1.381423128,12.16728407,0.149133019,0.047108561,5,1,0.395558833,1,6.762905565,0,9.361162257,6.139936373,"250,000.00"
10.96,9,1,1.555973958,11.53988387,0.42972373,0.126142707,18,1,0.460378059,12,0.545357036,3,0.891115717,1.452211198,"3,000,000.00"
24.82,1,0,5.090707489,0.409507119,6.811585774,0.031648336,2,1,3.055274365,0,5.118456884,0,7.133131449,4.812728716,"375,000.00"
8.15,19,4,1.142526683,9.155040562,0.029733581,0.369539052,24,5,0.750590563,12,1.16763043,2,0.670066212,1.155265795,"10,500,000.00"
21.21,3,0,4.001993712,5.27731528,5.682614182,1.481078738,5,0,1.358658138,7,1.820113651,1,5.62599196,3.178849578,"900,000.00"
23.32,0,0,7.028561387,6.124351023,7.643558956,1.844832933,1,0,1.969323048,1,1.735535589,1,7.878843402,8.549334305,"653,543.31"
18.85,3,0,2.75753304,6.672114016,5.148238391,0.144675834,8,2,0.49262073,12,0.048597652,2,4.401620213,1.4674653,"975,000.00"
10.3,15,2,1.59352339,8.252641545,1.126814689,0.547694489,25,2,0.435381787,18,0.978440306,3,1.083609135,2.184000564,"3,500,000.00"
36.09,1,0,5.192048924,16.69440877,3.421132423,4.421975181,0,0,4.992931183,0,9.219189864,0,12.72638173,10.71912836,"250,000.00"
36.09,1,0,5.192048924,16.69440877,3.421132423,4.421975181,0,0,4.992931183,0,9.219189864,0,12.72638173,10.71912836,"250,000.00"
19.59,1,0,4.65088748,1.626447486,3.488327488,0.0702284,6,0,0.225418134,4,0.132466919,1,3.752484608,4.569323338,"427,083.33"
10.96,9,1,1.555973958,11.53988387,0.42972373,0.126142707,18,1,0.460378059,12,0.545357036,3,0.891115717,1.452211198,"3,450,000.00"
4.22,22,2,1.467277947,5.676326993,0.379336786,0.083896065,46,9,0.234180842,17,0.836102939,4,0.648388584,1.199440728,"18,000,000.00"
16.39,1,0,3.876604793,1.871289347,3.876447241,0.024556017,1,0,1.187704419,5,0.074058786,1,3.340681566,4.15652795,"1,400,000.00"
23.32,0,0,7.028561387,6.124351023,7.643558956,1.844832933,1,0,1.969323048,1,1.735535589,1,7.878843402,8.549334305,"620,000.00"
22.59,1,0,4.731446487,5.842113383,5.025225136,3.189759435,0,0,3.053364406,0,3.525063347,0,5.736706006,4.444261549,"890,000.00"
21.21,3,0,4.001993712,5.27731528,5.682614182,1.481078738,5,0,1.358658138,7,1.820113651,1,5.62599196,3.178849578,"800,000.00"
10.57,11,2,0.574608738,9.365425049,0.380556553,0.053768922,31,3,0.253841443,24,0.139402968,4,0.500748682,1.59651451,"2,600,000.00"
20.21,1,0,4.452395666,3.231228684,9.461703594,1.564251976,1,0,1.45545367,1,1.669502034,1,6.882095043,6.69515565,"430,000.00"
23.32,0,0,7.028561387,6.124351023,7.643558956,1.844832933,1,0,1.969323048,1,1.735535589,1,7.878843402,8.549334305,"625,000.00"
22.39,2,0,5.350999564,4.118825144,6.739824789,1.821689416,2,0,1.602959146,2,2.940111393,0,6.361590457,3.594877933,"760,000.00"
10.64,6,0,2.246210381,8.09204828,1.80277564,0.069620362,22,0,0.265138276,16,0.346100643,2,1.203411373,2.706880853,"3,500,000.00"
22.59,1,0,4.731446487,5.842113383,5.025225136,3.189759435,0,0,3.053364406,0,3.525063347,0,5.736706006,4.444261549,"850,000.00"
18.85,3,0,2.75753304,6.672114016,5.148238391,0.144675834,8,2,0.49262073,12,0.048597652,2,4.401620213,1.4674653,"1,250,000.00"
31.51,1,1,1.381423128,12.16728407,0.149133019,0.047108561,5,1,0.395558833,1,6.762905565,0,9.361162257,6.139936373,"250,000.00"
22.39,2,0,5.350999564,4.118825144,6.739824789,1.821689416,2,0,1.602959146,2,2.940111393,0,6.361590457,3.594877933,"892,857.14"
10.57,11,2,0.574608738,9.365425049,0.380556553,0.053768922,31,3,0.253841443,24,0.139402968,4,0.500748682,1.59651451,"3,600,000.00"
10.64,6,0,2.246210381,8.09204828,1.80277564,0.069620362,22,0,0.265138276,16,0.346100643,2,1.203411373,2.706880853,"3,000,000.00"
19.51,6,0,2.875829072,10.87016748,0.069034825,0.155937673,12,0,0.531430234,4,2.751861472,0,2.987710191,5.917349915,"1,100,000.00"
31.51,1,1,1.381423128,12.16728407,0.149133019,0.047108561,5,1,0.395558833,1,6.762905565,0,9.361162257,6.139936373,"250,000.00"
22.39,2,0,5.350999564,4.118825144,6.739824789,1.821689416,2,0,1.602959146,2,2.940111393,0,6.361590457,3.594877933,"971,250.56"
15.34,5,0,2.696064051,6.132844101,0.105448493,0.204660942,10,1,0.52902818,12,0.218559789,3,2.499860496,2.543675581,"2,000,000.00"
18.99,5,1,1.866050156,1.810057975,0.314617717,0.069482791,9,1,0.265588994,5,0.215824615,5,2.560275109,1.767980392,"900,000.00"
21.89,1,1,1.73280012,3.138944863,3.532694318,0.137331208,4,0,0.166226784,3,1.761886269,1,4.511211539,3.290576454,"1,425,000.00"
23.32,0,0,7.028561387,6.124351023,7.643558956,1.844832933,1,0,1.969323048,1,1.735535589,1,7.878843402,8.549334305,"580,000.00"
22.48,1,0,5.025437008,4.526230179,2.158402885,2.639915599,0,0,0.360470047,1,2.521308465,0,4.82621559,4.51951349,"600,000.00"
13.29,5,1,0.764890663,7.977447158,0.655039484,0.200566162,21,1,0.215235621,15,1.484056738,3,2.429966664,2.547560295,"2,400,000.00"
42.89,2,0,17.30386792,25.98399192,0.638579249,0.092605017,7,3,1.670624688,2,3.822489362,0,20.27564198,8.252888495,"68,695.65"
13.29,5,1,0.764890663,7.977447158,0.655039484,0.200566162,21,1,0.215235621,15,1.484056738,3,2.429966664,2.547560295,"2,400,000.00"
31.51,1,1,1.381423128,12.16728407,0.149133019,0.047108561,5,1,0.395558833,1,6.762905565,0,9.361162257,6.139936373,"250,000.00"
23.32,0,0,7.028561387,6.124351023,7.643558956,1.844832933,1,0,1.969323048,1,1.735535589,1,7.878843402,8.549334305,"447,916.67"
18.85,3,0,2.75753304,6.672114016,5.148238391,0.144675834,8,2,0.49262073,12,0.048597652,2,4.401620213,1.4674653,"892,499.00"
31.51,1,1,1.381423128,12.16728407,0.149133019,0.047108561,5,1,0.395558833,1,6.762905565,0,9.361162257,6.139936373,"165,000.00"
36.09,1,0,5.192048924,16.69440877,3.421132423,4.421975181,0,0,4.992931183,0,9.219189864,0,12.72638173,10.71912836,"250,000.00"
21.21,3,0,4.001993712,5.27731528,5.682614182,1.481078738,5,0,1.358658138,7,1.820113651,1,5.62599196,3.178849578,"899,000.00"
22.39,2,0,5.350999564,4.118825144,6.739824789,1.821689416,2,0,1.602959146,2,2.940111393,0,6.361590457,3.594877933,"900,000.00"
23.32,0,0,7.028561387,6.124351023,7.643558956,1.844832933,1,0,1.969323048,1,1.735535589,1,7.878843402,8.549334305,"625,000.00"
22.48,1,0,5.025437008,4.526230179,2.158402885,2.639915599,0,0,0.360470047,1,2.521308465,0,4.82621559,4.51951349,"437,500.00"
17.66,2,0,2.766675534,1.341754436,9.982145833,0.351838973,8,1,0.22296895,5,0.044349224,1,6.270127131,4.493856946,"461,538.46"
17.66,2,0,2.766675534,1.341754436,9.982145833,0.351838973,8,1,0.22296895,5,0.044349224,1,6.270127131,4.493856946,"450,000.00"
21.21,3,0,4.001993712,5.27731528,5.682614182,1.481078738,5,0,1.358658138,7,1.820113651,1,5.62599196,3.178849578,"680,000.00"
23.32,0,0,7.028561387,6.124351023,7.643558956,1.844832933,1,0,1.969323048,1,1.735535589,1,7.878843402,8.549334305,"375,000.00"
17.66,2,0,2.766675534,1.341754436,9.982145833,0.351838973,8,1,0.22296895,5,0.044349224,1,6.270127131,4.493856946,"430,000.00"
16.59,5,0,2.608908914,11.97471579,0.081116297,1.376162129,9,0,0.686165524,3,1.817842108,1,3.2722982,4.822241396,"1,325,000.00"
23.32,0,0,7.028561387,6.124351023,7.643558956,1.844832933,1,0,1.969323048,1,1.735535589,1,7.878843402,8.549334305,"600,600.60"
26.68,0,0,3.18607699,4.713399699,5.211530471,4.438861782,0,0,3.463452279,0,4.105365541,0,7.515233246,6.442885101,"494,117.65"
23.32,0,0,7.028561387,6.124351023,7.643558956,1.844832933,1,0,1.969323048,1,1.735535589,1,7.878843402,8.549334305,"98,425.20"
14.29,8,0,2.210242241,12.7198494,0.570907625,0.493071529,12,1,0.450048459,9,0.475998265,3,2.72457472,3.728770782,"2,071,428.57"
23.32,0,0,7.028561387,6.124351023,7.643558956,1.844832933,1,0,1.969323048,1,1.735535589,1,7.878843402,8.549334305,"650,000.00"
10.96,9,1,1.555973958,11.53988387,0.42972373,0.126142707,18,1,0.460378059,12,0.545357036,3,0.891115717,1.452211198,"3,500,000.00"
17.66,2,0,2.766675534,1.341754436,9.982145833,0.351838973,8,1,0.22296895,5,0.044349224,1,6.270127131,4.493856946,"428,571.43"
22.59,1,0,4.731446487,5.842113383,5.025225136,3.189759435,0,0,3.053364406,0,3.525063347,0,5.736706006,4.444261549,"825,000.00"
36.09,1,0,5.192048924,16.69440877,3.421132423,4.421975181,0,0,4.992931183,0,9.219189864,0,12.72638173,10.71912836,"250,000.00"
14.94,4,3,1.325521262,3.332054051,6.321523914,0.125554587,9,0,0.297162444,10,0.3277186,2,3.835218788,3.420543751,"1,105,263.16"
14.19,1,0,4.333994379,4.620078445,3.239812649,0.047187666,14,1,0.207307327,9,1.832361316,1,2.853306008,2.55936892,"1,601,626.02"
23.52,1,0,4.517601805,5.391227259,2.05266268,1.79869111,1,1,1.44591556,3,1.743481817,1,4.84824702,4.589242247,"297,000.00"
22.39,2,0,5.350999564,4.118825144,6.739824789,1.821689416,2,0,1.602959146,2,2.940111393,0,6.361590457,3.594877933,"953,133.33"
31.51,1,1,1.381423128,12.16728407,0.149133019,0.047108561,5,1,0.395558833,1,6.762905565,0,9.361162257,6.139936373,"250,000.00"
22.39,2,0,5.350999564,4.118825144,6.739824789,1.821689416,2,0,1.602959146,2,2.940111393,0,6.361590457,3.594877933,"898,283.58"
21.21,3,0,4.001993712,5.27731528,5.682614182,1.481078738,5,0,1.358658138,7,1.820113651,1,5.62599196,3.178849578,"870,000.00"
36.09,1,0,5.192048924,16.69440877,3.421132423,4.421975181,0,0,4.992931183,0,9.219189864,0,12.72638173,10.71912836,"250,000.00"
23.32,0,0,7.028561387,6.124351023,7.643558956,1.844832933,1,0,1.969323048,1,1.735535589,1,7.878843402,8.549334305,"625,000.00"
36.09,1,0,5.192048924,16.69440877,3.421132423,4.421975181,0,0,4.992931183,0,9.219189864,0,12.72638173,10.71912836,"250,000.00"
23.32,0,0,7.028561387,6.124351023,7.643558956,1.844832933,1,0,1.969323048,1,1.735535589,1,7.878843402,8.549334305,"375,000.00"
17.66,2,0,2.766675534,1.341754436,9.982145833,0.351838973,8,1,0.22296895,5,0.044349224,1,6.270127131,4.493856946,"375,000.00"
19.59,1,0,4.65088748,1.626447486,3.488327488,0.0702284,6,0,0.225418134,4,0.132466919,1,3.752484608,4.569323338,"375,000.00"
20.21,1,0,4.452395666,3.231228684,9.461703594,1.564251976,1,0,1.45545367,1,1.669502034,1,6.882095043,6.69515565,"430,000.00"
17.66,2,0,2.766675534,1.341754436,9.982145833,0.351838973,8,1,0.22296895,5,0.044349224,1,6.270127131,4.493856946,"450,000.00"
18.85,3,0,2.75753304,6.672114016,5.148238391,0.144675834,8,2,0.49262073,12,0.048597652,2,4.401620213,1.4674653,"1,100,000.00"
19.59,1,0,4.65088748,1.626447486,3.488327488,0.0702284,6,0,0.225418134,4,0.132466919,1,3.752484608,4.569323338,"740,000.00"
10.56,10,2,0.1918214,9.666038251,0.888089233,0.089743676,25,3,0.100129552,24,0.129686103,4,0.634317711,1.338208605,"2,750,000.00"
21.89,1,1,1.73280012,3.138944863,3.532694318,0.137331208,4,0,0.166226784,3,1.761886269,1,4.511211539,3.290576454,"1,700,000.00"
36.09,1,0,5.192048924,16.69440877,3.421132423,4.421975181,0,0,4.992931183,0,9.219189864,0,12.72638173,10.71912836,"250,000.00"
14.19,1,0,4.333994379,4.620078445,3.239812649,0.047187666,14,1,0.207307327,9,1.832361316,1,2.853306008,2.55936892,"2,200,000.00"
22.59,1,0,4.731446487,5.842113383,5.025225136,3.189759435,0,0,3.053364406,0,3.525063347,0,5.736706006,4.444261549,"900,000.00"
11.35,4,0,3.232578915,6.632045539,4.07247222,0.046516086,15,2,0.275528356,11,1.185148304,2,2.127812617,1.818298797,"3,800,000.00"
10.64,6,0,2.246210381,8.09204828,1.80277564,0.069620362,22,0,0.265138276,16,0.346100643,2,1.203411373,2.706880853,"2,100,000.00"
14.19,1,0,4.333994379,4.620078445,3.239812649,0.047187666,14,1,0.207307327,9,1.832361316,1,2.853306008,2.55936892,"2,150,000.00"
24.82,1,0,5.090707489,0.409507119,6.811585774,0.031648336,2,1,3.055274365,0,5.118456884,0,7.133131449,4.812728716,"495,000.00"
23.79,1,0,3.495002423,3.317077568,3.931243406,2.171289137,0,0,0.536616073,2,2.688005657,0,5.500983246,4.276389115,"390,000.00"
7.47,17,4,1.087295775,5.384151821,0.890410619,0.586071568,30,11,0.440548846,15,0.831388942,3,0.85680006,0.690853659,"11,500,000.00"
7.47,17,4,1.087295775,5.384151821,0.890410619,0.586071568,30,11,0.440548846,15,0.831388942,3,0.85680006,0.690853659,"12,500,000.00"
11.35,4,0,3.232578915,6.632045539,4.07247222,0.046516086,15,2,0.275528356,11,1.185148304,2,2.127812617,1.818298797,"3,800,000.00"
12.89,7,0,2.847591288,12.64244388,0.528389071,0.028453853,12,2,0.113299872,20,1.052875673,5,1.58575455,3.057863335,"25,500,000.00"
10.96,9,1,1.555973958,11.53988387,0.42972373,0.126142707,18,1,0.460378059,12,0.545357036,3,0.891115717,1.452211198,"3,600,000.00"
10.96,9,1,1.555973958,11.53988387,0.42972373,0.126142707,18,1,0.460378059,12,0.545357036,3,0.891115717,1.452211198,"3,500,000.00"
13.29,5,1,0.764890663,7.977447158,0.655039484,0.200566162,21,1,0.215235621,15,1.484056738,3,2.429966664,2.547560295,"2,500,000.00"
11.88,9,2,1.412228981,9.949975211,1.714054755,1.241304091,21,3,0.603966541,23,1.196047358,5,1.353496396,2.372959813,"2,500,000.00"
23.52,1,0,4.517601805,5.391227259,2.05266268,1.79869111,1,1,1.44591556,3,1.743481817,1,4.84824702,4.589242247,"340,000.00"
10.57,11,2,0.574608738,9.365425049,0.380556553,0.053768922,31,3,0.253841443,24,0.139402968,4,0.500748682,1.59651451,"2,400,000.00"
17.66,2,0,2.766675534,1.341754436,9.982145833,0.351838973,8,1,0.22296895,5,0.044349224,1,6.270127131,4.493856946,"410,000.00"
14.94,4,3,1.325521262,3.332054051,6.321523914,0.125554587,9,0,0.297162444,10,0.3277186,2,3.835218788,3.420543751,"850,000.00"
14.94,4,3,1.325521262,3.332054051,6.321523914,0.125554587,9,0,0.297162444,10,0.3277186,2,3.835218788,3.420543751,"440,000.00"
22.39,2,0,5.350999564,4.118825144,6.739824789,1.821689416,2,0,1.602959146,2,2.940111393,0,6.361590457,3.594877933,"895,000.00"
10.96,9,1,1.555973958,11.53988387,0.42972373,0.126142707,18,1,0.460378059,12,0.545357036,3,0.891115717,1.452211198,"4,500,000.00"
24.82,1,0,5.090707489,0.409507119,6.811585774,0.031648336,2,1,3.055274365,0,5.118456884,0,7.133131449,4.812728716,"390,000.00"
9.61,2,0,4.418797371,3.481613553,2.679374305,1.038703539,5,1,1.06259087,5,1.092881018,2,3.833930644,2.189414859,"5,000,000.00"
12.89,7,0,2.847591288,12.64244388,0.528389071,0.028453853,12,2,0.113299872,20,1.052875673,5,1.58575455,3.057863335,"2,900,000.00"
31.51,1,1,1.381423128,12.16728407,0.149133019,0.047108561,5,1,0.395558833,1,6.762905565,0,9.361162257,6.139936373,"250,000.00"
22.39,2,0,5.350999564,4.118825144,6.739824789,1.821689416,2,0,1.602959146,2,2.940111393,0,6.361590457,3.594877933,"973,706.90"
26.68,0,0,3.18607699,4.713399699,5.211530471,4.438861782,0,0,3.463452279,0,4.105365541,0,7.515233246,6.442885101,"495,000.00"
17.56,8,0,2.815468682,3.958057755,1.004244922,0.903396438,10,1,0.826950604,7,0.904980795,3,2.272672511,2.088733809,"1,500,000.00"
5.42,23,6,0.274439339,6.485148777,0.987947003,0.216845753,46,7,0.248492837,16,0.813136894,5,0.46789424,1.120174736,"13,500,000.00"
9.16,19,1,0.668115654,7.480199518,0.647482412,0.047406525,38,5,0.229319769,17,1.221395666,4,1.224741756,1.856131844,"3,200,000.00"
17.26,6,0,3.092683935,3.716698378,0.089601941,0.104367405,10,1,0.685837638,5,0.917733437,2,2.121535646,2.422564633,"1,500,000.00"
21.21,3,0,4.001993712,5.27731528,5.682614182,1.481078738,5,0,1.358658138,7,1.820113651,1,5.62599196,3.178849578,"855,000.00"
21.21,3,0,4.001993712,5.27731528,5.682614182,1.481078738,5,0,1.358658138,7,1.820113651,1,5.62599196,3.178849578,"895,000.00"
22.59,1,0,4.731446487,5.842113383,5.025225136,3.189759435,0,0,3.053364406,0,3.525063347,0,5.736706006,4.444261549,"850,000.00"
22.39,2,0,5.350999564,4.118825144,6.739824789,1.821689416,2,0,1.602959146,2,2.940111393,0,6.361590457,3.594877933,"875,000.00"
10.96,9,1,1.555973958,11.53988387,0.42972373,0.126142707,18,1,0.460378059,12,0.545357036,3,0.891115717,1.452211198,"5,800,000.00"
23.79,1,0,3.495002423,3.317077568,3.931243406,2.171289137,0,0,0.536616073,2,2.688005657,0,5.500983246,4.276389115,"415,000.00"
14.19,1,0,4.333994379,4.620078445,3.239812649,0.047187666,14,1,0.207307327,9,1.832361316,1,2.853306008,2.55936892,"1,550,000.00"
31.51,1,1,1.381423128,12.16728407,0.149133019,0.047108561,5,1,0.395558833,1,6.762905565,0,9.361162257,6.139936373,"250,000.00"
8.66,9,1,0.549898445,5.213415717,1.3669029,0.064668268,9,7,0.050657848,13,2.104233363,0,1.284658669,0.825239173,"3,650,000.00"
14.19,1,0,4.333994379,4.620078445,3.239812649,0.047187666,14,1,0.207307327,9,1.832361316,1,2.853306008,2.55936892,"1,400,000.00"
24.82,1,0,5.090707489,0.409507119,6.811585774,0.031648336,2,1,3.055274365,0,5.118456884,0,7.133131449,4.812728716,"390,000.00"
23.79,1,0,3.495002423,3.317077568,3.931243406,2.171289137,0,0,0.536616073,2,2.688005657,0,5.500983246,4.276389115,"430,000.00"
24.82,1,0,5.090707489,0.409507119,6.811585774,0.031648336,2,1,3.055274365,0,5.118456884,0,7.133131449,4.812728716,"430,000.00"
13.98,1,1,1.440497502,8.830429042,2.212403368,0.071858443,10,2,0.100746527,11,0.886448814,1,2.748057643,2.54970663,"1,900,000.00"
14.29,8,0,2.210242241,12.7198494,0.570907625,0.493071529,12,1,0.450048459,9,0.475998265,3,2.72457472,3.728770782,"1,590,000.00"
22.39,2,0,5.350999564,4.118825144,6.739824789,1.821689416,2,0,1.602959146,2,2.940111393,0,6.361590457,3.594877933,"870,000.00"
7.57,26,6,0.194328801,7.759564862,1.511477789,0.344641591,43,10,0.118453506,18,0.085681338,5,0.241442313,1.261456637,"8,125,677.14"
18.85,3,0,2.75753304,6.672114016,5.148238391,0.144675834,8,2,0.49262073,12,0.048597652,2,4.401620213,1.4674653,"915,000.00"
25.74,2,0,3.750819421,7.090341751,1.668134015,1.342908267,4,1,1.538556531,1,1.538463966,1,5.698412478,4.49286357,"680,000.00"
12.89,7,0,2.847591288,12.64244388,0.528389071,0.028453853,12,2,0.113299872,20,1.052875673,5,1.58575455,3.057863335,"2,300,000.00"
10.96,9,1,1.555973958,11.53988387,0.42972373,0.126142707,18,1,0.460378059,12,0.545357036,3,0.891115717,1.452211198,"2,950,000.00"
10.57,11,2,0.574608738,9.365425049,0.380556553,0.053768922,31,3,0.253841443,24,0.139402968,4,0.500748682,1.59651451,"4,000,000.00"
18.99,1,0,4.166310614,1.017527418,3.848115313,0.423050478,6,0,0.08690014,4,0.47781218,1,3.829576968,4.632327176,"875,000.00"
7.57,26,6,0.194328801,7.759564862,1.511477789,0.344641591,43,10,0.118453506,18,0.085681338,5,0.241442313,1.261456637,"15,900,000.00"
14.19,1,0,4.333994379,4.620078445,3.239812649,0.047187666,14,1,0.207307327,9,1.832361316,1,2.853306008,2.55936892,"3,200,000.00"
21.21,3,0,4.001993712,5.27731528,5.682614182,1.481078738,5,0,1.358658138,7,1.820113651,1,5.62599196,3.178849578,"900,000.00"
21.21,3,0,4.001993712,5.27731528,5.682614182,1.481078738,5,0,1.358658138,7,1.820113651,1,5.62599196,3.178849578,"600,000.00"
14.19,1,0,4.333994379,4.620078445,3.239812649,0.047187666,14,1,0.207307327,9,1.832361316,1,2.853306008,2.55936892,"1,725,000.00"
10.96,9,1,1.555973958,11.53988387,0.42972373,0.126142707,18,1,0.460378059,12,0.545357036,3,0.891115717,1.452211198,"5,800,000.00"
5.42,23,6,0.274439339,6.485148777,0.987947003,0.216845753,46,7,0.248492837,16,0.813136894,5,0.46789424,1.120174736,"19,000,000.00"
21.21,3,0,4.001993712,5.27731528,5.682614182,1.481078738,5,0,1.358658138,7,1.820113651,1,5.62599196,3.178849578,"900,000.00"
7.57,26,6,0.194328801,7.759564862,1.511477789,0.344641591,43,10,0.118453506,18,0.085681338,5,0.241442313,1.261456637,"12,500,000.00"
22.59,1,0,4.731446487,5.842113383,5.025225136,3.189759435,0,0,3.053364406,0,3.525063347,0,5.736706006,4.444261549,"890,000.00"
12.98,0,0,2.043785258,6.936892334,0.970979431,0.592912586,15,0,0.753254352,9,1.514111406,2,2.465868046,2.904053309,"1,925,000.00"
11.35,4,0,3.232578915,6.632045539,4.07247222,0.046516086,15,2,0.275528356,11,1.185148304,2,2.127812617,1.818298797,"2,000,000.00"
5.42,23,6,0.274439339,6.485148777,0.987947003,0.216845753,46,7,0.248492837,16,0.813136894,5,0.46789424,1.120174736,"14,000,000.00"
7.57,26,6,0.194328801,7.759564862,1.511477789,0.344641591,43,10,0.118453506,18,0.085681338,5,0.241442313,1.261456637,"14,500,000.00"
11.77,4,0,2.074936334,11.38133063,1.883167861,0.106973392,18,2,0.182098855,21,1.505002665,4,1.776388177,2.22687177,"3,000,000.00"
34.38,0,0,8.601091173,17.20564379,0.019538774,2.070585062,0,0,5.205830928,0,5.511247807,0,14.07979955,10.4730023,"130,000.00"
25.74,2,0,3.750819421,7.090341751,1.668134015,1.342908267,4,1,1.538556531,1,1.538463966,1,5.698412478,4.49286357,"720,000.00"
9.16,19,1,0.668115654,7.480199518,0.647482412,0.047406525,38,5,0.229319769,17,1.221395666,4,1.224741756,1.856131844,"4,500,000.00"
14.29,8,0,2.210242241,12.7198494,0.570907625,0.493071529,12,1,0.450048459,9,0.475998265,3,2.72457472,3.728770782,"2,200,000.00"
10.64,6,0,2.246210381,8.09204828,1.80277564,0.069620362,22,0,0.265138276,16,0.346100643,2,1.203411373,2.706880853,"2,500,000.00"
25.74,2,0,3.750819421,7.090341751,1.668134015,1.342908267,4,1,1.538556531,1,1.538463966,1,5.698412478,4.49286357,"720,000.00"
25.74,2,0,3.750819421,7.090341751,1.668134015,1.342908267,4,1,1.538556531,1,1.538463966,1,5.698412478,4.49286357,"720,000.00"
7.47,17,4,1.087295775,5.384151821,0.890410619,0.586071568,30,11,0.440548846,15,0.831388942,3,0.85680006,0.690853659,"5,500,000.00"
7.57,26,6,0.194328801,7.759564862,1.511477789,0.344641591,43,10,0.118453506,18,0.085681338,5,0.241442313,1.261456637,"6,500,000.00"
23.32,0,0,7.028561387,6.124351023,7.643558956,1.844832933,1,0,1.969323048,1,1.735535589,1,7.878843402,8.549334305,"584,615.38"
14.19,1,0,4.333994379,4.620078445,3.239812649,0.047187666,14,1,0.207307327,9,1.832361316,1,2.853306008,2.55936892,"1,850,000.00"
23.32,0,0,7.028561387,6.124351023,7.643558956,1.844832933,1,0,1.969323048,1,1.735535589,1,7.878843402,8.549334305,"615,384.62"
11.35,4,0,3.232578915,6.632045539,4.07247222,0.046516086,15,2,0.275528356,11,1.185148304,2,2.127812617,1.818298797,"2,500,000.00"
23.32,0,0,7.028561387,6.124351023,7.643558956,1.844832933,1,0,1.969323048,1,1.735535589,1,7.878843402,8.549334305,"580,000.00"
11.35,4,0,3.232578915,6.632045539,4.07247222,0.046516086,15,2,0.275528356,11,1.185148304,2,2.127812617,1.818298797,"2,000,000.00"
10.57,11,2,0.574608738,9.365425049,0.380556553,0.053768922,31,3,0.253841443,24,0.139402968,4,0.500748682,1.59651451,"4,700,000.00"
8.66,9,1,0.549898445,5.213415717,1.3669029,0.064668268,9,7,0.050657848,13,2.104233363,0,1.284658669,0.825239173,"3,000,000.00"
10.64,6,0,2.246210381,8.09204828,1.80277564,0.069620362,22,0,0.265138276,16,0.346100643,2,1.203411373,2.706880853,"2,350,000.00"
8.66,9,1,0.549898445,5.213415717,1.3669029,0.064668268,9,7,0.050657848,13,2.104233363,0,1.284658669,0.825239173,"3,000,000.00"
11.35,4,0,3.232578915,6.632045539,4.07247222,0.046516086,15,2,0.275528356,11,1.185148304,2,2.127812617,1.818298797,"2,100,000.00"
22.59,1,0,4.731446487,5.842113383,5.025225136,3.189759435,0,0,3.053364406,0,3.525063347,0,5.736706006,4.444261549,"890,000.00"
18.99,5,1,1.866050156,1.810057975,0.314617717,0.069482791,9,1,0.265588994,5,0.215824615,5,2.560275109,1.767980392,"310,000.00"
14.94,4,3,1.325521262,3.332054051,6.321523914,0.125554587,9,0,0.297162444,10,0.3277186,2,3.835218788,3.420543751,"645,000.00"
10.57,11,2,0.574608738,9.365425049,0.380556553,0.053768922,31,3,0.253841443,24,0.139402968,4,0.500748682,1.59651451,"2,350,000.00"
22.39,2,0,5.350999564,4.118825144,6.739824789,1.821689416,2,0,1.602959146,2,2.940111393,0,6.361590457,3.594877933,"947,937.50"
22.39,2,0,5.350999564,4.118825144,6.739824789,1.821689416,2,0,1.602959146,2,2.940111393,0,6.361590457,3.594877933,"946,125.00"
18.99,5,1,1.866050156,1.810057975,0.314617717,0.069482791,9,1,0.265588994,5,0.215824615,5,2.560275109,1.767980392,"1,708,542.71"
22.59,1,0,4.731446487,5.842113383,5.025225136,3.189759435,0,0,3.053364406,0,3.525063347,0,5.736706006,4.444261549,"973,577.59"
15.61,1,0,2.815780545,7.844997389,2.642167315,1.094447394,8,1,0.197954158,9,1.35247462,1,3.728015063,2.321288365,"950,000.00"
21.21,3,0,4.001993712,5.27731528,5.682614182,1.481078738,5,0,1.358658138,7,1.820113651,1,5.62599196,3.178849578,"874,166.67"
22.39,2,0,5.350999564,4.118825144,6.739824789,1.821689416,2,0,1.602959146,2,2.940111393,0,6.361590457,3.594877933,"946,742.42"
19.71,0,0,3.111648242,4.82012831,4.139335299,1.620328235,3,0,0.677020622,5,2.368213012,0,4.70561188,3.225338106,"590,372.39"
22.39,2,0,5.350999564,4.118825144,6.739824789,1.821689416,2,0,1.602959146,2,2.940111393,0,6.361590457,3.594877933,"925,928.57"
20.21,1,0,4.452395666,3.231228684,9.461703594,1.564251976,1,0,1.45545367,1,1.669502034,1,6.882095043,6.69515565,"430,000.00"
8.64,23,6,0.896575355,8.629160454,1.365402286,0.008397406,39,8,0.35812499,20,1.008108031,5,0.787712631,1.198216875,"4,468,085.11"
11.35,4,0,3.232578915,6.632045539,4.07247222,0.046516086,15,2,0.275528356,11,1.185148304,2,2.127812617,1.818298797,"1,550,000.00"
7.57,26,6,0.194328801,7.759564862,1.511477789,0.344641591,43,10,0.118453506,18,0.085681338,5,0.241442313,1.261456637,"14,000,000.00"
7.47,17,4,1.087295775,5.384151821,0.890410619,0.586071568,30,11,0.440548846,15,0.831388942,3,0.85680006,0.690853659,"8,000,000.00"
5.79,34,5,0.246501641,5.260460783,1.882027165,0.177139619,56,16,0.270995056,20,0.262818416,7,0.619406784,0.899429589,"17,500,000.00"
7.57,26,6,0.194328801,7.759564862,1.511477789,0.344641591,43,10,0.118453506,18,0.085681338,5,0.241442313,1.261456637,"6,000,000.00"
8.43,25,5,0.68379499,8.270892022,1.393859989,0.06226201,43,10,0.220060054,23,0.776471572,5,0.656539523,1.209048532,"13,500,000.00"
7.47,17,4,1.087295775,5.384151821,0.890410619,0.586071568,30,11,0.440548846,15,0.831388942,3,0.85680006,0.690853659,"8,600,000.00"
10.64,6,0,2.246210381,8.09204828,1.80277564,0.069620362,22,0,0.265138276,16,0.346100643,2,1.203411373,2.706880853,"2,000,000.00"
12.89,7,0,2.847591288,12.64244388,0.528389071,0.028453853,12,2,0.113299872,20,1.052875673,5,1.58575455,3.057863335,"2,300,000.00"
10.57,11,2,0.574608738,9.365425049,0.380556553,0.053768922,31,3,0.253841443,24,0.139402968,4,0.500748682,1.59651451,"3,800,000.00"
20.21,1,0,4.452395666,3.231228684,9.461703594,1.564251976,1,0,1.45545367,1,1.669502034,1,6.882095043,6.69515565,"430,769.23"
12.89,7,0,2.847591288,12.64244388,0.528389071,0.028453853,12,2,0.113299872,20,1.052875673,5,1.58575455,3.057863335,"3,500,000.00"
12.89,7,0,2.847591288,12.64244388,0.528389071,0.028453853,12,2,0.113299872,20,1.052875673,5,1.58575455,3.057863335,"3,500,000.00"
12.89,7,0,2.847591288,12.64244388,0.528389071,0.028453853,12,2,0.113299872,20,1.052875673,5,1.58575455,3.057863335,"2,700,000.00"
7.47,17,4,1.087295775,5.384151821,0.890410619,0.586071568,30,11,0.440548846,15,0.831388942,3,0.85680006,0.690853659,"4,300,000.00"
8.43,25,5,0.68379499,8.270892022,1.393859989,0.06226201,43,10,0.220060054,23,0.776471572,5,0.656539523,1.209048532,"10,000,000.00"
11.35,4,0,3.232578915,6.632045539,4.07247222,0.046516086,15,2,0.275528356,11,1.185148304,2,2.127812617,1.818298797,"11,429,000.00"
8.66,9,1,0.549898445,5.213415717,1.3669029,0.064668268,9,7,0.050657848,13,2.104233363,0,1.284658669,0.825239173,"6,500,000.00"
22.39,2,0,5.350999564,4.118825144,6.739824789,1.821689416,2,0,1.602959146,2,2.940111393,0,6.361590457,3.594877933,"875,000.00"
17.26,6,0,3.092683935,3.716698378,0.089601941,0.104367405,10,1,0.685837638,5,0.917733437,2,2.121535646,2.422564633,"1,575,000.00"
36.09,1,0,5.192048924,16.69440877,3.421132423,4.421975181,0,0,4.992931183,0,9.219189864,0,12.72638173,10.71912836,"250,000.00"
7.57,26,6,0.194328801,7.759564862,1.511477789,0.344641591,43,10,0.118453506,18,0.085681338,5,0.241442313,1.261456637,"15,000,000.00"
16.09,3,0,3.208475819,1.913461191,4.504202007,0.650961654,6,0,0.789134066,7,0.681933388,1,3.638046775,4.035968273,"2,000,000.00"
10.96,9,1,1.555973958,11.53988387,0.42972373,0.126142707,18,1,0.460378059,12,0.545357036,3,0.891115717,1.452211198,"2,944,942.38"
11.35,4,0,3.232578915,6.632045539,4.07247222,0.046516086,15,2,0.275528356,11,1.185148304,2,2.127812617,1.818298797,"6,500,000.00"
13.98,1,1,1.440497502,8.830429042,2.212403368,0.071858443,10,2,0.100746527,11,0.886448814,1,2.748057643,2.54970663,"1,800,000.00"
22.39,2,0,5.350999564,4.118825144,6.739824789,1.821689416,2,0,1.602959146,2,2.940111393,0,6.361590457,3.594877933,"857,835.82"
10.57,11,2,0.574608738,9.365425049,0.380556553,0.053768922,31,3,0.253841443,24,0.139402968,4,0.500748682,1.59651451,"3,000,000.00"
22.39,2,0,5.350999564,4.118825144,6.739824789,1.821689416,2,0,1.602959146,2,2.940111393,0,6.361590457,3.594877933,"864,701.49"
22.39,2,0,5.350999564,4.118825144,6.739824789,1.821689416,2,0,1.602959146,2,2.940111393,0,6.361590457,3.594877933,"947,500.00"
22.39,2,0,5.350999564,4.118825144,6.739824789,1.821689416,2,0,1.602959146,2,2.940111393,0,6.361590457,3.594877933,"952,119.57"
22.39,2,0,5.350999564,4.118825144,6.739824789,1.821689416,2,0,1.602959146,2,2.940111393,0,6.361590457,3.594877933,"952,045.45"
16.09,3,0,3.208475819,1.913461191,4.504202007,0.650961654,6,0,0.789134066,7,0.681933388,1,3.638046775,4.035968273,"1,250,000.00"
22.59,1,0,4.731446487,5.842113383,5.025225136,3.189759435,0,0,3.053364406,0,3.525063347,0,5.736706006,4.444261549,"900,000.00"
21.21,3,0,4.001993712,5.27731528,5.682614182,1.481078738,5,0,1.358658138,7,1.820113651,1,5.62599196,3.178849578,"953,846.15"
18.85,3,0,2.75753304,6.672114016,5.148238391,0.144675834,8,2,0.49262073,12,0.048597652,2,4.401620213,1.4674653,"975,000.00"
10.64,6,0,2.246210381,8.09204828,1.80277564,0.069620362,22,0,0.265138276,16,0.346100643,2,1.203411373,2.706880853,"3,000,000.00"
18.85,3,0,2.75753304,6.672114016,5.148238391,0.144675834,8,2,0.49262073,12,0.048597652,2,4.401620213,1.4674653,"750,000.00"
11.35,4,0,3.232578915,6.632045539,4.07247222,0.046516086,15,2,0.275528356,11,1.185148304,2,2.127812617,1.818298797,"2,500,000.00"
10.96,9,1,1.555973958,11.53988387,0.42972373,0.126142707,18,1,0.460378059,12,0.545357036,3,0.891115717,1.452211198,"7,228,915.66"
14.94,4,3,1.325521262,3.332054051,6.321523914,0.125554587,9,0,0.297162444,10,0.3277186,2,3.835218788,3.420543751,"1,250,000.00"
14.94,4,3,1.325521262,3.332054051,6.321523914,0.125554587,9,0,0.297162444,10,0.3277186,2,3.835218788,3.420543751,"1,350,000.00"
15.26,0,0,4.55470152,4.19047343,2.465629359,0.840241812,8,1,0.267587215,10,2.469253581,0,3.159466524,3.18055797,"1,250,000.00"
14.94,4,3,1.325521262,3.332054051,6.321523914,0.125554587,9,0,0.297162444,10,0.3277186,2,3.835218788,3.420543751,"1,025,000.00"
21.21,3,0,4.001993712,5.27731528,5.682614182,1.481078738,5,0,1.358658138,7,1.820113651,1,5.62599196,3.178849578,"870,000.00"
12.89,7,0,2.847591288,12.64244388,0.528389071,0.028453853,12,2,0.113299872,20,1.052875673,5,1.58575455,3.057863335,"2,550,000.00"
22.39,2,0,5.350999564,4.118825144,6.739824789,1.821689416,2,0,1.602959146,2,2.940111393,0,6.361590457,3.594877933,"876,917.81"
12.98,0,0,2.043785258,6.936892334,0.970979431,0.592912586,15,0,0.753254352,9,1.514111406,2,2.465868046,2.904053309,"5,000,000.00"
18.85,3,0,2.75753304,6.672114016,5.148238391,0.144675834,8,2,0.49262073,12,0.048597652,2,4.401620213,1.4674653,"934,183.67"
18.85,3,0,2.75753304,6.672114016,5.148238391,0.144675834,8,2,0.49262073,12,0.048597652,2,4.401620213,1.4674653,"1,628,571.43"
22.39,2,0,5.350999564,4.118825144,6.739824789,1.821689416,2,0,1.602959146,2,2.940111393,0,6.361590457,3.594877933,"873,257.58"
7.57,26,6,0.194328801,7.759564862,1.511477789,0.344641591,43,10,0.118453506,18,0.085681338,5,0.241442313,1.261456637,"15,900,000.00"
7.57,26,6,0.194328801,7.759564862,1.511477789,0.344641591,43,10,0.118453506,18,0.085681338,5,0.241442313,1.261456637,"15,900,000.00"
21.21,3,0,4.001993712,5.27731528,5.682614182,1.481078738,5,0,1.358658138,7,1.820113651,1,5.62599196,3.178849578,"900,000.00"
15.34,5,0,2.696064051,6.132844101,0.105448493,0.204660942,10,1,0.52902818,12,0.218559789,3,2.499860496,2.543675581,"1,250,000.00"
21.21,3,0,4.001993712,5.27731528,5.682614182,1.481078738,5,0,1.358658138,7,1.820113651,1,5.62599196,3.178849578,"895,000.00"
22.48,1,0,5.025437008,4.526230179,2.158402885,2.639915599,0,0,0.360470047,1,2.521308465,0,4.82621559,4.51951349,"371,428.57"
23.32,0,0,7.028561387,6.124351023,7.643558956,1.844832933,1,0,1.969323048,1,1.735535589,1,7.878843402,8.549334305,"437,500.00"
17.66,2,0,2.766675534,1.341754436,9.982145833,0.351838973,8,1,0.22296895,5,0.044349224,1,6.270127131,4.493856946,"450,000.00"
15.26,0,0,4.55470152,4.19047343,2.465629359,0.840241812,8,1,0.267587215,10,2.469253581,0,3.159466524,3.18055797,"1,700,000.00"
16.39,1,0,3.876604793,1.871289347,3.876447241,0.024556017,1,0,1.187704419,5,0.074058786,1,3.340681566,4.15652795,"1,369,565.22"
25.05,3,0,2.740672922,5.746503894,0.306706658,0.157991858,4,1,0.375674414,2,0.149143912,1,5.252882255,3.898401641,"540,000.00"
20.21,1,0,4.452395666,3.231228684,9.461703594,1.564251976,1,0,1.45545367,1,1.669502034,1,6.882095043,6.69515565,"430,000.00"
31.51,1,1,1.381423128,12.16728407,0.149133019,0.047108561,5,1,0.395558833,1,6.762905565,0,9.361162257,6.139936373,"420,000.00"
22.59,1,0,4.731446487,5.842113383,5.025225136,3.189759435,0,0,3.053364406,0,3.525063347,0,5.736706006,4.444261549,"890,000.00"
8.66,9,1,0.549898445,5.213415717,1.3669029,0.064668268,9,7,0.050657848,13,2.104233363,0,1.284658669,0.825239173,"3,250,000.00"
17.66,2,0,2.766675534,1.341754436,9.982145833,0.351838973,8,1,0.22296895,5,0.044349224,1,6.270127131,4.493856946,"430,000.00"
12.76,2,0,3.451188718,6.068423112,2.350095105,1.225216639,17,2,1.004871588,8,0.651363299,2,2.259273367,2.561824923,"3,000,000.00"
23.52,1,0,4.517601805,5.391227259,2.05266268,1.79869111,1,1,1.44591556,3,1.743481817,1,4.84824702,4.589242247,"330,833.33"
22.39,2,0,5.350999564,4.118825144,6.739824789,1.821689416,2,0,1.602959146,2,2.940111393,0,6.361590457,3.594877933,"899,999.00"
21.5,0,0,5.374796464,4.330842323,8.553697374,0.085015366,1,0,0.078489009,1,0.196379228,1,7.263013641,7.777173725,"450,000.00"
17.66,2,0,2.766675534,1.341754436,9.982145833,0.351838973,8,1,0.22296895,5,0.044349224,1,6.270127131,4.493856946,"450,000.00"
21.21,3,0,4.001993712,5.27731528,5.682614182,1.481078738,5,0,1.358658138,7,1.820113651,1,5.62599196,3.178849578,"897,142.86"
19.59,1,0,4.65088748,1.626447486,3.488327488,0.0702284,6,0,0.225418134,4,0.132466919,1,3.752484608,4.569323338,"300,000.00"
14.19,1,0,4.333994379,4.620078445,3.239812649,0.047187666,14,1,0.207307327,9,1.832361316,1,2.853306008,2.55936892,"2,600,000.00"
23.32,0,0,7.028561387,6.124351023,7.643558956,1.844832933,1,0,1.969323048,1,1.735535589,1,7.878843402,8.549334305,"450,000.00"
17.66,2,0,2.766675534,1.341754436,9.982145833,0.351838973,8,1,0.22296895,5,0.044349224,1,6.270127131,4.493856946,"430,000.00"
14.94,4,3,1.325521262,3.332054051,6.321523914,0.125554587,9,0,0.297162444,10,0.3277186,2,3.835218788,3.420543751,"1,550,000.00"
14.94,4,3,1.325521262,3.332054051,6.321523914,0.125554587,9,0,0.297162444,10,0.3277186,2,3.835218788,3.420543751,"2,200,000.00"
14.94,4,3,1.325521262,3.332054051,6.321523914,0.125554587,9,0,0.297162444,10,0.3277186,2,3.835218788,3.420543751,"30,000,000.00"
14.19,1,0,4.333994379,4.620078445,3.239812649,0.047187666,14,1,0.207307327,9,1.832361316,1,2.853306008,2.55936892,"6,500,000.00"
11.35,4,0,3.232578915,6.632045539,4.07247222,0.046516086,15,2,0.275528356,11,1.185148304,2,2.127812617,1.818298797,"1,500,000.00"
14.94,4,3,1.325521262,3.332054051,6.321523914,0.125554587,9,0,0.297162444,10,0.3277186,2,3.835218788,3.420543751,"1,500,000.00"
23.32,0,0,7.028561387,6.124351023,7.643558956,1.844832933,1,0,1.969323048,1,1.735535589,1,7.878843402,8.549334305,"606,060.61"
23.32,0,0,7.028561387,6.124351023,7.643558956,1.844832933,1,0,1.969323048,1,1.735535589,1,7.878843402,8.549334305,"550,724.64"
23.32,0,0,7.028561387,6.124351023,7.643558956,1.844832933,1,0,1.969323048,1,1.735535589,1,7.878843402,8.549334305,"630,000.00"
23.32,0,0,7.028561387,6.124351023,7.643558956,1.844832933,1,0,1.969323048,1,1.735535589,1,7.878843402,8.549334305,"630,000.00"
23.32,0,0,7.028561387,6.124351023,7.643558956,1.844832933,1,0,1.969323048,1,1.735535589,1,7.878843402,8.549334305,"615,384.62"
23.32,0,0,7.028561387,6.124351023,7.643558956,1.844832933,1,0,1.969323048,1,1.735535589,1,7.878843402,8.549334305,"630,000.00"
12.89,7,0,2.847591288,12.64244388,0.528389071,0.028453853,12,2,0.113299872,20,1.052875673,5,1.58575455,3.057863335,"4,500,000.00"
18.85,3,0,2.75753304,6.672114016,5.148238391,0.144675834,8,2,0.49262073,12,0.048597652,2,4.401620213,1.4674653,"885,000.00"
23.32,0,0,7.028561387,6.124351023,7.643558956,1.844832933,1,0,1.969323048,1,1.735535589,1,7.878843402,8.549334305,"565,217.39"
21.21,3,0,4.001993712,5.27731528,5.682614182,1.481078738,5,0,1.358658138,7,1.820113651,1,5.62599196,3.178849578,"892,500.00"
14.29,8,0,2.210242241,12.7198494,0.570907625,0.493071529,12,1,0.450048459,9,0.475998265,3,2.72457472,3.728770782,"2,500,000.00"
23.32,0,0,7.028561387,6.124351023,7.643558956,1.844832933,1,0,1.969323048,1,1.735535589,1,7.878843402,8.549334305,"615,384.62"
23.32,0,0,7.028561387,6.124351023,7.643558956,1.844832933,1,0,1.969323048,1,1.735535589,1,7.878843402,8.549334305,"630,000.00"
23.32,0,0,7.028561387,6.124351023,7.643558956,1.844832933,1,0,1.969323048,1,1.735535589,1,7.878843402,8.549334305,"585,937.50"
23.32,0,0,7.028561387,6.124351023,7.643558956,1.844832933,1,0,1.969323048,1,1.735535589,1,7.878843402,8.549334305,"640,625.00"
21.21,3,0,4.001993712,5.27731528,5.682614182,1.481078738,5,0,1.358658138,7,1.820113651,1,5.62599196,3.178849578,"895,000.00"
22.59,1,0,4.731446487,5.842113383,5.025225136,3.189759435,0,0,3.053364406,0,3.525063347,0,5.736706006,4.444261549,"842,857.14"
21.21,3,0,4.001993712,5.27731528,5.682614182,1.481078738,5,0,1.358658138,7,1.820113651,1,5.62599196,3.178849578,"879,000.00"
17.66,2,0,2.766675534,1.341754436,9.982145833,0.351838973,8,1,0.22296895,5,0.044349224,1,6.270127131,4.493856946,"375,000.00"
36.09,1,0,5.192048924,16.69440877,3.421132423,4.421975181,0,0,4.992931183,0,9.219189864,0,12.72638173,10.71912836,"250,000.00"
10.96,9,1,1.555973958,11.53988387,0.42972373,0.126142707,18,1,0.460378059,12,0.545357036,3,0.891115717,1.452211198,"547,619.05"
36.09,1,0,5.192048924,16.69440877,3.421132423,4.421975181,0,0,4.992931183,0,9.219189864,0,12.72638173,10.71912836,"250,000.00"
10.96,9,1,1.555973958,11.53988387,0.42972373,0.126142707,18,1,0.460378059,12,0.545357036,3,0.891115717,1.452211198,"2,800,000.00"
22.39,2,0,5.350999564,4.118825144,6.739824789,1.821689416,2,0,1.602959146,2,2.940111393,0,6.361590457,3.594877933,"950,000.00"
10.12,12,2,0.701574755,9.739960244,1.63779857,0.09525586,32,4,0.1261487,25,0.447362946,4,1.135299754,0.957193443,"2,550,000.00"
21.21,3,0,4.001993712,5.27731528,5.682614182,1.481078738,5,0,1.358658138,7,1.820113651,1,5.62599196,3.178849578,"895,000.00"
14.94,4,3,1.325521262,3.332054051,6.321523914,0.125554587,9,0,0.297162444,10,0.3277186,2,3.835218788,3.420543751,"2,400,000.00"
8.43,25,5,0.68379499,8.270892022,1.393859989,0.06226201,43,10,0.220060054,23,0.776471572,5,0.656539523,1.209048532,"9,800,000.00"
14.94,4,3,1.325521262,3.332054051,6.321523914,0.125554587,9,0,0.297162444,10,0.3277186,2,3.835218788,3.420543751,"1,650,000.00"
23.32,0,0,7.028561387,6.124351023,7.643558956,1.844832933,1,0,1.969323048,1,1.735535589,1,7.878843402,8.549334305,"450,000.00"
7.57,26,6,0.194328801,7.759564862,1.511477789,0.344641591,43,10,0.118453506,18,0.085681338,5,0.241442313,1.261456637,"50,000,000.00"
21.21,3,0,4.001993712,5.27731528,5.682614182,1.481078738,5,0,1.358658138,7,1.820113651,1,5.62599196,3.178849578,"900,000.00"
21.21,3,0,4.001993712,5.27731528,5.682614182,1.481078738,5,0,1.358658138,7,1.820113651,1,5.62599196,3.178849578,"895,000.00"
17.26,6,0,3.092683935,3.716698378,0.089601941,0.104367405,10,1,0.685837638,5,0.917733437,2,2.121535646,2.422564633,"925,000.00"
12.89,7,0,2.847591288,12.64244388,0.528389071,0.028453853,12,2,0.113299872,20,1.052875673,5,1.58575455,3.057863335,"2,500,000.00"
21.21,3,0,4.001993712,5.27731528,5.682614182,1.481078738,5,0,1.358658138,7,1.820113651,1,5.62599196,3.178849578,"895,000.00"
22.59,1,0,4.731446487,5.842113383,5.025225136,3.189759435,0,0,3.053364406,0,3.525063347,0,5.736706006,4.444261549,"950,000.00"
18.53,3,1,1.382323394,7.828666399,4.094241806,1.152335673,10,2,0.353464627,6,1.290549374,3,4.033657597,2.347041609,"2,800,000.00"
36.09,1,0,5.192048924,16.69440877,3.421132423,4.421975181,0,0,4.992931183,0,9.219189864,0,12.72638173,10.71912836,"250,000.00"
22.39,2,0,5.350999564,4.118825144,6.739824789,1.821689416,2,0,1.602959146,2,2.940111393,0,6.361590457,3.594877933,"900,000.00"
36.09,1,0,5.192048924,16.69440877,3.421132423,4.421975181,0,0,4.992931183,0,9.219189864,0,12.72638173,10.71912836,"250,000.00"
32.72,0,0,5.980388514,15.53202167,1.009932711,1.089855937,1,0,3.205859997,0,3.378773687,0,12.39189835,10.00080272,"295,000.00"
17.26,6,0,3.092683935,3.716698378,0.089601941,0.104367405,10,1,0.685837638,5,0.917733437,2,2.121535646,2.422564633,"1,030,000.00"
11.35,4,0,3.232578915,6.632045539,4.07247222,0.046516086,15,2,0.275528356,11,1.185148304,2,2.127812617,1.818298797,"1,850,000.00"
21.21,3,0,4.001993712,5.27731528,5.682614182,1.481078738,5,0,1.358658138,7,1.820113651,1,5.62599196,3.178849578,"895,000.00"
21.21,3,0,4.001993712,5.27731528,5.682614182,1.481078738,5,0,1.358658138,7,1.820113651,1,5.62599196,3.178849578,"895,000.00"
21.21,3,0,4.001993712,5.27731528,5.682614182,1.481078738,5,0,1.358658138,7,1.820113651,1,5.62599196,3.178849578,"895,000.00"
11.35,4,0,3.232578915,6.632045539,4.07247222,0.046516086,15,2,0.275528356,11,1.185148304,2,2.127812617,1.818298797,"1,700,000.00"
10.57,11,2,0.574608738,9.365425049,0.380556553,0.053768922,31,3,0.253841443,24,0.139402968,4,0.500748682,1.59651451,"395,000.00"
17.66,2,0,2.766675534,1.341754436,9.982145833,0.351838973,8,1,0.22296895,5,0.044349224,1,6.270127131,4.493856946,"425,000.00"
23.32,0,0,7.028561387,6.124351023,7.643558956,1.844832933,1,0,1.969323048,1,1.735535589,1,7.878843402,8.549334305,"636,363.64"
17.66,2,0,2.766675534,1.341754436,9.982145833,0.351838973,8,1,0.22296895,5,0.044349224,1,6.270127131,4.493856946,"602,941.18"
23.32,0,0,7.028561387,6.124351023,7.643558956,1.844832933,1,0,1.969323048,1,1.735535589,1,7.878843402,8.549334305,"582,089.55"
22.61,3,0,3.998696251,2.379564136,0.489734538,0.201421298,7,2,0.014518784,4,0.899794951,1,3.99247885,2.76473027,"350,000.00"
22.39,2,0,5.350999564,4.118825144,6.739824789,1.821689416,2,0,1.602959146,2,2.940111393,0,6.361590457,3.594877933,"890,000.00"
14.14,4,0,2.709960494,3.827825191,5.361563944,1.394740848,15,0,0.241100286,10,1.336383484,2,3.58745219,2.674381232,"1,650,000.00"
9.16,19,1,0.668115654,7.480199518,0.647482412,0.047406525,38,5,0.229319769,17,1.221395666,4,1.224741756,1.856131844,"4,600,000.00"
22.59,1,0,4.731446487,5.842113383,5.025225136,3.189759435,0,0,3.053364406,0,3.525063347,0,5.736706006,4.444261549,"860,000.00"
23.32,0,0,7.028561387,6.124351023,7.643558956,1.844832933,1,0,1.969323048,1,1.735535589,1,7.878843402,8.549334305,"611,940.30"
18.85,3,0,2.75753304,6.672114016,5.148238391,0.144675834,8,2,0.49262073,12,0.048597652,2,4.401620213,1.4674653,"895,000.00"
9.16,19,1,0.668115654,7.480199518,0.647482412,0.047406525,38,5,0.229319769,17,1.221395666,4,1.224741756,1.856131844,"4,800,000.00"
8.43,25,5,0.68379499,8.270892022,1.393859989,0.06226201,43,10,0.220060054,23,0.776471572,5,0.656539523,1.209048532,"5,500,000.00"
23.32,0,0,7.028561387,6.124351023,7.643558956,1.844832933,1,0,1.969323048,1,1.735535589,1,7.878843402,8.549334305,"615,384.62"
23.32,0,0,7.028561387,6.124351023,7.643558956,1.844832933,1,0,1.969323048,1,1.735535589,1,7.878843402,8.549334305,"606,060.61"
23.32,0,0,7.028561387,6.124351023,7.643558956,1.844832933,1,0,1.969323048,1,1.735535589,1,7.878843402,8.549334305,"594,202.90"
18.99,5,1,1.866050156,1.810057975,0.314617717,0.069482791,9,1,0.265588994,5,0.215824615,5,2.560275109,1.767980392,"1,600,000.00"
36.09,1,0,5.192048924,16.69440877,3.421132423,4.421975181,0,0,4.992931183,0,9.219189864,0,12.72638173,10.71912836,"250,000.00"
31.51,1,1,1.381423128,12.16728407,0.149133019,0.047108561,5,1,0.395558833,1,6.762905565,0,9.361162257,6.139936373,"250,000.00"
36.09,1,0,5.192048924,16.69440877,3.421132423,4.421975181,0,0,4.992931183,0,9.219189864,0,12.72638173,10.71912836,"250,000.00"
14.19,1,0,4.333994379,4.620078445,3.239812649,0.047187666,14,1,0.207307327,9,1.832361316,1,2.853306008,2.55936892,"1,950,000.00"
36.09,1,0,5.192048924,16.69440877,3.421132423,4.421975181,0,0,4.992931183,0,9.219189864,0,12.72638173,10.71912836,"250,000.00"
19.88,4,1,1.514848549,0.984196476,0.596317226,0.864897004,7,1,0.670444824,6,0.139079465,5,3.013258588,1.719960174,"1,000,000.00"
36.09,1,0,5.192048924,16.69440877,3.421132423,4.421975181,0,0,4.992931183,0,9.219189864,0,12.72638173,10.71912836,"250,000.00"
13.87,2,3,1.447933444,2.717124559,7.211964683,2.102517685,0,1,1.010168346,1,1.065715706,2,4.640681644,3.135436539,"2,200,000.00"
19.88,4,1,1.514848549,0.984196476,0.596317226,0.864897004,7,1,0.670444824,6,0.139079465,5,3.013258588,1.719960174,"1,000,000.00"
18.85,3,0,2.75753304,6.672114016,5.148238391,0.144675834,8,2,0.49262073,12,0.048597652,2,4.401620213,1.4674653,"775,000.00"
36.09,1,0,5.192048924,16.69440877,3.421132423,4.421975181,0,0,4.992931183,0,9.219189864,0,12.72638173,10.71912836,"250,000.00"
36.09,1,0,5.192048924,16.69440877,3.421132423,4.421975181,0,0,4.992931183,0,9.219189864,0,12.72638173,10.71912836,"165,000.00"
36.09,1,0,5.192048924,16.69440877,3.421132423,4.421975181,0,0,4.992931183,0,9.219189864,0,12.72638173,10.71912836,"165,000.00"
10.57,11,2,0.574608738,9.365425049,0.380556553,0.053768922,31,3,0.253841443,24,0.139402968,4,0.500748682,1.59651451,"4,000,000.00"
31.51,1,1,1.381423128,12.16728407,0.149133019,0.047108561,5,1,0.395558833,1,6.762905565,0,9.361162257,6.139936373,"250,000.00"
9.61,2,0,4.418797371,3.481613553,2.679374305,1.038703539,5,1,1.06259087,5,1.092881018,2,3.833930644,2.189414859,"2,200,000.00"
7.57,26,6,0.194328801,7.759564862,1.511477789,0.344641591,43,10,0.118453506,18,0.085681338,5,0.241442313,1.261456637,"11,000,000.00"
31.51,1,1,1.381423128,12.16728407,0.149133019,0.047108561,5,1,0.395558833,1,6.762905565,0,9.361162257,6.139936373,"250,000.00"
31.51,1,1,1.381423128,12.16728407,0.149133019,0.047108561,5,1,0.395558833,1,6.762905565,0,9.361162257,6.139936373,"250,000.00"
10.57,11,2,0.574608738,9.365425049,0.380556553,0.053768922,31,3,0.253841443,24,0.139402968,4,0.500748682,1.59651451,"4,000,000.00"
31.51,1,1,1.381423128,12.16728407,0.149133019,0.047108561,5,1,0.395558833,1,6.762905565,0,9.361162257,6.139936373,"250,000.00"
15.1,0,0,2.171838598,1.368499213,7.773051525,1.986464842,1,0,1.374958572,3,1.456845436,1,5.86825643,3.69735894,"3,400,000.00"
17.26,6,0,3.092683935,3.716698378,0.089601941,0.104367405,10,1,0.685837638,5,0.917733437,2,2.121535646,2.422564633,"969,387.76"
25.74,2,0,3.750819421,7.090341751,1.668134015,1.342908267,4,1,1.538556531,1,1.538463966,1,5.698412478,4.49286357,"170,000.00"
11.35,4,0,3.232578915,6.632045539,4.07247222,0.046516086,15,2,0.275528356,11,1.185148304,2,2.127812617,1.818298797,"6,500,000.00"
11.35,4,0,3.232578915,6.632045539,4.07247222,0.046516086,15,2,0.275528356,11,1.185148304,2,2.127812617,1.818298797,"1,700,000.00"
11.35,4,0,3.232578915,6.632045539,4.07247222,0.046516086,15,2,0.275528356,11,1.185148304,2,2.127812617,1.818298797,"2,000,000.00"
6.54,34,5,0.725332998,4.402258748,0.777008918,0.041972278,29,16,0.398012992,16,0.373267956,6,0.722986475,0.585683793,"7,500,000.00"
8.43,25,5,0.68379499,8.270892022,1.393859989,0.06226201,43,10,0.220060054,23,0.776471572,5,0.656539523,1.209048532,"11,000,000.00"
11.16,13,0,2.106095585,8.393725938,1.168514876,0.161932175,29,0,0.057423149,19,1.289514894,4,1.203313326,2.598587684,"2,500,000.00"
14.94,4,3,1.325521262,3.332054051,6.321523914,0.125554587,9,0,0.297162444,10,0.3277186,2,3.835218788,3.420543751,"1,500,000.00"
10.56,10,2,0.1918214,9.666038251,0.888089233,0.089743676,25,3,0.100129552,24,0.129686103,4,0.634317711,1.338208605,"2,750,000.00"
10.57,11,2,0.574608738,9.365425049,0.380556553,0.053768922,31,3,0.253841443,24,0.139402968,4,0.500748682,1.59651451,"5,200,000.00"
10.57,11,2,0.574608738,9.365425049,0.380556553,0.053768922,31,3,0.253841443,24,0.139402968,4,0.500748682,1.59651451,"5,200,000.00"
7.57,26,6,0.194328801,7.759564862,1.511477789,0.344641591,43,10,0.118453506,18,0.085681338,5,0.241442313,1.261456637,"12,500,000.00"
17.66,2,0,2.766675534,1.341754436,9.982145833,0.351838973,8,1,0.22296895,5,0.044349224,1,6.270127131,4.493856946,"420,000.00"
17.66,2,0,2.766675534,1.341754436,9.982145833,0.351838973,8,1,0.22296895,5,0.044349224,1,6.270127131,4.493856946,"450,000.00"
15.1,0,0,2.171838598,1.368499213,7.773051525,1.986464842,1,0,1.374958572,3,1.456845436,1,5.86825643,3.69735894,"1,250,000.00"
14.94,4,3,1.325521262,3.332054051,6.321523914,0.125554587,9,0,0.297162444,10,0.3277186,2,3.835218788,3.420543751,"1,250,000.00"
13.29,5,1,0.764890663,7.977447158,0.655039484,0.200566162,21,1,0.215235621,15,1.484056738,3,2.429966664,2.547560295,"2,300,000.00"
12.89,7,0,2.847591288,12.64244388,0.528389071,0.028453853,12,2,0.113299872,20,1.052875673,5,1.58575455,3.057863335,"2,900,000.00"
13.98,1,1,1.440497502,8.830429042,2.212403368,0.071858443,10,2,0.100746527,11,0.886448814,1,2.748057643,2.54970663,"1,700,000.00"
14.29,8,0,2.210242241,12.7198494,0.570907625,0.493071529,12,1,0.450048459,9,0.475998265,3,2.72457472,3.728770782,"1,950,000.00"
22.39,2,0,5.350999564,4.118825144,6.739824789,1.821689416,2,0,1.602959146,2,2.940111393,0,6.361590457,3.594877933,"929,606.74"
22.39,2,0,5.350999564,4.118825144,6.739824789,1.821689416,2,0,1.602959146,2,2.940111393,0,6.361590457,3.594877933,"921,928.57"
22.39,2,0,5.350999564,4.118825144,6.739824789,1.821689416,2,0,1.602959146,2,2.940111393,0,6.361590457,3.594877933,"947,462.50"
22.39,2,0,5.350999564,4.118825144,6.739824789,1.821689416,2,0,1.602959146,2,2.940111393,0,6.361590457,3.594877933,"947,937.50"
18.24,7,1,1.69334318,10.54310551,1.078809575,0.218695862,19,0,0.453898186,8,1.809938883,1,2.776252941,4.64973165,"1,000,000.00"
15.26,0,0,4.55470152,4.19047343,2.465629359,0.840241812,8,1,0.267587215,10,2.469253581,0,3.159466524,3.18055797,"1,700,000.00"
14.29,8,0,2.210242241,12.7198494,0.570907625,0.493071529,12,1,0.450048459,9,0.475998265,3,2.72457472,3.728770782,"3,500,000.00"
24.82,1,0,5.090707489,0.409507119,6.811585774,0.031648336,2,1,3.055274365,0,5.118456884,0,7.133131449,4.812728716,"390,000.00"
20.21,1,0,4.452395666,3.231228684,9.461703594,1.564251976,1,0,1.45545367,1,1.669502034,1,6.882095043,6.69515565,"450,000.00"
15.1,0,0,2.171838598,1.368499213,7.773051525,1.986464842,1,0,1.374958572,3,1.456845436,1,5.86825643,3.69735894,"800,000.00"
16.39,1,0,3.876604793,1.871289347,3.876447241,0.024556017,1,0,1.187704419,5,0.074058786,1,3.340681566,4.15652795,"2,200,000.00"
17.66,2,0,2.766675534,1.341754436,9.982145833,0.351838973,8,1,0.22296895,5,0.044349224,1,6.270127131,4.493856946,"430,000.00"
25.91,2,2,0.770564739,5.442128017,2.425299821,2.68514114,0,0,2.119728706,0,2.78061435,0,5.68174556,4.911417308,"1,500,000.00"
14.94,4,3,1.325521262,3.332054051,6.321523914,0.125554587,9,0,0.297162444,10,0.3277186,2,3.835218788,3.420543751,"1,625,000.00"
14.29,8,0,2.210242241,12.7198494,0.570907625,0.493071529,12,1,0.450048459,9,0.475998265,3,2.72457472,3.728770782,"2,700,000.00"
10.96,9,1,1.555973958,11.53988387,0.42972373,0.126142707,18,1,0.460378059,12,0.545357036,3,0.891115717,1.452211198,"1,850,000.00"
23.32,0,0,7.028561387,6.124351023,7.643558956,1.844832933,1,0,1.969323048,1,1.735535589,1,7.878843402,8.549334305,"525,000.00"
23.32,0,0,7.028561387,6.124351023,7.643558956,1.844832933,1,0,1.969323048,1,1.735535589,1,7.878843402,8.549334305,"525,000.00"
4.65,45,2,1.31096963,3.666523287,0.237042731,0.319050688,71,14,0.127508492,16,0.527304778,8,0.768026527,0.568819294,"16,000,000.00"
6.54,34,5,0.725332998,4.402258748,0.777008918,0.041972278,29,16,0.398012992,16,0.373267956,6,0.722986475,0.585683793,"10,000,000.00"
19.59,1,0,4.65088748,1.626447486,3.488327488,0.0702284,6,0,0.225418134,4,0.132466919,1,3.752484608,4.569323338,"375,000.00"
36.09,1,0,5.192048924,16.69440877,3.421132423,4.421975181,0,0,4.992931183,0,9.219189864,0,12.72638173,10.71912836,"2,500,000.00"
11.35,4,0,3.232578915,6.632045539,4.07247222,0.046516086,15,2,0.275528356,11,1.185148304,2,2.127812617,1.818298797,"3,800,000.00"
8.15,19,4,1.142526683,9.155040562,0.029733581,0.369539052,24,5,0.750590563,12,1.16763043,2,0.670066212,1.155265795,"11,500,000.00"
13.98,1,1,1.440497502,8.830429042,2.212403368,0.071858443,10,2,0.100746527,11,0.886448814,1,2.748057643,2.54970663,"1,625,000.00"
11.35,4,0,3.232578915,6.632045539,4.07247222,0.046516086,15,2,0.275528356,11,1.185148304,2,2.127812617,1.818298797,"2,600,000.00"
20.21,1,0,4.452395666,3.231228684,9.461703594,1.564251976,1,0,1.45545367,1,1.669502034,1,6.882095043,6.69515565,"450,000.00"
14.19,1,0,4.333994379,4.620078445,3.239812649,0.047187666,14,1,0.207307327,9,1.832361316,1,2.853306008,2.55936892,"1,225,000.00"
15.34,5,0,2.696064051,6.132844101,0.105448493,0.204660942,10,1,0.52902818,12,0.218559789,3,2.499860496,2.543675581,"1,128,571.43"
14.29,8,0,2.210242241,12.7198494,0.570907625,0.493071529,12,1,0.450048459,9,0.475998265,3,2.72457472,3.728770782,"2,700,000.00"
10.12,12,2,0.701574755,9.739960244,1.63779857,0.09525586,32,4,0.1261487,25,0.447362946,4,1.135299754,0.957193443,"2,550,000.00"
23.79,1,0,3.495002423,3.317077568,3.931243406,2.171289137,0,0,0.536616073,2,2.688005657,0,5.500983246,4.276389115,"390,000.00"
23.32,0,0,7.028561387,6.124351023,7.643558956,1.844832933,1,0,1.969323048,1,1.735535589,1,7.878843402,8.549334305,"636,363.64"
23.32,0,0,7.028561387,6.124351023,7.643558956,1.844832933,1,0,1.969323048,1,1.735535589,1,7.878843402,8.549334305,"625,000.00"
23.32,0,0,7.028561387,6.124351023,7.643558956,1.844832933,1,0,1.969323048,1,1.735535589,1,7.878843402,8.549334305,"623,188.41"
22.48,1,0,5.025437008,4.526230179,2.158402885,2.639915599,0,0,0.360470047,1,2.521308465,0,4.82621559,4.51951349,"447,916.67"
17.66,2,0,2.766675534,1.341754436,9.982145833,0.351838973,8,1,0.22296895,5,0.044349224,1,6.270127131,4.493856946,"450,000.00"
21.5,0,0,5.374796464,4.330842323,8.553697374,0.085015366,1,0,0.078489009,1,0.196379228,1,7.263013641,7.777173725,"430,000.00"
20.21,1,0,4.452395666,3.231228684,9.461703594,1.564251976,1,0,1.45545367,1,1.669502034,1,6.882095043,6.69515565,"440,000.00"
21.5,0,0,5.374796464,4.330842323,8.553697374,0.085015366,1,0,0.078489009,1,0.196379228,1,7.263013641,7.777173725,"450,000.00"
17.66,2,0,2.766675534,1.341754436,9.982145833,0.351838973,8,1,0.22296895,5,0.044349224,1,6.270127131,4.493856946,"430,000.00"
22.39,2,0,5.350999564,4.118825144,6.739824789,1.821689416,2,0,1.602959146,2,2.940111393,0,6.361590457,3.594877933,"875,000.00"
23.79,1,0,3.495002423,3.317077568,3.931243406,2.171289137,0,0,0.536616073,2,2.688005657,0,5.500983246,4.276389115,"500,000.00"
23.79,1,0,3.495002423,3.317077568,3.931243406,2.171289137,0,0,0.536616073,2,2.688005657,0,5.500983246,4.276389115,"435,000.00"
13.04,3,0,2.482189224,10.71105259,2.581188405,0.039349016,14,1,0.204933292,14,0.911886638,3,2.521385921,3.017094937,"2,000,000.00"
18.85,3,0,2.75753304,6.672114016,5.148238391,0.144675834,8,2,0.49262073,12,0.048597652,2,4.401620213,1.4674653,"600,000.00"
11.35,4,0,3.232578915,6.632045539,4.07247222,0.046516086,15,2,0.275528356,11,1.185148304,2,2.127812617,1.818298797,"2,200,000.00"
14.19,1,0,4.333994379,4.620078445,3.239812649,0.047187666,14,1,0.207307327,9,1.832361316,1,2.853306008,2.55936892,"1,700,000.00"
24.82,1,0,5.090707489,0.409507119,6.811585774,0.031648336,2,1,3.055274365,0,5.118456884,0,7.133131449,4.812728716,"390,000.00"
24.82,1,0,5.090707489,0.409507119,6.811585774,0.031648336,2,1,3.055274365,0,5.118456884,0,7.133131449,4.812728716,"415,000.00"
13.98,1,1,1.440497502,8.830429042,2.212403368,0.071858443,10,2,0.100746527,11,0.886448814,1,2.748057643,2.54970663,"1,600,000.00"
21.21,3,0,4.001993712,5.27731528,5.682614182,1.481078738,5,0,1.358658138,7,1.820113651,1,5.62599196,3.178849578,"900,000.00"
19.59,1,0,4.65088748,1.626447486,3.488327488,0.0702284,6,0,0.225418134,4,0.132466919,1,3.752484608,4.569323338,"310,000.00"
22.39,2,0,5.350999564,4.118825144,6.739824789,1.821689416,2,0,1.602959146,2,2.940111393,0,6.361590457,3.594877933,"895,000.00"
21.21,3,0,4.001993712,5.27731528,5.682614182,1.481078738,5,0,1.358658138,7,1.820113651,1,5.62599196,3.178849578,"890,000.00"
14.94,4,3,1.325521262,3.332054051,6.321523914,0.125554587,9,0,0.297162444,10,0.3277186,2,3.835218788,3.420543751,"825,000.00"
23.32,0,0,7.028561387,6.124351023,7.643558956,1.844832933,1,0,1.969323048,1,1.735535589,1,7.878843402,8.549334305,"650,000.00"
10.57,11,2,0.574608738,9.365425049,0.380556553,0.053768922,31,3,0.253841443,24,0.139402968,4,0.500748682,1.59651451,"3,000,000.00"
23.32,0,0,7.028561387,6.124351023,7.643558956,1.844832933,1,0,1.969323048,1,1.735535589,1,7.878843402,8.549334305,"430,000.00"
13.07,3,1,0.863181347,9.317309022,1.958732342,0.893361754,19,1,0.19376073,17,0.046474146,2,2.271181203,2.501293913,"2,300,000.00"
8.66,9,1,0.549898445,5.213415717,1.3669029,0.064668268,9,7,0.050657848,13,2.104233363,0,1.284658669,0.825239173,"6,500,000.00"
22.39,2,0,5.350999564,4.118825144,6.739824789,1.821689416,2,0,1.602959146,2,2.940111393,0,6.361590457,3.594877933,"930,280.90"
22.39,2,0,5.350999564,4.118825144,6.739824789,1.821689416,2,0,1.602959146,2,2.940111393,0,6.361590457,3.594877933,"962,235.29"
9.16,19,1,0.668115654,7.480199518,0.647482412,0.047406525,38,5,0.229319769,17,1.221395666,4,1.224741756,1.856131844,"3,600,000.00"
22.59,1,0,4.731446487,5.842113383,5.025225136,3.189759435,0,0,3.053364406,0,3.525063347,0,5.736706006,4.444261549,"1,400,000.00"
17.66,2,0,2.766675534,1.341754436,9.982145833,0.351838973,8,1,0.22296895,5,0.044349224,1,6.270127131,4.493856946,"725,000.00"
17.66,2,0,2.766675534,1.341754436,9.982145833,0.351838973,8,1,0.22296895,5,0.044349224,1,6.270127131,4.493856946,"375,000.00"
22.39,2,0,5.350999564,4.118825144,6.739824789,1.821689416,2,0,1.602959146,2,2.940111393,0,6.361590457,3.594877933,"950,000.00"
8.43,25,5,0.68379499,8.270892022,1.393859989,0.06226201,43,10,0.220060054,23,0.776471572,5,0.656539523,1.209048532,"5,000,000.00"
18.85,3,0,2.75753304,6.672114016,5.148238391,0.144675834,8,2,0.49262073,12,0.048597652,2,4.401620213,1.4674653,"700,000.00"
10.69,4,0,3.223569049,5.653280045,3.840661249,0.675773505,13,4,1.099343865,11,0.973892745,3,3.243475551,1.252826919,"1,650,000.00"
10.57,11,2,0.574608738,9.365425049,0.380556553,0.053768922,31,3,0.253841443,24,0.139402968,4,0.500748682,1.59651451,"3,150,000.00"
19.71,0,0,3.111648242,4.82012831,4.139335299,1.620328235,3,0,0.677020622,5,2.368213012,0,4.70561188,3.225338106,"1,000,000.00"
7.47,17,4,1.087295775,5.384151821,0.890410619,0.586071568,30,11,0.440548846,15,0.831388942,3,0.85680006,0.690853659,"8,155,339.81"
26.73,2,0,2.277565832,7.139742484,0.085556088,0.046381217,4,0,2.02374757,0,1.820775485,1,5.850247893,4.425054309,"275,000.00"
20.21,1,0,4.452395666,3.231228684,9.461703594,1.564251976,1,0,1.45545367,1,1.669502034,1,6.882095043,6.69515565,"430,000.00"
12.89,7,0,2.847591288,12.64244388,0.528389071,0.028453853,12,2,0.113299872,20,1.052875673,5,1.58575455,3.057863335,"3,800,000.00"
13.98,1,1,1.440497502,8.830429042,2.212403368,0.071858443,10,2,0.100746527,11,0.886448814,1,2.748057643,2.54970663,"2,675,000.00"
21.21,3,0,4.001993712,5.27731528,5.682614182,1.481078738,5,0,1.358658138,7,1.820113651,1,5.62599196,3.178849578,"900,000.00"
18.85,3,0,2.75753304,6.672114016,5.148238391,0.144675834,8,2,0.49262073,12,0.048597652,2,4.401620213,1.4674653,"1,100,000.00"
11.35,4,0,3.232578915,6.632045539,4.07247222,0.046516086,15,2,0.275528356,11,1.185148304,2,2.127812617,1.818298797,"3,800,000.00"
8.43,25,5,0.68379499,8.270892022,1.393859989,0.06226201,43,10,0.220060054,23,0.776471572,5,0.656539523,1.209048532,"5,300,000.00"
6.54,34,5,0.725332998,4.402258748,0.777008918,0.041972278,29,16,0.398012992,16,0.373267956,6,0.722986475,0.585683793,"15,000,000.00"
20.21,1,0,4.452395666,3.231228684,9.461703594,1.564251976,1,0,1.45545367,1,1.669502034,1,6.882095043,6.69515565,"425,000.00"
24.82,1,0,5.090707489,0.409507119,6.811585774,0.031648336,2,1,3.055274365,0,5.118456884,0,7.133131449,4.812728716,"415,000.00"
23.79,1,0,3.495002423,3.317077568,3.931243406,2.171289137,0,0,0.536616073,2,2.688005657,0,5.500983246,4.276389115,"430,000.00"
10.57,11,2,0.574608738,9.365425049,0.380556553,0.053768922,31,3,0.253841443,24,0.139402968,4,0.500748682,1.59651451,"3,066,666.67"
7.57,26,6,0.194328801,7.759564862,1.511477789,0.344641591,43,10,0.118453506,18,0.085681338,5,0.241442313,1.261456637,"10,000,000.00"
13.98,1,1,1.440497502,8.830429042,2.212403368,0.071858443,10,2,0.100746527,11,0.886448814,1,2.748057643,2.54970663,"2,500,000.00"
12.89,7,0,2.847591288,12.64244388,0.528389071,0.028453853,12,2,0.113299872,20,1.052875673,5,1.58575455,3.057863335,"2,750,000.00"
13.98,1,1,1.440497502,8.830429042,2.212403368,0.071858443,10,2,0.100746527,11,0.886448814,1,2.748057643,2.54970663,"1,300,000.00"
21.89,1,1,1.73280012,3.138944863,3.532694318,0.137331208,4,0,0.166226784,3,1.761886269,1,4.511211539,3.290576454,"875,000.00"
10.64,6,0,2.246210381,8.09204828,1.80277564,0.069620362,22,0,0.265138276,16,0.346100643,2,1.203411373,2.706880853,"5,500,000.00"
18.85,3,0,2.75753304,6.672114016,5.148238391,0.144675834,8,2,0.49262073,12,0.048597652,2,4.401620213,1.4674653,"1,250,000.00"
11.35,4,0,3.232578915,6.632045539,4.07247222,0.046516086,15,2,0.275528356,11,1.185148304,2,2.127812617,1.818298797,"3,500,000.00"
12.89,7,0,2.847591288,12.64244388,0.528389071,0.028453853,12,2,0.113299872,20,1.052875673,5,1.58575455,3.057863335,"2,250,000.00"
22.39,2,0,5.350999564,4.118825144,6.739824789,1.821689416,2,0,1.602959146,2,2.940111393,0,6.361590457,3.594877933,"903,432.84"
22.39,2,0,5.350999564,4.118825144,6.739824789,1.821689416,2,0,1.602959146,2,2.940111393,0,6.361590457,3.594877933,"947,537.88"
22.39,2,0,5.350999564,4.118825144,6.739824789,1.821689416,2,0,1.602959146,2,2.940111393,0,6.361590457,3.594877933,"887,461.54"
22.39,2,0,5.350999564,4.118825144,6.739824789,1.821689416,2,0,1.602959146,2,2.940111393,0,6.361590457,3.594877933,"930,280.90"
10.57,11,2,0.574608738,9.365425049,0.380556553,0.053768922,31,3,0.253841443,24,0.139402968,4,0.500748682,1.59651451,"3,800,000.00"
22.39,2,0,5.350999564,4.118825144,6.739824789,1.821689416,2,0,1.602959146,2,2.940111393,0,6.361590457,3.594877933,"969,827.59"
22.39,2,0,5.350999564,4.118825144,6.739824789,1.821689416,2,0,1.602959146,2,2.940111393,0,6.361590457,3.594877933,"961,538.46"
20.26,1,1,1.649133688,3.755539704,3.334268521,1.353256456,2,0,0.258697703,3,1.646892792,2,4.163488983,3.010456911,"1,375,000.00"
14.94,4,3,1.325521262,3.332054051,6.321523914,0.125554587,9,0,0.297162444,10,0.3277186,2,3.835218788,3.420543751,"1,049,019.61"
18.85,3,0,2.75753304,6.672114016,5.148238391,0.144675834,8,2,0.49262073,12,0.048597652,2,4.401620213,1.4674653,"870,000.00"
20.21,1,0,4.452395666,3.231228684,9.461703594,1.564251976,1,0,1.45545367,1,1.669502034,1,6.882095043,6.69515565,"430,000.00"
23.79,1,0,3.495002423,3.317077568,3.931243406,2.171289137,0,0,0.536616073,2,2.688005657,0,5.500983246,4.276389115,"415,000.00"
21.21,3,0,4.001993712,5.27731528,5.682614182,1.481078738,5,0,1.358658138,7,1.820113651,1,5.62599196,3.178849578,"900,000.00"
21.21,3,0,4.001993712,5.27731528,5.682614182,1.481078738,5,0,1.358658138,7,1.820113651,1,5.62599196,3.178849578,"895,000.00"
18.85,3,0,2.75753304,6.672114016,5.148238391,0.144675834,8,2,0.49262073,12,0.048597652,2,4.401620213,1.4674653,"900,000.00"
21.21,3,0,4.001993712,5.27731528,5.682614182,1.481078738,5,0,1.358658138,7,1.820113651,1,5.62599196,3.178849578,"895,000.00"
13.98,1,1,1.440497502,8.830429042,2.212403368,0.071858443,10,2,0.100746527,11,0.886448814,1,2.748057643,2.54970663,"2,300,000.00"
21.21,3,0,4.001993712,5.27731528,5.682614182,1.481078738,5,0,1.358658138,7,1.820113651,1,5.62599196,3.178849578,"895,000.00"
10.96,9,1,1.555973958,11.53988387,0.42972373,0.126142707,18,1,0.460378059,12,0.545357036,3,0.891115717,1.452211198,"5,800,000.00"
18.85,3,0,2.75753304,6.672114016,5.148238391,0.144675834,8,2,0.49262073,12,0.048597652,2,4.401620213,1.4674653,"780,000.00"
22.39,2,0,5.350999564,4.118825144,6.739824789,1.821689416,2,0,1.602959146,2,2.940111393,0,6.361590457,3.594877933,"550,000.00"
11.35,4,0,3.232578915,6.632045539,4.07247222,0.046516086,15,2,0.275528356,11,1.185148304,2,2.127812617,1.818298797,"2,900,000.00"
18.23,6,0,2.240156214,2.705058074,1.020662977,0.43683538,9,2,0.488763295,6,0.439858685,5,2.090027608,2.111364438,"1,550,000.00"
9.16,19,1,0.668115654,7.480199518,0.647482412,0.047406525,38,5,0.229319769,17,1.221395666,4,1.224741756,1.856131844,"4,200,000.00"
19.59,1,0,4.65088748,1.626447486,3.488327488,0.0702284,6,0,0.225418134,4,0.132466919,1,3.752484608,4.569323338,"295,000.00"
14.94,4,3,1.325521262,3.332054051,6.321523914,0.125554587,9,0,0.297162444,10,0.3277186,2,3.835218788,3.420543751,"1,500,000.00"
14.19,1,0,4.333994379,4.620078445,3.239812649,0.047187666,14,1,0.207307327,9,1.832361316,1,2.853306008,2.55936892,"3,000,000.00"
18.85,3,0,2.75753304,6.672114016,5.148238391,0.144675834,8,2,0.49262073,12,0.048597652,2,4.401620213,1.4674653,"875,000.00"
22.59,1,0,4.731446487,5.842113383,5.025225136,3.189759435,0,0,3.053364406,0,3.525063347,0,5.736706006,4.444261549,"835,714.29"
17.19,1,0,2.016647194,8.463246017,4.167427536,1.427269434,6,2,0.668438761,6,1.367248147,2,4.193070435,2.167001482,"1,150,000.00"
21.21,3,0,4.001993712,5.27731528,5.682614182,1.481078738,5,0,1.358658138,7,1.820113651,1,5.62599196,3.178849578,"875,000.00"
21.21,3,0,4.001993712,5.27731528,5.682614182,1.481078738,5,0,1.358658138,7,1.820113651,1,5.62599196,3.178849578,"857,857.14"
11.35,4,0,3.232578915,6.632045539,4.07247222,0.046516086,15,2,0.275528356,11,1.185148304,2,2.127812617,1.818298797,"2,700,000.00"
18.85,3,0,2.75753304,6.672114016,5.148238391,0.144675834,8,2,0.49262073,12,0.048597652,2,4.401620213,1.4674653,"895,000.00"
21.21,3,0,4.001993712,5.27731528,5.682614182,1.481078738,5,0,1.358658138,7,1.820113651,1,5.62599196,3.178849578,"910,000.00"
18.85,3,0,2.75753304,6.672114016,5.148238391,0.144675834,8,2,0.49262073,12,0.048597652,2,4.401620213,1.4674653,"900,000.00"
21.21,3,0,4.001993712,5.27731528,5.682614182,1.481078738,5,0,1.358658138,7,1.820113651,1,5.62599196,3.178849578,"915,000.00"
8.66,9,1,0.549898445,5.213415717,1.3669029,0.064668268,9,7,0.050657848,13,2.104233363,0,1.284658669,0.825239173,"3,500,000.00"
9.16,19,1,0.668115654,7.480199518,0.647482412,0.047406525,38,5,0.229319769,17,1.221395666,4,1.224741756,1.856131844,"5,000,000.00"
13.98,1,1,1.440497502,8.830429042,2.212403368,0.071858443,10,2,0.100746527,11,0.886448814,1,2.748057643,2.54970663,"1,200,000.00"
14.19,1,0,4.333994379,4.620078445,3.239812649,0.047187666,14,1,0.207307327,9,1.832361316,1,2.853306008,2.55936892,"3,000,000.00"
14.94,4,3,1.325521262,3.332054051,6.321523914,0.125554587,9,0,0.297162444,10,0.3277186,2,3.835218788,3.420543751,"1,300,000.00"
12.89,7,0,2.847591288,12.64244388,0.528389071,0.028453853,12,2,0.113299872,20,1.052875673,5,1.58575455,3.057863335,"5,000,000.00"
14.94,4,3,1.325521262,3.332054051,6.321523914,0.125554587,9,0,0.297162444,10,0.3277186,2,3.835218788,3.420543751,"1,350,000.00"
9.16,19,1,0.668115654,7.480199518,0.647482412,0.047406525,38,5,0.229319769,17,1.221395666,4,1.224741756,1.856131844,"5,500,000.00"
11.35,4,0,3.232578915,6.632045539,4.07247222,0.046516086,15,2,0.275528356,11,1.185148304,2,2.127812617,1.818298797,"2,090,000.00"
22.59,1,0,4.731446487,5.842113383,5.025225136,3.189759435,0,0,3.053364406,0,3.525063347,0,5.736706006,4.444261549,"900,000.00"
11.35,4,0,3.232578915,6.632045539,4.07247222,0.046516086,15,2,0.275528356,11,1.185148304,2,2.127812617,1.818298797,"1,700,000.00"
12.89,7,0,2.847591288,12.64244388,0.528389071,0.028453853,12,2,0.113299872,20,1.052875673,5,1.58575455,3.057863335,"3,000,000.00"
17.66,2,0,2.766675534,1.341754436,9.982145833,0.351838973,8,1,0.22296895,5,0.044349224,1,6.270127131,4.493856946,"480,000.00"
12.89,7,0,2.847591288,12.64244388,0.528389071,0.028453853,12,2,0.113299872,20,1.052875673,5,1.58575455,3.057863335,"3,000,000.00"
8.66,9,1,0.549898445,5.213415717,1.3669029,0.064668268,9,7,0.050657848,13,2.104233363,0,1.284658669,0.825239173,"3,500,000.00"
23.32,0,0,7.028561387,6.124351023,7.643558956,1.844832933,1,0,1.969323048,1,1.735535589,1,7.878843402,8.549334305,"430,000.00"
25.74,2,0,3.750819421,7.090341751,1.668134015,1.342908267,4,1,1.538556531,1,1.538463966,1,5.698412478,4.49286357,"720,000.00"
25.74,2,0,3.750819421,7.090341751,1.668134015,1.342908267,4,1,1.538556531,1,1.538463966,1,5.698412478,4.49286357,"730,000.00"
22.59,1,0,4.731446487,5.842113383,5.025225136,3.189759435,0,0,3.053364406,0,3.525063347,0,5.736706006,4.444261549,"890,000.00"
25.05,3,0,2.740672922,5.746503894,0.306706658,0.157991858,4,1,0.375674414,2,0.149143912,1,5.252882255,3.898401641,"1,625,000.00"
23.32,0,0,7.028561387,6.124351023,7.643558956,1.844832933,1,0,1.969323048,1,1.735535589,1,7.878843402,8.549334305,"430,000.00"
25.74,2,0,3.750819421,7.090341751,1.668134015,1.342908267,4,1,1.538556531,1,1.538463966,1,5.698412478,4.49286357,"720,000.00"
4.65,45,2,1.31096963,3.666523287,0.237042731,0.319050688,71,14,0.127508492,16,0.527304778,8,0.768026527,0.568819294,"12,500,000.00"
25.74,2,0,3.750819421,7.090341751,1.668134015,1.342908267,4,1,1.538556531,1,1.538463966,1,5.698412478,4.49286357,"720,000.00"
18.85,3,0,2.75753304,6.672114016,5.148238391,0.144675834,8,2,0.49262073,12,0.048597652,2,4.401620213,1.4674653,"600,000.00"
16.39,1,0,3.876604793,1.871289347,3.876447241,0.024556017,1,0,1.187704419,5,0.074058786,1,3.340681566,4.15652795,"950,000.00"
16.39,1,0,3.876604793,1.871289347,3.876447241,0.024556017,1,0,1.187704419,5,0.074058786,1,3.340681566,4.15652795,"770,000.00"
11.35,4,0,3.232578915,6.632045539,4.07247222,0.046516086,15,2,0.275528356,11,1.185148304,2,2.127812617,1.818298797,"4,100,000.00"
11.35,4,0,3.232578915,6.632045539,4.07247222,0.046516086,15,2,0.275528356,11,1.185148304,2,2.127812617,1.818298797,"4,100,000.00"
22.59,1,0,4.731446487,5.842113383,5.025225136,3.189759435,0,0,3.053364406,0,3.525063347,0,5.736706006,4.444261549,"890,000.00"
17.66,2,0,2.766675534,1.341754436,9.982145833,0.351838973,8,1,0.22296895,5,0.044349224,1,6.270127131,4.493856946,"375,000.00"
18.85,3,0,2.75753304,6.672114016,5.148238391,0.144675834,8,2,0.49262073,12,0.048597652,2,4.401620213,1.4674653,"1,100,000.00"
21.21,3,0,4.001993712,5.27731528,5.682614182,1.481078738,5,0,1.358658138,7,1.820113651,1,5.62599196,3.178849578,"895,000.00"
11.35,4,0,3.232578915,6.632045539,4.07247222,0.046516086,15,2,0.275528356,11,1.185148304,2,2.127812617,1.818298797,"1,400,000.00"
10.57,11,2,0.574608738,9.365425049,0.380556553,0.053768922,31,3,0.253841443,24,0.139402968,4,0.500748682,1.59651451,"4,500,000.00"
22.48,1,0,5.025437008,4.526230179,2.158402885,2.639915599,0,0,0.360470047,1,2.521308465,0,4.82621559,4.51951349,"620,000.00"
11.77,4,0,2.074936334,11.38133063,1.883167861,0.106973392,18,2,0.182098855,21,1.505002665,4,1.776388177,2.22687177,"5,379,746.84"
21.21,3,0,4.001993712,5.27731528,5.682614182,1.481078738,5,0,1.358658138,7,1.820113651,1,5.62599196,3.178849578,"939,755.43"
5.42,23,6,0.274439339,6.485148777,0.987947003,0.216845753,46,7,0.248492837,16,0.813136894,5,0.46789424,1.120174736,"3,200,000.00"
12.89,7,0,2.847591288,12.64244388,0.528389071,0.028453853,12,2,0.113299872,20,1.052875673,5,1.58575455,3.057863335,"2,272,727.27"
10.96,9,1,1.555973958,11.53988387,0.42972373,0.126142707,18,1,0.460378059,12,0.545357036,3,0.891115717,1.452211198,"3,800,000.00"
7.57,26,6,0.194328801,7.759564862,1.511477789,0.344641591,43,10,0.118453506,18,0.085681338,5,0.241442313,1.261456637,"14,000,000.00"
9.16,19,1,0.668115654,7.480199518,0.647482412,0.047406525,38,5,0.229319769,17,1.221395666,4,1.224741756,1.856131844,"6,500,000.00"
22.39,2,0,5.350999564,4.118825144,6.739824789,1.821689416,2,0,1.602959146,2,2.940111393,0,6.361590457,3.594877933,"965,517.24"
22.59,1,0,4.731446487,5.842113383,5.025225136,3.189759435,0,0,3.053364406,0,3.525063347,0,5.736706006,4.444261549,"922,785.71"
22.39,2,0,5.350999564,4.118825144,6.739824789,1.821689416,2,0,1.602959146,2,2.940111393,0,6.361590457,3.594877933,"952,906.98"
6.91,31,7,0.091649716,6.394245945,0.920806927,0.57541718,39,9,0.426874198,18,1.055788431,8,1.097833364,1.287787573,"13,500,000.00"
23.32,0,0,7.028561387,6.124351023,7.643558956,1.844832933,1,0,1.969323048,1,1.735535589,1,7.878843402,8.549334305,"615,000.00"
23.32,0,0,7.028561387,6.124351023,7.643558956,1.844832933,1,0,1.969323048,1,1.735535589,1,7.878843402,8.549334305,"610,000.00"
23.32,0,0,7.028561387,6.124351023,7.643558956,1.844832933,1,0,1.969323048,1,1.735535589,1,7.878843402,8.549334305,"626,865.67"
4.65,45,2,1.31096963,3.666523287,0.237042731,0.319050688,71,14,0.127508492,16,0.527304778,8,0.768026527,0.568819294,"6,000,000.00"
22.48,1,0,5.025437008,4.526230179,2.158402885,2.639915599,0,0,0.360470047,1,2.521308465,0,4.82621559,4.51951349,"608,695.65"
18.85,3,0,2.75753304,6.672114016,5.148238391,0.144675834,8,2,0.49262073,12,0.048597652,2,4.401620213,1.4674653,"4,000,000.00"
9.16,19,1,0.668115654,7.480199518,0.647482412,0.047406525,38,5,0.229319769,17,1.221395666,4,1.224741756,1.856131844,"2,800,000.00"
10.57,11,2,0.574608738,9.365425049,0.380556553,0.053768922,31,3,0.253841443,24,0.139402968,4,0.500748682,1.59651451,"4,500,000.00"
18.85,3,0,2.75753304,6.672114016,5.148238391,0.144675834,8,2,0.49262073,12,0.048597652,2,4.401620213,1.4674653,"895,000.00"
9.16,19,1,0.668115654,7.480199518,0.647482412,0.047406525,38,5,0.229319769,17,1.221395666,4,1.224741756,1.856131844,"7,000,000.00"
13.98,1,1,1.440497502,8.830429042,2.212403368,0.071858443,10,2,0.100746527,11,0.886448814,1,2.748057643,2.54970663,"1,100,000.00"
14.94,4,3,1.325521262,3.332054051,6.321523914,0.125554587,9,0,0.297162444,10,0.3277186,2,3.835218788,3.420543751,"800,000.00"
22.59,1,0,4.731446487,5.842113383,5.025225136,3.189759435,0,0,3.053364406,0,3.525063347,0,5.736706006,4.444261549,"950,000.00"
20.21,1,0,4.452395666,3.231228684,9.461703594,1.564251976,1,0,1.45545367,1,1.669502034,1,6.882095043,6.69515565,"430,000.00"
23.32,0,0,7.028561387,6.124351023,7.643558956,1.844832933,1,0,1.969323048,1,1.735535589,1,7.878843402,8.549334305,"606,060.61"
17.66,2,0,2.766675534,1.341754436,9.982145833,0.351838973,8,1,0.22296895,5,0.044349224,1,6.270127131,4.493856946,"611,940.30"
23.32,0,0,7.028561387,6.124351023,7.643558956,1.844832933,1,0,1.969323048,1,1.735535589,1,7.878843402,8.549334305,"606,060.61"
22.59,1,0,4.731446487,5.842113383,5.025225136,3.189759435,0,0,3.053364406,0,3.525063347,0,5.736706006,4.444261549,"885,000.00"
21.21,3,0,4.001993712,5.27731528,5.682614182,1.481078738,5,0,1.358658138,7,1.820113651,1,5.62599196,3.178849578,"880,000.00"
11.16,13,0,2.106095585,8.393725938,1.168514876,0.161932175,29,0,0.057423149,19,1.289514894,4,1.203313326,2.598587684,"1,500,000.00"
6.54,34,5,0.725332998,4.402258748,0.777008918,0.041972278,29,16,0.398012992,16,0.373267956,6,0.722986475,0.585683793,"9,000,000.00"
10.57,11,2,0.574608738,9.365425049,0.380556553,0.053768922,31,3,0.253841443,24,0.139402968,4,0.500748682,1.59651451,"3,200,000.00"
10.64,6,0,2.246210381,8.09204828,1.80277564,0.069620362,22,0,0.265138276,16,0.346100643,2,1.203411373,2.706880853,"3,000,000.00"
4.65,45,2,1.31096963,3.666523287,0.237042731,0.319050688,71,14,0.127508492,16,0.527304778,8,0.768026527,0.568819294,"6,500,000.00"
10.12,12,2,0.701574755,9.739960244,1.63779857,0.09525586,32,4,0.1261487,25,0.447362946,4,1.135299754,0.957193443,"3,200,000.00"
13.07,3,1,0.863181347,9.317309022,1.958732342,0.893361754,19,1,0.19376073,17,0.046474146,2,2.271181203,2.501293913,"2,100,000.00"
5.42,23,6,0.274439339,6.485148777,0.987947003,0.216845753,46,7,0.248492837,16,0.813136894,5,0.46789424,1.120174736,"15,000,000.00"
14.19,1,0,4.333994379,4.620078445,3.239812649,0.047187666,14,1,0.207307327,9,1.832361316,1,2.853306008,2.55936892,"1,190,000.00"
14.19,1,0,4.333994379,4.620078445,3.239812649,0.047187666,14,1,0.207307327,9,1.832361316,1,2.853306008,2.55936892,"2,000,000.00"
22.59,1,0,4.731446487,5.842113383,5.025225136,3.189759435,0,0,3.053364406,0,3.525063347,0,5.736706006,4.444261549,"852,000.00"
21.21,3,0,4.001993712,5.27731528,5.682614182,1.481078738,5,0,1.358658138,7,1.820113651,1,5.62599196,3.178849578,"857,142.86"
21.21,3,0,4.001993712,5.27731528,5.682614182,1.481078738,5,0,1.358658138,7,1.820113651,1,5.62599196,3.178849578,"133,619.40"
22.39,2,0,5.350999564,4.118825144,6.739824789,1.821689416,2,0,1.602959146,2,2.940111393,0,6.361590457,3.594877933,"895,000.00"
14.29,8,0,2.210242241,12.7198494,0.570907625,0.493071529,12,1,0.450048459,9,0.475998265,3,2.72457472,3.728770782,"2,588,235.29"
14.19,1,0,4.333994379,4.620078445,3.239812649,0.047187666,14,1,0.207307327,9,1.832361316,1,2.853306008,2.55936892,"9,900,000.00"
18.85,3,0,2.75753304,6.672114016,5.148238391,0.144675834,8,2,0.49262073,12,0.048597652,2,4.401620213,1.4674653,"870,000.00"
10.64,6,0,2.246210381,8.09204828,1.80277564,0.069620362,22,0,0.265138276,16,0.346100643,2,1.203411373,2.706880853,"5,500,000.00"
4.65,45,2,1.31096963,3.666523287,0.237042731,0.319050688,71,14,0.127508492,16,0.527304778,8,0.768026527,0.568819294,"6,500,000.00"
23.52,1,0,4.517601805,5.391227259,2.05266268,1.79869111,1,1,1.44591556,3,1.743481817,1,4.84824702,4.589242247,"297,000.00"
17.66,2,0,2.766675534,1.341754436,9.982145833,0.351838973,8,1,0.22296895,5,0.044349224,1,6.270127131,4.493856946,"450,000.00"
20.21,1,0,4.452395666,3.231228684,9.461703594,1.564251976,1,0,1.45545367,1,1.669502034,1,6.882095043,6.69515565,"450,000.00"
20.21,1,0,4.452395666,3.231228684,9.461703594,1.564251976,1,0,1.45545367,1,1.669502034,1,6.882095043,6.69515565,"430,000.00"
14.94,4,3,1.325521262,3.332054051,6.321523914,0.125554587,9,0,0.297162444,10,0.3277186,2,3.835218788,3.420543751,"3,100,000.00"
10.96,9,1,1.555973958,11.53988387,0.42972373,0.126142707,18,1,0.460378059,12,0.545357036,3,0.891115717,1.452211198,"3,000,000.00"
23.32,0,0,7.028561387,6.124351023,7.643558956,1.844832933,1,0,1.969323048,1,1.735535589,1,7.878843402,8.549334305,"646,153.85"
22.61,3,0,3.998696251,2.379564136,0.489734538,0.201421298,7,2,0.014518784,4,0.899794951,1,3.99247885,2.76473027,"625,954.20"
22.61,3,0,3.998696251,2.379564136,0.489734538,0.201421298,7,2,0.014518784,4,0.899794951,1,3.99247885,2.76473027,"600,000.00"
9.16,19,1,0.668115654,7.480199518,0.647482412,0.047406525,38,5,0.229319769,17,1.221395666,4,1.224741756,1.856131844,"4,400,000.00"
17.66,2,0,2.766675534,1.341754436,9.982145833,0.351838973,8,1,0.22296895,5,0.044349224,1,6.270127131,4.493856946,"420,000.00"
21.21,3,0,4.001993712,5.27731528,5.682614182,1.481078738,5,0,1.358658138,7,1.820113651,1,5.62599196,3.178849578,"895,000.00"
20.21,1,0,4.452395666,3.231228684,9.461703594,1.564251976,1,0,1.45545367,1,1.669502034,1,6.882095043,6.69515565,"450,000.00"
20.21,1,0,4.452395666,3.231228684,9.461703594,1.564251976,1,0,1.45545367,1,1.669502034,1,6.882095043,6.69515565,"430,000.00"
13.98,1,1,1.440497502,8.830429042,2.212403368,0.071858443,10,2,0.100746527,11,0.886448814,1,2.748057643,2.54970663,"1,450,000.00"
4.22,22,2,1.467277947,5.676326993,0.379336786,0.083896065,46,9,0.234180842,17,0.836102939,4,0.648388584,1.199440728,"16,500,000.00"
10.64,6,0,2.246210381,8.09204828,1.80277564,0.069620362,22,0,0.265138276,16,0.346100643,2,1.203411373,2.706880853,"2,400,000.00"
18.85,3,0,2.75753304,6.672114016,5.148238391,0.144675834,8,2,0.49262073,12,0.048597652,2,4.401620213,1.4674653,"895,000.00"
21.21,3,0,4.001993712,5.27731528,5.682614182,1.481078738,5,0,1.358658138,7,1.820113651,1,5.62599196,3.178849578,"900,000.00"
12.89,7,0,2.847591288,12.64244388,0.528389071,0.028453853,12,2,0.113299872,20,1.052875673,5,1.58575455,3.057863335,"3,500,000.00"
7.47,17,4,1.087295775,5.384151821,0.890410619,0.586071568,30,11,0.440548846,15,0.831388942,3,0.85680006,0.690853659,"6,100,000.00"
6.54,34,5,0.725332998,4.402258748,0.777008918,0.041972278,29,16,0.398012992,16,0.373267956,6,0.722986475,0.585683793,"8,700,000.00"
7.47,17,4,1.087295775,5.384151821,0.890410619,0.586071568,30,11,0.440548846,15,0.831388942,3,0.85680006,0.690853659,"6,800,000.00"
20.26,1,1,1.649133688,3.755539704,3.334268521,1.353256456,2,0,0.258697703,3,1.646892792,2,4.163488983,3.010456911,"700,000.00"
21.21,3,0,4.001993712,5.27731528,5.682614182,1.481078738,5,0,1.358658138,7,1.820113651,1,5.62599196,3.178849578,"900,000.00"
23.32,0,0,7.028561387,6.124351023,7.643558956,1.844832933,1,0,1.969323048,1,1.735535589,1,7.878843402,8.549334305,"608,695.65"
21.21,3,0,4.001993712,5.27731528,5.682614182,1.481078738,5,0,1.358658138,7,1.820113651,1,5.62599196,3.178849578,"875,000.00"
14.94,4,3,1.325521262,3.332054051,6.321523914,0.125554587,9,0,0.297162444,10,0.3277186,2,3.835218788,3.420543751,"1,800,000.00"
23.32,0,0,7.028561387,6.124351023,7.643558956,1.844832933,1,0,1.969323048,1,1.735535589,1,7.878843402,8.549334305,"430,000.00"
23.32,0,0,7.028561387,6.124351023,7.643558956,1.844832933,1,0,1.969323048,1,1.735535589,1,7.878843402,8.549334305,"430,000.00"
23.32,0,0,7.028561387,6.124351023,7.643558956,1.844832933,1,0,1.969323048,1,1.735535589,1,7.878843402,8.549334305,"430,000.00"
22.39,2,0,5.350999564,4.118825144,6.739824789,1.821689416,2,0,1.602959146,2,2.940111393,0,6.361590457,3.594877933,"895,000.00"
18.85,3,0,2.75753304,6.672114016,5.148238391,0.144675834,8,2,0.49262073,12,0.048597652,2,4.401620213,1.4674653,"852,500.00"
22.39,2,0,5.350999564,4.118825144,6.739824789,1.821689416,2,0,1.602959146,2,2.940111393,0,6.361590457,3.594877933,"836,071.43"
22.39,2,0,5.350999564,4.118825144,6.739824789,1.821689416,2,0,1.602959146,2,2.940111393,0,6.361590457,3.594877933,"873,134.33"
11.35,4,0,3.232578915,6.632045539,4.07247222,0.046516086,15,2,0.275528356,11,1.185148304,2,2.127812617,1.818298797,"3,300,000.00"
26.68,0,0,3.18607699,4.713399699,5.211530471,4.438861782,0,0,3.463452279,0,4.105365541,0,7.515233246,6.442885101,"300,000.00"
4.22,22,2,1.467277947,5.676326993,0.379336786,0.083896065,46,9,0.234180842,17,0.836102939,4,0.648388584,1.199440728,"12,313,104.66"
25.91,2,2,0.770564739,5.442128017,2.425299821,2.68514114,0,0,2.119728706,0,2.78061435,0,5.68174556,4.911417308,"510,000.00"
25.91,2,2,0.770564739,5.442128017,2.425299821,2.68514114,0,0,2.119728706,0,2.78061435,0,5.68174556,4.911417308,"510,000.00"
18.85,3,0,2.75753304,6.672114016,5.148238391,0.144675834,8,2,0.49262073,12,0.048597652,2,4.401620213,1.4674653,"750,000.00"
10.64,6,0,2.246210381,8.09204828,1.80277564,0.069620362,22,0,0.265138276,16,0.346100643,2,1.203411373,2.706880853,"3,200,000.00"
22.59,1,0,4.731446487,5.842113383,5.025225136,3.189759435,0,0,3.053364406,0,3.525063347,0,5.736706006,4.444261549,"900,000.00"
17.66,2,0,2.766675534,1.341754436,9.982145833,0.351838973,8,1,0.22296895,5,0.044349224,1,6.270127131,4.493856946,"375,000.00"
22.59,1,0,4.731446487,5.842113383,5.025225136,3.189759435,0,0,3.053364406,0,3.525063347,0,5.736706006,4.444261549,"950,000.00"
22.39,2,0,5.350999564,4.118825144,6.739824789,1.821689416,2,0,1.602959146,2,2.940111393,0,6.361590457,3.594877933,"950,000.00"
18.85,3,0,2.75753304,6.672114016,5.148238391,0.144675834,8,2,0.49262073,12,0.048597652,2,4.401620213,1.4674653,"895,000.00"
10.64,6,0,2.246210381,8.09204828,1.80277564,0.069620362,22,0,0.265138276,16,0.346100643,2,1.203411373,2.706880853,"2,500,000.00"
23.32,0,0,7.028561387,6.124351023,7.643558956,1.844832933,1,0,1.969323048,1,1.735535589,1,7.878843402,8.549334305,"625,000.00"
23.32,0,0,7.028561387,6.124351023,7.643558956,1.844832933,1,0,1.969323048,1,1.735535589,1,7.878843402,8.549334305,"571,428.57"
23.32,0,0,7.028561387,6.124351023,7.643558956,1.844832933,1,0,1.969323048,1,1.735535589,1,7.878843402,8.549334305,"617,647.06"
13.98,1,1,1.440497502,8.830429042,2.212403368,0.071858443,10,2,0.100746527,11,0.886448814,1,2.748057643,2.54970663,"1,800,000.00"
23.52,1,0,4.517601805,5.391227259,2.05266268,1.79869111,1,1,1.44591556,3,1.743481817,1,4.84824702,4.589242247,"295,000.00"
17.66,2,0,2.766675534,1.341754436,9.982145833,0.351838973,8,1,0.22296895,5,0.044349224,1,6.270127131,4.493856946,"430,000.00"
24.82,1,0,5.090707489,0.409507119,6.811585774,0.031648336,2,1,3.055274365,0,5.118456884,0,7.133131449,4.812728716,"740,000.00"
21.21,3,0,4.001993712,5.27731528,5.682614182,1.481078738,5,0,1.358658138,7,1.820113651,1,5.62599196,3.178849578,"953,846.15"
21.21,3,0,4.001993712,5.27731528,5.682614182,1.481078738,5,0,1.358658138,7,1.820113651,1,5.62599196,3.178849578,"900,000.00"
19.59,1,0,4.65088748,1.626447486,3.488327488,0.0702284,6,0,0.225418134,4,0.132466919,1,3.752484608,4.569323338,"987,500.00"
21.21,3,0,4.001993712,5.27731528,5.682614182,1.481078738,5,0,1.358658138,7,1.820113651,1,5.62599196,3.178849578,"900,000.00"
18.85,3,0,2.75753304,6.672114016,5.148238391,0.144675834,8,2,0.49262073,12,0.048597652,2,4.401620213,1.4674653,"895,000.00"
21.21,3,0,4.001993712,5.27731528,5.682614182,1.481078738,5,0,1.358658138,7,1.820113651,1,5.62599196,3.178849578,"895,000.00"
14.19,1,0,4.333994379,4.620078445,3.239812649,0.047187666,14,1,0.207307327,9,1.832361316,1,2.853306008,2.55936892,"2,500,000.00"
17.26,6,0,3.092683935,3.716698378,0.089601941,0.104367405,10,1,0.685837638,5,0.917733437,2,2.121535646,2.422564633,"1,500,000.00"
6.54,34,5,0.725332998,4.402258748,0.777008918,0.041972278,29,16,0.398012992,16,0.373267956,6,0.722986475,0.585683793,"6,000,000.00"
22.39,2,0,5.350999564,4.118825144,6.739824789,1.821689416,2,0,1.602959146,2,2.940111393,0,6.361590457,3.594877933,"948,280.30"
10.64,6,0,2.246210381,8.09204828,1.80277564,0.069620362,22,0,0.265138276,16,0.346100643,2,1.203411373,2.706880853,"2,100,000.00"
10.57,11,2,0.574608738,9.365425049,0.380556553,0.053768922,31,3,0.253841443,24,0.139402968,4,0.500748682,1.59651451,"3,000,000.00"
23.75,1,0,3.351104283,3.08436925,2.215013757,1.781127438,7,1,1.136606202,2,0.861553358,1,5.120823009,3.732607722,"485,000.00"
14.19,1,0,4.333994379,4.620078445,3.239812649,0.047187666,14,1,0.207307327,9,1.832361316,1,2.853306008,2.55936892,"4,500,000.00"
10.64,6,0,2.246210381,8.09204828,1.80277564,0.069620362,22,0,0.265138276,16,0.346100643,2,1.203411373,2.706880853,"3,500,000.00"
10.64,6,0,2.246210381,8.09204828,1.80277564,0.069620362,22,0,0.265138276,16,0.346100643,2,1.203411373,2.706880853,"3,500,000.00"
21.21,3,0,4.001993712,5.27731528,5.682614182,1.481078738,5,0,1.358658138,7,1.820113651,1,5.62599196,3.178849578,"875,000.00"
11.88,9,2,1.412228981,9.949975211,1.714054755,1.241304091,21,3,0.603966541,23,1.196047358,5,1.353496396,2.372959813,"2,100,000.00"
11.35,4,0,3.232578915,6.632045539,4.07247222,0.046516086,15,2,0.275528356,11,1.185148304,2,2.127812617,1.818298797,"40,000,000.00"
22.61,3,0,3.998696251,2.379564136,0.489734538,0.201421298,7,2,0.014518784,4,0.899794951,1,3.99247885,2.76473027,"750,000.00"
9.16,19,1,0.668115654,7.480199518,0.647482412,0.047406525,38,5,0.229319769,17,1.221395666,4,1.224741756,1.856131844,"2,600,000.00"
10.38,7,0,2.238625345,6.877783599,3.104369608,0.312880087,19,3,0.597689536,17,1.345330372,1,1.750968007,2.165828855,"2,800,000.00"
14.94,4,3,1.325521262,3.332054051,6.321523914,0.125554587,9,0,0.297162444,10,0.3277186,2,3.835218788,3.420543751,"3,200,000.00"
10.64,6,0,2.246210381,8.09204828,1.80277564,0.069620362,22,0,0.265138276,16,0.346100643,2,1.203411373,2.706880853,"3,500,000.00"
23.65,1,0,6.293782293,4.0924518,6.75423149,3.113434999,0,0,2.887802918,0,4.196443454,0,7.250108037,4.444523159,"932,106.74"
17.66,2,0,2.766675534,1.341754436,9.982145833,0.351838973,8,1,0.22296895,5,0.044349224,1,6.270127131,4.493856946,"425,000.00"
15.26,0,0,4.55470152,4.19047343,2.465629359,0.840241812,8,1,0.267587215,10,2.469253581,0,3.159466524,3.18055797,"1,625,000.00"
8.66,9,1,0.549898445,5.213415717,1.3669029,0.064668268,9,7,0.050657848,13,2.104233363,0,1.284658669,0.825239173,"2,850,000.00"
9.61,2,0,4.418797371,3.481613553,2.679374305,1.038703539,5,1,1.06259087,5,1.092881018,2,3.833930644,2.189414859,"4,200,000.00"
12.05,12,0,2.665279975,11.82000181,1.565890489,0.622711857,18,1,0.624649718,16,0.901434846,3,1.62108223,2.347759475,"4,000,000.00"
6.54,34,5,0.725332998,4.402258748,0.777008918,0.041972278,29,16,0.398012992,16,0.373267956,6,0.722986475,0.585683793,"5,200,000.00"
12.89,7,0,2.847591288,12.64244388,0.528389071,0.028453853,12,2,0.113299872,20,1.052875673,5,1.58575455,3.057863335,"2,750,000.00"
18.85,3,0,2.75753304,6.672114016,5.148238391,0.144675834,8,2,0.49262073,12,0.048597652,2,4.401620213,1.4674653,"900,000.00"
21.21,3,0,4.001993712,5.27731528,5.682614182,1.481078738,5,0,1.358658138,7,1.820113651,1,5.62599196,3.178849578,"895,000.00"
17.66,2,0,2.766675534,1.341754436,9.982145833,0.351838973,8,1,0.22296895,5,0.044349224,1,6.270127131,4.493856946,"420,000.00"
15.34,5,0,2.696064051,6.132844101,0.105448493,0.204660942,10,1,0.52902818,12,0.218559789,3,2.499860496,2.543675581,"2,800,000.00"
17.26,6,0,3.092683935,3.716698378,0.089601941,0.104367405,10,1,0.685837638,5,0.917733437,2,2.121535646,2.422564633,"1,200,000.00"
16.29,4,0,4.192002707,4.42688598,1.116855587,1.263830475,3,0,0.437906072,5,1.398902897,1,2.651624321,3.14817086,"2,000,000.00"
10.64,6,0,2.246210381,8.09204828,1.80277564,0.069620362,22,0,0.265138276,16,0.346100643,2,1.203411373,2.706880853,"2,500,000.00"
10.57,11,2,0.574608738,9.365425049,0.380556553,0.053768922,31,3,0.253841443,24,0.139402968,4,0.500748682,1.59651451,"1,666,666.67"
18.85,3,0,2.75753304,6.672114016,5.148238391,0.144675834,8,2,0.49262073,12,0.048597652,2,4.401620213,1.4674653,"900,000.00"
22.59,1,0,4.731446487,5.842113383,5.025225136,3.189759435,0,0,3.053364406,0,3.525063347,0,5.736706006,4.444261549,"700,000.00"
12.89,7,0,2.847591288,12.64244388,0.528389071,0.028453853,12,2,0.113299872,20,1.052875673,5,1.58575455,3.057863335,"3,200,000.00"
22.59,1,0,4.731446487,5.842113383,5.025225136,3.189759435,0,0,3.053364406,0,3.525063347,0,5.736706006,4.444261549,"675,000.00"
22.59,1,0,4.731446487,5.842113383,5.025225136,3.189759435,0,0,3.053364406,0,3.525063347,0,5.736706006,4.444261549,"700,000.00"
14.19,1,0,4.333994379,4.620078445,3.239812649,0.047187666,14,1,0.207307327,9,1.832361316,1,2.853306008,2.55936892,"2,100,000.00"
18.53,3,1,1.382323394,7.828666399,4.094241806,1.152335673,10,2,0.353464627,6,1.290549374,3,4.033657597,2.347041609,"460,000.00"
14.94,4,3,1.325521262,3.332054051,6.321523914,0.125554587,9,0,0.297162444,10,0.3277186,2,3.835218788,3.420543751,"1,550,000.00"
18.53,3,1,1.382323394,7.828666399,4.094241806,1.152335673,10,2,0.353464627,6,1.290549374,3,4.033657597,2.347041609,"800,000.00"
22.59,1,0,4.731446487,5.842113383,5.025225136,3.189759435,0,0,3.053364406,0,3.525063347,0,5.736706006,4.444261549,"850,000.00"
18.85,3,0,2.75753304,6.672114016,5.148238391,0.144675834,8,2,0.49262073,12,0.048597652,2,4.401620213,1.4674653,"900,000.00"
17.66,2,0,2.766675534,1.341754436,9.982145833,0.351838973,8,1,0.22296895,5,0.044349224,1,6.270127131,4.493856946,"425,000.00"
11.35,4,0,3.232578915,6.632045539,4.07247222,0.046516086,15,2,0.275528356,11,1.185148304,2,2.127812617,1.818298797,"5,750,000.00"
14.19,1,0,4.333994379,4.620078445,3.239812649,0.047187666,14,1,0.207307327,9,1.832361316,1,2.853306008,2.55936892,"2,100,000.00"
17.41,5,1,1.151801319,10.26685355,1.765059933,0.156907115,19,1,0.240320231,7,1.560481911,1,3.102509131,3.727252772,"1,450,000.00"
18.53,3,1,1.382323394,7.828666399,4.094241806,1.152335673,10,2,0.353464627,6,1.290549374,3,4.033657597,2.347041609,"800,000.00"
19.59,1,0,4.65088748,1.626447486,3.488327488,0.0702284,6,0,0.225418134,4,0.132466919,1,3.752484608,4.569323338,"800,000.00"
21.21,3,0,4.001993712,5.27731528,5.682614182,1.481078738,5,0,1.358658138,7,1.820113651,1,5.62599196,3.178849578,"900,000.00"
18.53,3,1,1.382323394,7.828666399,4.094241806,1.152335673,10,2,0.353464627,6,1.290549374,3,4.033657597,2.347041609,"740,000.00"
21.21,3,0,4.001993712,5.27731528,5.682614182,1.481078738,5,0,1.358658138,7,1.820113651,1,5.62599196,3.178849578,"31,500.00"
18.85,3,0,2.75753304,6.672114016,5.148238391,0.144675834,8,2,0.49262073,12,0.048597652,2,4.401620213,1.4674653,"965,000.00"
18.85,3,0,2.75753304,6.672114016,5.148238391,0.144675834,8,2,0.49262073,12,0.048597652,2,4.401620213,1.4674653,"900,000.00"
19.59,1,0,4.65088748,1.626447486,3.488327488,0.0702284,6,0,0.225418134,4,0.132466919,1,3.752484608,4.569323338,"800,000.00"
18.85,3,0,2.75753304,6.672114016,5.148238391,0.144675834,8,2,0.49262073,12,0.048597652,2,4.401620213,1.4674653,"775,000.00"
22.59,1,0,4.731446487,5.842113383,5.025225136,3.189759435,0,0,3.053364406,0,3.525063347,0,5.736706006,4.444261549,"750,000.00"
18.85,3,0,2.75753304,6.672114016,5.148238391,0.144675834,8,2,0.49262073,12,0.048597652,2,4.401620213,1.4674653,"1,100,000.00"
22.59,1,0,4.731446487,5.842113383,5.025225136,3.189759435,0,0,3.053364406,0,3.525063347,0,5.736706006,4.444261549,"850,000.00"
18.85,3,0,2.75753304,6.672114016,5.148238391,0.144675834,8,2,0.49262073,12,0.048597652,2,4.401620213,1.4674653,"965,000.00"
20.6,2,0,2.980391516,6.381005066,4.599591077,1.798092586,6,1,1.152219705,5,1.7676894,1,5.034060992,3.319801389,"833,333.33"
17.81,2,1,1.18851223,8.425925973,3.760728419,1.056657023,8,2,0.601691486,4,1.380217848,2,3.978462676,2.460094901,"790,000.00"
18.53,3,1,1.382323394,7.828666399,4.094241806,1.152335673,10,2,0.353464627,6,1.290549374,3,4.033657597,2.347041609,"800,000.00"
19.51,6,0,2.875829072,10.87016748,0.069034825,0.155937673,12,0,0.531430234,4,2.751861472,0,2.987710191,5.917349915,"2,700,000.00"
22.59,1,0,4.731446487,5.842113383,5.025225136,3.189759435,0,0,3.053364406,0,3.525063347,0,5.736706006,4.444261549,"850,000.00"
18.85,3,0,2.75753304,6.672114016,5.148238391,0.144675834,8,2,0.49262073,12,0.048597652,2,4.401620213,1.4674653,"800,000.00"
22.59,1,0,4.731446487,5.842113383,5.025225136,3.189759435,0,0,3.053364406,0,3.525063347,0,5.736706006,4.444261549,"850,000.00"
28.22,1,2,1.15380493,7.821840894,2.501871417,2.54157815,0,0,0.260538796,1,3.935168025,0,7.1656613,5.458152126,"520,000.00"
18.53,3,1,1.382323394,7.828666399,4.094241806,1.152335673,10,2,0.353464627,6,1.290549374,3,4.033657597,2.347041609,"460,000.00"
21.21,3,0,4.001993712,5.27731528,5.682614182,1.481078738,5,0,1.358658138,7,1.820113651,1,5.62599196,3.178849578,"895,000.00"
28.22,1,2,1.15380493,7.821840894,2.501871417,2.54157815,0,0,0.260538796,1,3.935168025,0,7.1656613,5.458152126,"625,000.00"
18.85,3,0,2.75753304,6.672114016,5.148238391,0.144675834,8,2,0.49262073,12,0.048597652,2,4.401620213,1.4674653,"665,000.00"
18.85,3,0,2.75753304,6.672114016,5.148238391,0.144675834,8,2,0.49262073,12,0.048597652,2,4.401620213,1.4674653,"675,000.00"
18.53,3,1,1.382323394,7.828666399,4.094241806,1.152335673,10,2,0.353464627,6,1.290549374,3,4.033657597,2.347041609,"1,100,000.00"
20.6,2,0,2.980391516,6.381005066,4.599591077,1.798092586,6,1,1.152219705,5,1.7676894,1,5.034060992,3.319801389,"750,000.00"
19.59,1,0,4.65088748,1.626447486,3.488327488,0.0702284,6,0,0.225418134,4,0.132466919,1,3.752484608,4.569323338,"800,000.00"
18.85,3,0,2.75753304,6.672114016,5.148238391,0.144675834,8,2,0.49262073,12,0.048597652,2,4.401620213,1.4674653,"895,000.00"
28.22,1,2,1.15380493,7.821840894,2.501871417,2.54157815,0,0,0.260538796,1,3.935168025,0,7.1656613,5.458152126,"520,000.00"
40.83,1,0,14.93005954,23.82898426,1.067835718,2.082818379,0,1,0.453765503,2,4.023534671,0,18.54774664,8.293431494,"2,500,000.00"
21.21,3,0,4.001993712,5.27731528,5.682614182,1.481078738,5,0,1.358658138,7,1.820113651,1,5.62599196,3.178849578,"895,000.00"
10.57,11,2,0.574608738,9.365425049,0.380556553,0.053768922,31,3,0.253841443,24,0.139402968,4,0.500748682,1.59651451,"3,500,000.00"
18.53,3,1,1.382323394,7.828666399,4.094241806,1.152335673,10,2,0.353464627,6,1.290549374,3,4.033657597,2.347041609,"1,150,000.00"
18.85,3,0,2.75753304,6.672114016,5.148238391,0.144675834,8,2,0.49262073,12,0.048597652,2,4.401620213,1.4674653,"665,000.00"
10.57,11,2,0.574608738,9.365425049,0.380556553,0.053768922,31,3,0.253841443,24,0.139402968,4,0.500748682,1.59651451,"1,666,666.67"
22.59,1,0,4.731446487,5.842113383,5.025225136,3.189759435,0,0,3.053364406,0,3.525063347,0,5.736706006,4.444261549,"700,000.00"
18.53,3,1,1.382323394,7.828666399,4.094241806,1.152335673,10,2,0.353464627,6,1.290549374,3,4.033657597,2.347041609,"520,000.00"
18.85,3,0,2.75753304,6.672114016,5.148238391,0.144675834,8,2,0.49262073,12,0.048597652,2,4.401620213,1.4674653,"830,000.00"
22.59,1,0,4.731446487,5.842113383,5.025225136,3.189759435,0,0,3.053364406,0,3.525063347,0,5.736706006,4.444261549,"725,000.00"
18.85,3,0,2.75753304,6.672114016,5.148238391,0.144675834,8,2,0.49262073,12,0.048597652,2,4.401620213,1.4674653,"918,000.00"
28.22,1,2,1.15380493,7.821840894,2.501871417,2.54157815,0,0,0.260538796,1,3.935168025,0,7.1656613,5.458152126,"625,000.00"
25.55,0,0,4.023901152,3.667961737,4.885572466,3.448195772,0,0,2.21801581,0,3.530716109,0,7.03165145,5.445949397,"275,000.00"
28.22,1,2,1.15380493,7.821840894,2.501871417,2.54157815,0,0,0.260538796,1,3.935168025,0,7.1656613,5.458152126,"625,000.00"
16.09,3,0,3.208475819,1.913461191,4.504202007,0.650961654,6,0,0.789134066,7,0.681933388,1,3.638046775,4.035968273,"1,050,000.00"
22.59,1,0,4.731446487,5.842113383,5.025225136,3.189759435,0,0,3.053364406,0,3.525063347,0,5.736706006,4.444261549,"675,000.00"
19.59,1,0,4.65088748,1.626447486,3.488327488,0.0702284,6,0,0.225418134,4,0.132466919,1,3.752484608,4.569323338,"610,000.00"
18.85,3,0,2.75753304,6.672114016,5.148238391,0.144675834,8,2,0.49262073,12,0.048597652,2,4.401620213,1.4674653,"665,000.00"
10.57,11,2,0.574608738,9.365425049,0.380556553,0.053768922,31,3,0.253841443,24,0.139402968,4,0.500748682,1.59651451,"1,666,666.67"
18.53,3,1,1.382323394,7.828666399,4.094241806,1.152335673,10,2,0.353464627,6,1.290549374,3,4.033657597,2.347041609,"800,000.00"
21.21,3,0,4.001993712,5.27731528,5.682614182,1.481078738,5,0,1.358658138,7,1.820113651,1,5.62599196,3.178849578,"895,000.00"
9.16,19,1,0.668115654,7.480199518,0.647482412,0.047406525,38,5,0.229319769,17,1.221395666,4,1.224741756,1.856131844,"4,500,000.00"
21.21,3,0,4.001993712,5.27731528,5.682614182,1.481078738,5,0,1.358658138,7,1.820113651,1,5.62599196,3.178849578,"905,000.00"
21.21,3,0,4.001993712,5.27731528,5.682614182,1.481078738,5,0,1.358658138,7,1.820113651,1,5.62599196,3.178849578,"895,000.00"
9.16,19,1,0.668115654,7.480199518,0.647482412,0.047406525,38,5,0.229319769,17,1.221395666,4,1.224741756,1.856131844,"5,000,000.00"
16.39,1,0,3.876604793,1.871289347,3.876447241,0.024556017,1,0,1.187704419,5,0.074058786,1,3.340681566,4.15652795,"1,200,000.00"
23.32,0,0,7.028561387,6.124351023,7.643558956,1.844832933,1,0,1.969323048,1,1.735535589,1,7.878843402,8.549334305,"690,000.00"
22.59,1,0,4.731446487,5.842113383,5.025225136,3.189759435,0,0,3.053364406,0,3.525063347,0,5.736706006,4.444261549,"725,000.00"
21.21,3,0,4.001993712,5.27731528,5.682614182,1.481078738,5,0,1.358658138,7,1.820113651,1,5.62599196,3.178849578,"895,000.00"
18.85,3,0,2.75753304,6.672114016,5.148238391,0.144675834,8,2,0.49262073,12,0.048597652,2,4.401620213,1.4674653,"910,000.00"
14.19,1,0,4.333994379,4.620078445,3.239812649,0.047187666,14,1,0.207307327,9,1.832361316,1,2.853306008,2.55936892,"2,100,000.00"
22.59,1,0,4.731446487,5.842113383,5.025225136,3.189759435,0,0,3.053364406,0,3.525063347,0,5.736706006,4.444261549,"750,000.00"
18.53,3,1,1.382323394,7.828666399,4.094241806,1.152335673,10,2,0.353464627,6,1.290549374,3,4.033657597,2.347041609,"1,080,000.00"
10.17,2,0,4.058399008,4.338834957,3.691421741,0.024061544,8,3,0.20022063,7,0.081344253,2,3.520838738,1.731537463,"700,000.00"
21.21,3,0,4.001993712,5.27731528,5.682614182,1.481078738,5,0,1.358658138,7,1.820113651,1,5.62599196,3.178849578,"905,000.00"
8.43,25,5,0.68379499,8.270892022,1.393859989,0.06226201,43,10,0.220060054,23,0.776471572,5,0.656539523,1.209048532,"8,500,000.00"
18.85,3,0,2.75753304,6.672114016,5.148238391,0.144675834,8,2,0.49262073,12,0.048597652,2,4.401620213,1.4674653,"905,000.00"
42.89,2,0,17.30386792,25.98399192,0.638579249,0.092605017,7,3,1.670624688,2,3.822489362,0,20.27564198,8.252888495,"3,829,787.23"
18.85,3,0,2.75753304,6.672114016,5.148238391,0.144675834,8,2,0.49262073,12,0.048597652,2,4.401620213,1.4674653,"895,000.00"
18.85,3,0,2.75753304,6.672114016,5.148238391,0.144675834,8,2,0.49262073,12,0.048597652,2,4.401620213,1.4674653,"895,000.00"
11.35,4,0,3.232578915,6.632045539,4.07247222,0.046516086,15,2,0.275528356,11,1.185148304,2,2.127812617,1.818298797,"4,050,000.00"
18.53,3,1,1.382323394,7.828666399,4.094241806,1.152335673,10,2,0.353464627,6,1.290549374,3,4.033657597,2.347041609,"800,000.00"
18.53,3,1,1.382323394,7.828666399,4.094241806,1.152335673,10,2,0.353464627,6,1.290549374,3,4.033657597,2.347041609,"800,000.00"
18.85,3,0,2.75753304,6.672114016,5.148238391,0.144675834,8,2,0.49262073,12,0.048597652,2,4.401620213,1.4674653,"800,000.00"
22.59,1,0,4.731446487,5.842113383,5.025225136,3.189759435,0,0,3.053364406,0,3.525063347,0,5.736706006,4.444261549,"665,000.00"
18.85,3,0,2.75753304,6.672114016,5.148238391,0.144675834,8,2,0.49262073,12,0.048597652,2,4.401620213,1.4674653,"965,000.00"
18.85,3,0,2.75753304,6.672114016,5.148238391,0.144675834,8,2,0.49262073,12,0.048597652,2,4.401620213,1.4674653,"900,000.00"
22.59,1,0,4.731446487,5.842113383,5.025225136,3.189759435,0,0,3.053364406,0,3.525063347,0,5.736706006,4.444261549,"725,000.00"
21.21,3,0,4.001993712,5.27731528,5.682614182,1.481078738,5,0,1.358658138,7,1.820113651,1,5.62599196,3.178849578,"890,000.00"
19.72,1,0,3.346328059,2.59671565,7.635108885,2.258348808,0,0,2.126974979,0,2.345781881,0,5.646727026,6.147557185,"360,000.00"
20.21,1,0,4.452395666,3.231228684,9.461703594,1.564251976,1,0,1.45545367,1,1.669502034,1,6.882095043,6.69515565,"420,000.00"
10.57,11,2,0.574608738,9.365425049,0.380556553,0.053768922,31,3,0.253841443,24,0.139402968,4,0.500748682,1.59651451,"1,667,000.00"
18.85,3,0,2.75753304,6.672114016,5.148238391,0.144675834,8,2,0.49262073,12,0.048597652,2,4.401620213,1.4674653,"833,333.33"
17.81,2,1,1.18851223,8.425925973,3.760728419,1.056657023,8,2,0.601691486,4,1.380217848,2,3.978462676,2.460094901,"790,000.00"
22.59,1,0,4.731446487,5.842113383,5.025225136,3.189759435,0,0,3.053364406,0,3.525063347,0,5.736706006,4.444261549,"675,000.00"
10.57,11,2,0.574608738,9.365425049,0.380556553,0.053768922,31,3,0.253841443,24,0.139402968,4,0.500748682,1.59651451,"1,666,666.67"
20.6,2,0,2.980391516,6.381005066,4.599591077,1.798092586,6,1,1.152219705,5,1.7676894,1,5.034060992,3.319801389,"665,000.00"
12.05,12,0,2.665279975,11.82000181,1.565890489,0.622711857,18,1,0.624649718,16,0.901434846,3,1.62108223,2.347759475,"3,800,000.00"
18.53,3,1,1.382323394,7.828666399,4.094241806,1.152335673,10,2,0.353464627,6,1.290549374,3,4.033657597,2.347041609,"1,150,000.00"
18.53,3,1,1.382323394,7.828666399,4.094241806,1.152335673,10,2,0.353464627,6,1.290549374,3,4.033657597,2.347041609,"1,100,000.00"
18.85,3,0,2.75753304,6.672114016,5.148238391,0.144675834,8,2,0.49262073,12,0.048597652,2,4.401620213,1.4674653,"775,000.00"
18.24,7,1,1.69334318,10.54310551,1.078809575,0.218695862,19,0,0.453898186,8,1.809938883,1,2.776252941,4.64973165,"1,805,555.56"
9.16,19,1,0.668115654,7.480199518,0.647482412,0.047406525,38,5,0.229319769,17,1.221395666,4,1.224741756,1.856131844,"4,200,000.00"
21.21,3,0,4.001993712,5.27731528,5.682614182,1.481078738,5,0,1.358658138,7,1.820113651,1,5.62599196,3.178849578,"910,000.00"
17.41,5,1,1.151801319,10.26685355,1.765059933,0.156907115,19,1,0.240320231,7,1.560481911,1,3.102509131,3.727252772,"1,450,000.00"
18.53,3,1,1.382323394,7.828666399,4.094241806,1.152335673,10,2,0.353464627,6,1.290549374,3,4.033657597,2.347041609,"1,080,000.00"
15.34,5,0,2.696064051,6.132844101,0.105448493,0.204660942,10,1,0.52902818,12,0.218559789,3,2.499860496,2.543675581,"1,550,000.00"
11.35,4,0,3.232578915,6.632045539,4.07247222,0.046516086,15,2,0.275528356,11,1.185148304,2,2.127812617,1.818298797,"1,850,000.00"
18.85,3,0,2.75753304,6.672114016,5.148238391,0.144675834,8,2,0.49262073,12,0.048597652,2,4.401620213,1.4674653,"775,000.00"
13.87,2,3,1.447933444,2.717124559,7.211964683,2.102517685,0,1,1.010168346,1,1.065715706,2,4.640681644,3.135436539,"2,000,000.00"
18.53,3,1,1.382323394,7.828666399,4.094241806,1.152335673,10,2,0.353464627,6,1.290549374,3,4.033657597,2.347041609,"1,100,000.00"
28.22,1,2,1.15380493,7.821840894,2.501871417,2.54157815,0,0,0.260538796,1,3.935168025,0,7.1656613,5.458152126,"460,000.00"
18.85,3,0,2.75753304,6.672114016,5.148238391,0.144675834,8,2,0.49262073,12,0.048597652,2,4.401620213,1.4674653,"800,000.00"
18.85,3,0,2.75753304,6.672114016,5.148238391,0.144675834,8,2,0.49262073,12,0.048597652,2,4.401620213,1.4674653,"950,000.00"
11.35,4,0,3.232578915,6.632045539,4.07247222,0.046516086,15,2,0.275528356,11,1.185148304,2,2.127812617,1.818298797,"2,100,000.00"
22.59,1,0,4.731446487,5.842113383,5.025225136,3.189759435,0,0,3.053364406,0,3.525063347,0,5.736706006,4.444261549,"700,000.00"
14.19,1,0,4.333994379,4.620078445,3.239812649,0.047187666,14,1,0.207307327,9,1.832361316,1,2.853306008,2.55936892,"2,100,000.00"
18.53,3,1,1.382323394,7.828666399,4.094241806,1.152335673,10,2,0.353464627,6,1.290549374,3,4.033657597,2.347041609,"625,000.00"
14.19,1,0,4.333994379,4.620078445,3.239812649,0.047187666,14,1,0.207307327,9,1.832361316,1,2.853306008,2.55936892,"2,100,000.00"
16.39,1,0,3.876604793,1.871289347,3.876447241,0.024556017,1,0,1.187704419,5,0.074058786,1,3.340681566,4.15652795,"850,000.00"
18.85,3,0,2.75753304,6.672114016,5.148238391,0.144675834,8,2,0.49262073,12,0.048597652,2,4.401620213,1.4674653,"989,474.00"
21.21,3,0,4.001993712,5.27731528,5.682614182,1.481078738,5,0,1.358658138,7,1.820113651,1,5.62599196,3.178849578,"895,000.00"
10.96,9,1,1.555973958,11.53988387,0.42972373,0.126142707,18,1,0.460378059,12,0.545357036,3,0.891115717,1.452211198,"2,850,000.00"
14.19,1,0,4.333994379,4.620078445,3.239812649,0.047187666,14,1,0.207307327,9,1.832361316,1,2.853306008,2.55936892,"2,100,000.00"
20.6,2,0,2.980391516,6.381005066,4.599591077,1.798092586,6,1,1.152219705,5,1.7676894,1,5.034060992,3.319801389,"833,333.33"
17.26,6,0,3.092683935,3.716698378,0.089601941,0.104367405,10,1,0.685837638,5,0.917733437,2,2.121535646,2.422564633,"2,590,000.00"
21.21,3,0,4.001993712,5.27731528,5.682614182,1.481078738,5,0,1.358658138,7,1.820113651,1,5.62599196,3.178849578,"900,000.00"
8.43,25,5,0.68379499,8.270892022,1.393859989,0.06226201,43,10,0.220060054,23,0.776471572,5,0.656539523,1.209048532,"5,263,157.89"
16.09,3,0,3.208475819,1.913461191,4.504202007,0.650961654,6,0,0.789134066,7,0.681933388,1,3.638046775,4.035968273,"1,500,000.00"
21.21,3,0,4.001993712,5.27731528,5.682614182,1.481078738,5,0,1.358658138,7,1.820113651,1,5.62599196,3.178849578,"957,895.00"
10.57,11,2,0.574608738,9.365425049,0.380556553,0.053768922,31,3,0.253841443,24,0.139402968,4,0.500748682,1.59651451,"5,200,000.00"
14.19,1,0,4.333994379,4.620078445,3.239812649,0.047187666,14,1,0.207307327,9,1.832361316,1,2.853306008,2.55936892,"2,100,000.00"
22.59,1,0,4.731446487,5.842113383,5.025225136,3.189759435,0,0,3.053364406,0,3.525063347,0,5.736706006,4.444261549,"700,000.00"
21.21,3,0,4.001993712,5.27731528,5.682614182,1.481078738,5,0,1.358658138,7,1.820113651,1,5.62599196,3.178849578,"973,684.00"
6.54,34,5,0.725332998,4.402258748,0.777008918,0.041972278,29,16,0.398012992,16,0.373267956,6,0.722986475,0.585683793,"8,600,000.00"
10.57,11,2,0.574608738,9.365425049,0.380556553,0.053768922,31,3,0.253841443,24,0.139402968,4,0.500748682,1.59651451,"1,666,666.67"
18.85,3,0,2.75753304,6.672114016,5.148238391,0.144675834,8,2,0.49262073,12,0.048597652,2,4.401620213,1.4674653,"989,474.00"
28.22,1,2,1.15380493,7.821840894,2.501871417,2.54157815,0,0,0.260538796,1,3.935168025,0,7.1656613,5.458152126,"1,010,000.00"
18.53,3,1,1.382323394,7.828666399,4.094241806,1.152335673,10,2,0.353464627,6,1.290549374,3,4.033657597,2.347041609,"800,000.00"
19.59,1,0,4.65088748,1.626447486,3.488327488,0.0702284,6,0,0.225418134,4,0.132466919,1,3.752484608,4.569323338,"800,000.00"
18.85,3,0,2.75753304,6.672114016,5.148238391,0.144675834,8,2,0.49262073,12,0.048597652,2,4.401620213,1.4674653,"750,000.00"
13.53,2,1,0.713835504,8.09724348,0.918343168,0.51923542,23,1,0.470427639,14,1.383128015,3,2.56727733,2.46475222,"4,000,000.00"
18.53,3,1,1.382323394,7.828666399,4.094241806,1.152335673,10,2,0.353464627,6,1.290549374,3,4.033657597,2.347041609,"740,000.00"
18.85,3,0,2.75753304,6.672114016,5.148238391,0.144675834,8,2,0.49262073,12,0.048597652,2,4.401620213,1.4674653,"665,000.00"
13.07,3,1,0.863181347,9.317309022,1.958732342,0.893361754,19,1,0.19376073,17,0.046474146,2,2.271181203,2.501293913,"2,350,000.00"
28.22,1,2,1.15380493,7.821840894,2.501871417,2.54157815,0,0,0.260538796,1,3.935168025,0,7.1656613,5.458152126,"625,000.00"
21.21,3,0,4.001993712,5.27731528,5.682614182,1.481078738,5,0,1.358658138,7,1.820113651,1,5.62599196,3.178849578,"874,494.00"
18.85,3,0,2.75753304,6.672114016,5.148238391,0.144675834,8,2,0.49262073,12,0.048597652,2,4.401620213,1.4674653,"931,579.00"
18.53,3,1,1.382323394,7.828666399,4.094241806,1.152335673,10,2,0.353464627,6,1.290549374,3,4.033657597,2.347041609,"1,150,000.00"
18.53,3,1,1.382323394,7.828666399,4.094241806,1.152335673,10,2,0.353464627,6,1.290549374,3,4.033657597,2.347041609,"1,150,000.00"
21.21,3,0,4.001993712,5.27731528,5.682614182,1.481078738,5,0,1.358658138,7,1.820113651,1,5.62599196,3.178849578,"950,000.00"
18.53,3,1,1.382323394,7.828666399,4.094241806,1.152335673,10,2,0.353464627,6,1.290549374,3,4.033657597,2.347041609,"800,000.00"
18.53,3,1,1.382323394,7.828666399,4.094241806,1.152335673,10,2,0.353464627,6,1.290549374,3,4.033657597,2.347041609,"790,000.00"
18.85,3,0,2.75753304,6.672114016,5.148238391,0.144675834,8,2,0.49262073,12,0.048597652,2,4.401620213,1.4674653,"31,428.57"
17.41,5,1,1.151801319,10.26685355,1.765059933,0.156907115,19,1,0.240320231,7,1.560481911,1,3.102509131,3.727252772,"1,450,000.00"
21.21,3,0,4.001993712,5.27731528,5.682614182,1.481078738,5,0,1.358658138,7,1.820113651,1,5.62599196,3.178849578,"1,010,526.00"
17.41,5,1,1.151801319,10.26685355,1.765059933,0.156907115,19,1,0.240320231,7,1.560481911,1,3.102509131,3.727252772,"1,450,000.00"
17.41,5,1,1.151801319,10.26685355,1.765059933,0.156907115,19,1,0.240320231,7,1.560481911,1,3.102509131,3.727252772,"1,450,000.00"
15.34,5,0,2.696064051,6.132844101,0.105448493,0.204660942,10,1,0.52902818,12,0.218559789,3,2.499860496,2.543675581,"1,600,000.00"
21.21,3,0,4.001993712,5.27731528,5.682614182,1.481078738,5,0,1.358658138,7,1.820113651,1,5.62599196,3.178849578,"931,579.00"
18.85,3,0,2.75753304,6.672114016,5.148238391,0.144675834,8,2,0.49262073,12,0.048597652,2,4.401620213,1.4674653,"973,684.00"
22.59,1,0,4.731446487,5.842113383,5.025225136,3.189759435,0,0,3.053364406,0,3.525063347,0,5.736706006,4.444261549,"725,000.00"
22.59,1,0,4.731446487,5.842113383,5.025225136,3.189759435,0,0,3.053364406,0,3.525063347,0,5.736706006,4.444261549,"675,000.00"
15.79,2,1,1.603867054,9.009921464,3.884337052,1.648866988,2,1,0.584346209,6,1.689496882,1,3.966453683,2.378807238,"2,540,983.61"
11.16,13,0,2.106095585,8.393725938,1.168514876,0.161932175,29,0,0.057423149,19,1.289514894,4,1.203313326,2.598587684,"1,600,000.00"
22.59,1,0,4.731446487,5.842113383,5.025225136,3.189759435,0,0,3.053364406,0,3.525063347,0,5.736706006,4.444261549,"700,000.00"
15.34,5,0,2.696064051,6.132844101,0.105448493,0.204660942,10,1,0.52902818,12,0.218559789,3,2.499860496,2.543675581,"1,750,000.00"
14.19,1,0,4.333994379,4.620078445,3.239812649,0.047187666,14,1,0.207307327,9,1.832361316,1,2.853306008,2.55936892,"2,100,000.00"
10.57,11,2,0.574608738,9.365425049,0.380556553,0.053768922,31,3,0.253841443,24,0.139402968,4,0.500748682,1.59651451,"1,666,666.67"
21.21,3,0,4.001993712,5.27731528,5.682614182,1.481078738,5,0,1.358658138,7,1.820113651,1,5.62599196,3.178849578,"1,000,000.00"
19.59,1,0,4.65088748,1.626447486,3.488327488,0.0702284,6,0,0.225418134,4,0.132466919,1,3.752484608,4.569323338,"800,000.00"
19.59,1,0,4.65088748,1.626447486,3.488327488,0.0702284,6,0,0.225418134,4,0.132466919,1,3.752484608,4.569323338,"800,000.00"
11.35,4,0,3.232578915,6.632045539,4.07247222,0.046516086,15,2,0.275528356,11,1.185148304,2,2.127812617,1.818298797,"2,100,000.00"
14.94,4,3,1.325521262,3.332054051,6.321523914,0.125554587,9,0,0.297162444,10,0.3277186,2,3.835218788,3.420543751,"2,615,384.62"
21.21,3,0,4.001993712,5.27731528,5.682614182,1.481078738,5,0,1.358658138,7,1.820113651,1,5.62599196,3.178849578,"970,000.00"
21.21,3,0,4.001993712,5.27731528,5.682614182,1.481078738,5,0,1.358658138,7,1.820113651,1,5.62599196,3.178849578,"925,000.00"
18.85,3,0,2.75753304,6.672114016,5.148238391,0.144675834,8,2,0.49262073,12,0.048597652,2,4.401620213,1.4674653,"900,000.00"
7.92,3,0,3.124377401,2.473593474,1.881367813,0.073330831,7,2,0.664387274,5,0.241113358,1,2.564621846,1.759637339,"750,000.00"
17.26,6,0,3.092683935,3.716698378,0.089601941,0.104367405,10,1,0.685837638,5,0.917733437,2,2.121535646,2.422564633,"1,600,000.00"
19.59,1,0,4.65088748,1.626447486,3.488327488,0.0702284,6,0,0.225418134,4,0.132466919,1,3.752484608,4.569323338,"800,000.00"
21.5,0,0,5.374796464,4.330842323,8.553697374,0.085015366,1,0,0.078489009,1,0.196379228,1,7.263013641,7.777173725,"500,000.00"
22.59,1,0,4.731446487,5.842113383,5.025225136,3.189759435,0,0,3.053364406,0,3.525063347,0,5.736706006,4.444261549,"950,000.00"
14.19,1,0,4.333994379,4.620078445,3.239812649,0.047187666,14,1,0.207307327,9,1.832361316,1,2.853306008,2.55936892,"2,100,000.00"
22.39,2,0,5.350999564,4.118825144,6.739824789,1.821689416,2,0,1.602959146,2,2.940111393,0,6.361590457,3.594877933,"851,785.71"
21.21,3,0,4.001993712,5.27731528,5.682614182,1.481078738,5,0,1.358658138,7,1.820113651,1,5.62599196,3.178849578,"885,000.00"
42.89,2,0,17.30386792,25.98399192,0.638579249,0.092605017,7,3,1.670624688,2,3.822489362,0,20.27564198,8.252888495,"430,000.00"
22.59,1,0,4.731446487,5.842113383,5.025225136,3.189759435,0,0,3.053364406,0,3.525063347,0,5.736706006,4.444261549,"825,000.00"
18.85,3,0,2.75753304,6.672114016,5.148238391,0.144675834,8,2,0.49262073,12,0.048597652,2,4.401620213,1.4674653,"775,000.00"
18.85,3,0,2.75753304,6.672114016,5.148238391,0.144675834,8,2,0.49262073,12,0.048597652,2,4.401620213,1.4674653,"965,000.00"
19.59,1,0,4.65088748,1.626447486,3.488327488,0.0702284,6,0,0.225418134,4,0.132466919,1,3.752484608,4.569323338,"800,000.00"
18.85,3,0,2.75753304,6.672114016,5.148238391,0.144675834,8,2,0.49262073,12,0.048597652,2,4.401620213,1.4674653,"400,000.00"
10.96,9,1,1.555973958,11.53988387,0.42972373,0.126142707,18,1,0.460378059,12,0.545357036,3,0.891115717,1.452211198,"7,000,000.00"
13.29,5,1,0.764890663,7.977447158,0.655039484,0.200566162,21,1,0.215235621,15,1.484056738,3,2.429966664,2.547560295,"4,000,000.00"
18.85,3,0,2.75753304,6.672114016,5.148238391,0.144675834,8,2,0.49262073,12,0.048597652,2,4.401620213,1.4674653,"900,000.00"
14.62,5,0,2.03038786,6.779820325,0.424261,0.055236581,17,1,0.101209935,12,0.507040421,2,2.524685285,2.535162095,"2,000,000.00"
22.39,2,0,5.350999564,4.118825144,6.739824789,1.821689416,2,0,1.602959146,2,2.940111393,0,6.361590457,3.594877933,"950,000.00"
18.85,3,0,2.75753304,6.672114016,5.148238391,0.144675834,8,2,0.49262073,12,0.048597652,2,4.401620213,1.4674653,"918,750.00"
11.35,4,0,3.232578915,6.632045539,4.07247222,0.046516086,15,2,0.275528356,11,1.185148304,2,2.127812617,1.818298797,"2,500,000.00"
11.35,4,0,3.232578915,6.632045539,4.07247222,0.046516086,15,2,0.275528356,11,1.185148304,2,2.127812617,1.818298797,"2,500,000.00"
22.39,2,0,5.350999564,4.118825144,6.739824789,1.821689416,2,0,1.602959146,2,2.940111393,0,6.361590457,3.594877933,"873,437.50"
15.49,1,0,2.203837256,8.500631712,3.152572201,1.04889687,8,1,0.199508455,8,1.543119541,1,3.744775136,2.447445703,"2,200,000.00"
11.35,4,0,3.232578915,6.632045539,4.07247222,0.046516086,15,2,0.275528356,11,1.185148304,2,2.127812617,1.818298797,"2,500,000.00"
22.39,2,0,5.350999564,4.118825144,6.739824789,1.821689416,2,0,1.602959146,2,2.940111393,0,6.361590457,3.594877933,"939,941.86"
21.21,3,0,4.001993712,5.27731528,5.682614182,1.481078738,5,0,1.358658138,7,1.820113651,1,5.62599196,3.178849578,"952,632.00"
19.59,1,0,4.65088748,1.626447486,3.488327488,0.0702284,6,0,0.225418134,4,0.132466919,1,3.752484608,4.569323338,"800,000.00"
25.91,2,2,0.770564739,5.442128017,2.425299821,2.68514114,0,0,2.119728706,0,2.78061435,0,5.68174556,4.911417308,"600,000.00"
31.51,1,1,1.381423128,12.16728407,0.149133019,0.047108561,5,1,0.395558833,1,6.762905565,0,9.361162257,6.139936373,"250,000.00"
22.39,2,0,5.350999564,4.118825144,6.739824789,1.821689416,2,0,1.602959146,2,2.940111393,0,6.361590457,3.594877933,"895,000.00"
17.66,2,0,2.766675534,1.341754436,9.982145833,0.351838973,8,1,0.22296895,5,0.044349224,1,6.270127131,4.493856946,"430,000.00"
18.85,3,0,2.75753304,6.672114016,5.148238391,0.144675834,8,2,0.49262073,12,0.048597652,2,4.401620213,1.4674653,"665,000.00"
18.99,5,1,1.866050156,1.810057975,0.314617717,0.069482791,9,1,0.265588994,5,0.215824615,5,2.560275109,1.767980392,"1,350,000.00"
21.21,3,0,4.001993712,5.27731528,5.682614182,1.481078738,5,0,1.358658138,7,1.820113651,1,5.62599196,3.178849578,"950,000.00"
17.66,2,0,2.766675534,1.341754436,9.982145833,0.351838973,8,1,0.22296895,5,0.044349224,1,6.270127131,4.493856946,"430,000.00"
17.26,6,0,3.092683935,3.716698378,0.089601941,0.104367405,10,1,0.685837638,5,0.917733437,2,2.121535646,2.422564633,"875,000.00"
10.64,6,0,2.246210381,8.09204828,1.80277564,0.069620362,22,0,0.265138276,16,0.346100643,2,1.203411373,2.706880853,"3,000,000.00"
21.21,3,0,4.001993712,5.27731528,5.682614182,1.481078738,5,0,1.358658138,7,1.820113651,1,5.62599196,3.178849578,"955,000.00"
11.35,4,0,3.232578915,6.632045539,4.07247222,0.046516086,15,2,0.275528356,11,1.185148304,2,2.127812617,1.818298797,"3,000,000.00"
18.99,5,1,1.866050156,1.810057975,0.314617717,0.069482791,9,1,0.265588994,5,0.215824615,5,2.560275109,1.767980392,"1,500,000.00"
14.62,5,0,2.03038786,6.779820325,0.424261,0.055236581,17,1,0.101209935,12,0.507040421,2,2.524685285,2.535162095,"1,650,000.00"
11.35,4,0,3.232578915,6.632045539,4.07247222,0.046516086,15,2,0.275528356,11,1.185148304,2,2.127812617,1.818298797,"2,100,000.00"
18.85,3,0,2.75753304,6.672114016,5.148238391,0.144675834,8,2,0.49262073,12,0.048597652,2,4.401620213,1.4674653,"915,000.00"
21.21,3,0,4.001993712,5.27731528,5.682614182,1.481078738,5,0,1.358658138,7,1.820113651,1,5.62599196,3.178849578,"910,000.00"
4.22,22,2,1.467277947,5.676326993,0.379336786,0.083896065,46,9,0.234180842,17,0.836102939,4,0.648388584,1.199440728,"18,500,000.00"
24.82,1,0,5.090707489,0.409507119,6.811585774,0.031648336,2,1,3.055274365,0,5.118456884,0,7.133131449,4.812728716,"850,000.00"
13.98,1,1,1.440497502,8.830429042,2.212403368,0.071858443,10,2,0.100746527,11,0.886448814,1,2.748057643,2.54970663,"1,600,000.00"
14.25,3,3,0.833818104,3.171885348,7.325142495,1.087700729,9,1,1.126143462,8,0.799673076,2,4.205907129,3.303200657,"1,350,000.00"
11.35,4,0,3.232578915,6.632045539,4.07247222,0.046516086,15,2,0.275528356,11,1.185148304,2,2.127812617,1.818298797,"3,000,000.00"
7.47,17,4,1.087295775,5.384151821,0.890410619,0.586071568,30,11,0.440548846,15,0.831388942,3,0.85680006,0.690853659,"12,500,000.00"
11.35,4,0,3.232578915,6.632045539,4.07247222,0.046516086,15,2,0.275528356,11,1.185148304,2,2.127812617,1.818298797,"3,000,000.00"
24.82,1,0,5.090707489,0.409507119,6.811585774,0.031648336,2,1,3.055274365,0,5.118456884,0,7.133131449,4.812728716,"390,000.00"
22.44,3,0,5.203382155,3.267675424,7.04024369,1.699276938,3,0,1.23338234,2,3.163384959,0,6.340291304,3.4684978,"600,000.00"
14.19,1,0,4.333994379,4.620078445,3.239812649,0.047187666,14,1,0.207307327,9,1.832361316,1,2.853306008,2.55936892,"2,600,000.00"
17.41,5,1,1.151801319,10.26685355,1.765059933,0.156907115,19,1,0.240320231,7,1.560481911,1,3.102509131,3.727252772,"1,600,000.00"
10.57,11,2,0.574608738,9.365425049,0.380556553,0.053768922,31,3,0.253841443,24,0.139402968,4,0.500748682,1.59651451,"3,600,000.00"
18.85,3,0,2.75753304,6.672114016,5.148238391,0.144675834,8,2,0.49262073,12,0.048597652,2,4.401620213,1.4674653,"900,000.00"
15.34,5,0,2.696064051,6.132844101,0.105448493,0.204660942,10,1,0.52902818,12,0.218559789,3,2.499860496,2.543675581,"1,850,000.00"
11.35,4,0,3.232578915,6.632045539,4.07247222,0.046516086,15,2,0.275528356,11,1.185148304,2,2.127812617,1.818298797,"1,500,000.00"
24.82,1,0,5.090707489,0.409507119,6.811585774,0.031648336,2,1,3.055274365,0,5.118456884,0,7.133131449,4.812728716,"430,769.23"
13.98,1,1,1.440497502,8.830429042,2.212403368,0.071858443,10,2,0.100746527,11,0.886448814,1,2.748057643,2.54970663,"1,550,000.00"
4.99,12,1,0.8848138,2.480178372,3.583352939,0.912486105,10,1,0.196485318,6,0.762192533,1,2.540557925,3.136174609,"3,800,000.00"
18.99,5,1,1.866050156,1.810057975,0.314617717,0.069482791,9,1,0.265588994,5,0.215824615,5,2.560275109,1.767980392,"812,500.00"
22.59,1,0,4.731446487,5.842113383,5.025225136,3.189759435,0,0,3.053364406,0,3.525063347,0,5.736706006,4.444261549,"660,000.00"
34.52,1,0,10.86360423,17.54383842,0.032153225,0.022707491,1,0,6.08034501,0,6.910724352,0,14.5292775,10.27685828,"200,000.00"
11.35,4,0,3.232578915,6.632045539,4.07247222,0.046516086,15,2,0.275528356,11,1.185148304,2,2.127812617,1.818298797,"2,250,000.00"
17.66,2,0,2.766675534,1.341754436,9.982145833,0.351838973,8,1,0.22296895,5,0.044349224,1,6.270127131,4.493856946,"430,000.00"
10.96,9,1,1.555973958,11.53988387,0.42972373,0.126142707,18,1,0.460378059,12,0.545357036,3,0.891115717,1.452211198,"3,850,000.00"
13.98,1,1,1.440497502,8.830429042,2.212403368,0.071858443,10,2,0.100746527,11,0.886448814,1,2.748057643,2.54970663,"1,687,500.00"
17.05,1,0,3.288533063,7.422553915,3.42874365,0.209031029,5,2,0.224225553,7,0.102080252,2,4.183153917,1.893212984,"1,400,000.00"
23.35,1,0,5.231325435,7.240532484,3.612711021,2.440272677,0,0,4.342252902,0,3.836537102,0,5.975094036,5.76504541,"550,000.00"
22.39,2,0,5.350999564,4.118825144,6.739824789,1.821689416,2,0,1.602959146,2,2.940111393,0,6.361590457,3.594877933,"600,000.00"
17.26,6,0,3.092683935,3.716698378,0.089601941,0.104367405,10,1,0.685837638,5,0.917733437,2,2.121535646,2.422564633,"1,725,000.00"
7.57,26,6,0.194328801,7.759564862,1.511477789,0.344641591,43,10,0.118453506,18,0.085681338,5,0.241442313,1.261456637,"13,000,000.00"
18.99,5,1,1.866050156,1.810057975,0.314617717,0.069482791,9,1,0.265588994,5,0.215824615,5,2.560275109,1.767980392,"1,300,000.00"
10.96,9,1,1.555973958,11.53988387,0.42972373,0.126142707,18,1,0.460378059,12,0.545357036,3,0.891115717,1.452211198,"6,000,000.00"
24.82,1,0,5.090707489,0.409507119,6.811585774,0.031648336,2,1,3.055274365,0,5.118456884,0,7.133131449,4.812728716,"923,076.92"
21.21,3,0,4.001993712,5.27731528,5.682614182,1.481078738,5,0,1.358658138,7,1.820113651,1,5.62599196,3.178849578,"885,820.90"
14.94,4,3,1.325521262,3.332054051,6.321523914,0.125554587,9,0,0.297162444,10,0.3277186,2,3.835218788,3.420543751,"2,500,000.00"
24.82,1,0,5.090707489,0.409507119,6.811585774,0.031648336,2,1,3.055274365,0,5.118456884,0,7.133131449,4.812728716,"750,000.00"
18.78,6,1,1.580041495,2.497388187,1.230063166,0.627845532,9,2,0.664091802,4,0.666649956,5,2.408963857,1.940967057,"1,500,000.00"
24.28,1,0,6.198448675,2.491812444,8.12080794,2.695934698,0,1,3.019459601,0,4.98568683,0,7.854798451,4.501430203,"350,000.00"
24.82,1,0,5.090707489,0.409507119,6.811585774,0.031648336,2,1,3.055274365,0,5.118456884,0,7.133131449,4.812728716,"520,000.00"
9.16,19,1,0.668115654,7.480199518,0.647482412,0.047406525,38,5,0.229319769,17,1.221395666,4,1.224741756,1.856131844,"3,800,000.00"
10.57,11,2,0.574608738,9.365425049,0.380556553,0.053768922,31,3,0.253841443,24,0.139402968,4,0.500748682,1.59651451,"3,500,000.00"
21.21,3,0,4.001993712,5.27731528,5.682614182,1.481078738,5,0,1.358658138,7,1.820113651,1,5.62599196,3.178849578,"885,000.00"
18.85,3,0,2.75753304,6.672114016,5.148238391,0.144675834,8,2,0.49262073,12,0.048597652,2,4.401620213,1.4674653,"860,000.00"
10.64,6,0,2.246210381,8.09204828,1.80277564,0.069620362,22,0,0.265138276,16,0.346100643,2,1.203411373,2.706880853,"2,400,000.00"
12.9,2,0,2.352940629,3.590158666,6.306950893,1.413473849,2,2,0.507829617,3,1.181593513,2,4.365703146,2.469001486,"1,050,000.00"
10.96,9,1,1.555973958,11.53988387,0.42972373,0.126142707,18,1,0.460378059,12,0.545357036,3,0.891115717,1.452211198,"5,000,000.00"
10.96,9,1,1.555973958,11.53988387,0.42972373,0.126142707,18,1,0.460378059,12,0.545357036,3,0.891115717,1.452211198,"7,000,000.00"
15.34,5,0,2.696064051,6.132844101,0.105448493,0.204660942,10,1,0.52902818,12,0.218559789,3,2.499860496,2.543675581,"2,425,000.00"
9.16,19,1,0.668115654,7.480199518,0.647482412,0.047406525,38,5,0.229319769,17,1.221395666,4,1.224741756,1.856131844,"6,100,000.00"
14.19,1,0,4.333994379,4.620078445,3.239812649,0.047187666,14,1,0.207307327,9,1.832361316,1,2.853306008,2.55936892,"1,375,000.00"
17.26,6,0,3.092683935,3.716698378,0.089601941,0.104367405,10,1,0.685837638,5,0.917733437,2,2.121535646,2.422564633,"1,174,933.33"
14.19,1,0,4.333994379,4.620078445,3.239812649,0.047187666,14,1,0.207307327,9,1.832361316,1,2.853306008,2.55936892,"2,100,000.00"
7.57,26,6,0.194328801,7.759564862,1.511477789,0.344641591,43,10,0.118453506,18,0.085681338,5,0.241442313,1.261456637,"12,500,000.00"
22.39,2,0,5.350999564,4.118825144,6.739824789,1.821689416,2,0,1.602959146,2,2.940111393,0,6.361590457,3.594877933,"950,000.00"
14.94,4,3,1.325521262,3.332054051,6.321523914,0.125554587,9,0,0.297162444,10,0.3277186,2,3.835218788,3.420543751,"1,400,000.00"
8.43,25,5,0.68379499,8.270892022,1.393859989,0.06226201,43,10,0.220060054,23,0.776471572,5,0.656539523,1.209048532,"5,000,000.00"
11.88,9,2,1.412228981,9.949975211,1.714054755,1.241304091,21,3,0.603966541,23,1.196047358,5,1.353496396,2.372959813,"2,150,000.00"
18.99,5,1,1.866050156,1.810057975,0.314617717,0.069482791,9,1,0.265588994,5,0.215824615,5,2.560275109,1.767980392,"1,650,000.00"
7.47,17,4,1.087295775,5.384151821,0.890410619,0.586071568,30,11,0.440548846,15,0.831388942,3,0.85680006,0.690853659,"12,500,000.00"
18.99,5,1,1.866050156,1.810057975,0.314617717,0.069482791,9,1,0.265588994,5,0.215824615,5,2.560275109,1.767980392,"775,000.00"
10.3,15,2,1.59352339,8.252641545,1.126814689,0.547694489,25,2,0.435381787,18,0.978440306,3,1.083609135,2.184000564,"2,500,000.00"
15.34,5,0,2.696064051,6.132844101,0.105448493,0.204660942,10,1,0.52902818,12,0.218559789,3,2.499860496,2.543675581,"1,925,000.00"
10.56,10,2,0.1918214,9.666038251,0.888089233,0.089743676,25,3,0.100129552,24,0.129686103,4,0.634317711,1.338208605,"2,850,000.00"
8.43,25,5,0.68379499,8.270892022,1.393859989,0.06226201,43,10,0.220060054,23,0.776471572,5,0.656539523,1.209048532,"6,000,000.00"
10.57,11,2,0.574608738,9.365425049,0.380556553,0.053768922,31,3,0.253841443,24,0.139402968,4,0.500748682,1.59651451,"5,500,000.00"
9.61,2,0,4.418797371,3.481613553,2.679374305,1.038703539,5,1,1.06259087,5,1.092881018,2,3.833930644,2.189414859,"3,500,000.00"
11.35,4,0,3.232578915,6.632045539,4.07247222,0.046516086,15,2,0.275528356,11,1.185148304,2,2.127812617,1.818298797,"3,000,000.00"
17.26,6,0,3.092683935,3.716698378,0.089601941,0.104367405,10,1,0.685837638,5,0.917733437,2,2.121535646,2.422564633,"1,000,000.00"
18.85,3,0,2.75753304,6.672114016,5.148238391,0.144675834,8,2,0.49262073,12,0.048597652,2,4.401620213,1.4674653,"875,000.00"
15.34,5,0,2.696064051,6.132844101,0.105448493,0.204660942,10,1,0.52902818,12,0.218559789,3,2.499860496,2.543675581,"5,000,000.00"
9.16,19,1,0.668115654,7.480199518,0.647482412,0.047406525,38,5,0.229319769,17,1.221395666,4,1.224741756,1.856131844,"4,800,000.00"
18.99,5,1,1.866050156,1.810057975,0.314617717,0.069482791,9,1,0.265588994,5,0.215824615,5,2.560275109,1.767980392,"1,090,000.00"
24.82,1,0,5.090707489,0.409507119,6.811585774,0.031648336,2,1,3.055274365,0,5.118456884,0,7.133131449,4.812728716,"495,000.00"
23.52,1,0,4.517601805,5.391227259,2.05266268,1.79869111,1,1,1.44591556,3,1.743481817,1,4.84824702,4.589242247,"280,000.00"
20.21,1,0,4.452395666,3.231228684,9.461703594,1.564251976,1,0,1.45545367,1,1.669502034,1,6.882095043,6.69515565,"425,000.00"
11.35,7,1,1.971773063,11.56867984,1.096494127,0.154172884,22,2,0.117693578,19,0.795540468,2,1.183824963,1.758799685,"4,166,666.67"
18.85,3,0,2.75753304,6.672114016,5.148238391,0.144675834,8,2,0.49262073,12,0.048597652,2,4.401620213,1.4674653,"600,000.00"
16.39,1,0,3.876604793,1.871289347,3.876447241,0.024556017,1,0,1.187704419,5,0.074058786,1,3.340681566,4.15652795,"2,000,000.00"
18.85,3,0,2.75753304,6.672114016,5.148238391,0.144675834,8,2,0.49262073,12,0.048597652,2,4.401620213,1.4674653,"600,000.00"
7.92,3,0,3.124377401,2.473593474,1.881367813,0.073330831,7,2,0.664387274,5,0.241113358,1,2.564621846,1.759637339,"920,000.00"
11.77,4,0,2.074936334,11.38133063,1.883167861,0.106973392,18,2,0.182098855,21,1.505002665,4,1.776388177,2.22687177,"2,500,000.00"
18.85,3,0,2.75753304,6.672114016,5.148238391,0.144675834,8,2,0.49262073,12,0.048597652,2,4.401620213,1.4674653,"1,100,000.00"
17.26,6,0,3.092683935,3.716698378,0.089601941,0.104367405,10,1,0.685837638,5,0.917733437,2,2.121535646,2.422564633,"1,790,000.00"
23.79,1,0,3.495002423,3.317077568,3.931243406,2.171289137,0,0,0.536616073,2,2.688005657,0,5.500983246,4.276389115,"390,000.00"
23.79,1,0,3.495002423,3.317077568,3.931243406,2.171289137,0,0,0.536616073,2,2.688005657,0,5.500983246,4.276389115,"390,000.00"
7.57,26,6,0.194328801,7.759564862,1.511477789,0.344641591,43,10,0.118453506,18,0.085681338,5,0.241442313,1.261456637,"14,000,000.00"
18.85,3,0,2.75753304,6.672114016,5.148238391,0.144675834,8,2,0.49262073,12,0.048597652,2,4.401620213,1.4674653,"600,000.00"
12.89,7,0,2.847591288,12.64244388,0.528389071,0.028453853,12,2,0.113299872,20,1.052875673,5,1.58575455,3.057863335,"2,700,000.00"
10.64,6,0,2.246210381,8.09204828,1.80277564,0.069620362,22,0,0.265138276,16,0.346100643,2,1.203411373,2.706880853,"3,600,000.00"
17.66,2,0,2.766675534,1.341754436,9.982145833,0.351838973,8,1,0.22296895,5,0.044349224,1,6.270127131,4.493856946,"425,000.00"
22.59,1,0,4.731446487,5.842113383,5.025225136,3.189759435,0,0,3.053364406,0,3.525063347,0,5.736706006,4.444261549,"400,000.00"
12.89,7,0,2.847591288,12.64244388,0.528389071,0.028453853,12,2,0.113299872,20,1.052875673,5,1.58575455,3.057863335,"2,850,000.00"
7.47,17,4,1.087295775,5.384151821,0.890410619,0.586071568,30,11,0.440548846,15,0.831388942,3,0.85680006,0.690853659,"16,000,000.00"
11.35,4,0,3.232578915,6.632045539,4.07247222,0.046516086,15,2,0.275528356,11,1.185148304,2,2.127812617,1.818298797,"1,850,000.00"
16.09,3,0,3.208475819,1.913461191,4.504202007,0.650961654,6,0,0.789134066,7,0.681933388,1,3.638046775,4.035968273,"1,250,000.00"
22.39,2,0,5.350999564,4.118825144,6.739824789,1.821689416,2,0,1.602959146,2,2.940111393,0,6.361590457,3.594877933,"523,809.52"
19.59,1,0,4.65088748,1.626447486,3.488327488,0.0702284,6,0,0.225418134,4,0.132466919,1,3.752484608,4.569323338,"1,550,000.00"
14.94,4,3,1.325521262,3.332054051,6.321523914,0.125554587,9,0,0.297162444,10,0.3277186,2,3.835218788,3.420543751,"2,600,000.00"
14.14,4,0,2.709960494,3.827825191,5.361563944,1.394740848,15,0,0.241100286,10,1.336383484,2,3.58745219,2.674381232,"1,400,000.00"
4.65,45,2,1.31096963,3.666523287,0.237042731,0.319050688,71,14,0.127508492,16,0.527304778,8,0.768026527,0.568819294,"6,500,000.00"
12.89,7,0,2.847591288,12.64244388,0.528389071,0.028453853,12,2,0.113299872,20,1.052875673,5,1.58575455,3.057863335,"2,300,000.00"
20.6,2,0,2.980391516,6.381005066,4.599591077,1.798092586,6,1,1.152219705,5,1.7676894,1,5.034060992,3.319801389,"750,000.00"
34.52,1,0,10.86360423,17.54383842,0.032153225,0.022707491,1,0,6.08034501,0,6.910724352,0,14.5292775,10.27685828,"4,285,714.29"
15.34,5,0,2.696064051,6.132844101,0.105448493,0.204660942,10,1,0.52902818,12,0.218559789,3,2.499860496,2.543675581,"1,350,000.00"
20.21,1,0,4.452395666,3.231228684,9.461703594,1.564251976,1,0,1.45545367,1,1.669502034,1,6.882095043,6.69515565,"414,285.71"
18.85,3,0,2.75753304,6.672114016,5.148238391,0.144675834,8,2,0.49262073,12,0.048597652,2,4.401620213,1.4674653,"975,000.00"
18.99,5,1,1.866050156,1.810057975,0.314617717,0.069482791,9,1,0.265588994,5,0.215824615,5,2.560275109,1.767980392,"1,950,000.00"
42.89,2,0,17.30386792,25.98399192,0.638579249,0.092605017,7,3,1.670624688,2,3.822489362,0,20.27564198,8.252888495,"85,000.00"
21.21,3,0,4.001993712,5.27731528,5.682614182,1.481078738,5,0,1.358658138,7,1.820113651,1,5.62599196,3.178849578,"600,000.00"
14.19,1,0,4.333994379,4.620078445,3.239812649,0.047187666,14,1,0.207307327,9,1.832361316,1,2.853306008,2.55936892,"3,000,000.00"
16.39,1,0,3.876604793,1.871289347,3.876447241,0.024556017,1,0,1.187704419,5,0.074058786,1,3.340681566,4.15652795,"1,950,000.00"
10.57,11,2,0.574608738,9.365425049,0.380556553,0.053768922,31,3,0.253841443,24,0.139402968,4,0.500748682,1.59651451,"5,500,000.00"
17.66,2,0,2.766675534,1.341754436,9.982145833,0.351838973,8,1,0.22296895,5,0.044349224,1,6.270127131,4.493856946,"500,000.00"
14.94,4,3,1.325521262,3.332054051,6.321523914,0.125554587,9,0,0.297162444,10,0.3277186,2,3.835218788,3.420543751,"950,000.00"
24.82,1,0,5.090707489,0.409507119,6.811585774,0.031648336,2,1,3.055274365,0,5.118456884,0,7.133131449,4.812728716,"875,000.00"
18.85,3,0,2.75753304,6.672114016,5.148238391,0.144675834,8,2,0.49262073,12,0.048597652,2,4.401620213,1.4674653,"770,000.00"
22.59,1,0,4.731446487,5.842113383,5.025225136,3.189759435,0,0,3.053364406,0,3.525063347,0,5.736706006,4.444261549,"720,000.00"
16.39,1,0,3.876604793,1.871289347,3.876447241,0.024556017,1,0,1.187704419,5,0.074058786,1,3.340681566,4.15652795,"900,000.00"
16.09,3,0,3.208475819,1.913461191,4.504202007,0.650961654,6,0,0.789134066,7,0.681933388,1,3.638046775,4.035968273,"1,050,000.00"
8.43,25,5,0.68379499,8.270892022,1.393859989,0.06226201,43,10,0.220060054,23,0.776471572,5,0.656539523,1.209048532,"8,333,333.33"
10.56,10,2,0.1918214,9.666038251,0.888089233,0.089743676,25,3,0.100129552,24,0.129686103,4,0.634317711,1.338208605,"4,000,000.00"
14.19,1,0,4.333994379,4.620078445,3.239812649,0.047187666,14,1,0.207307327,9,1.832361316,1,2.853306008,2.55936892,"1,150,000.00"
10.57,11,2,0.574608738,9.365425049,0.380556553,0.053768922,31,3,0.253841443,24,0.139402968,4,0.500748682,1.59651451,"3,600,000.00"
24.82,1,0,5.090707489,0.409507119,6.811585774,0.031648336,2,1,3.055274365,0,5.118456884,0,7.133131449,4.812728716,"415,000.00"
12.81,3,0,2.294267062,3.810259639,6.162879321,1.38023374,3,2,0.186265789,6,0.911429645,2,4.278925666,2.283965239,"746,666.67"
19.59,1,0,4.65088748,1.626447486,3.488327488,0.0702284,6,0,0.225418134,4,0.132466919,1,3.752484608,4.569323338,"1,650,000.00"
11.35,4,0,3.232578915,6.632045539,4.07247222,0.046516086,15,2,0.275528356,11,1.185148304,2,2.127812617,1.818298797,"2,600,000.00"
14.19,1,0,4.333994379,4.620078445,3.239812649,0.047187666,14,1,0.207307327,9,1.832361316,1,2.853306008,2.55936892,"1,800,000.00"
17.05,1,0,3.288533063,7.422553915,3.42874365,0.209031029,5,2,0.224225553,7,0.102080252,2,4.183153917,1.893212984,"825,000.00"
11.35,4,0,3.232578915,6.632045539,4.07247222,0.046516086,15,2,0.275528356,11,1.185148304,2,2.127812617,1.818298797,"2,000,000.00"
15.1,0,0,2.171838598,1.368499213,7.773051525,1.986464842,1,0,1.374958572,3,1.456845436,1,5.86825643,3.69735894,"480,000.00"
19.59,1,0,4.65088748,1.626447486,3.488327488,0.0702284,6,0,0.225418134,4,0.132466919,1,3.752484608,4.569323338,"1,214,285.71"
11.35,4,0,3.232578915,6.632045539,4.07247222,0.046516086,15,2,0.275528356,11,1.185148304,2,2.127812617,1.818298797,"3,500,000.00"
24.82,1,0,5.090707489,0.409507119,6.811585774,0.031648336,2,1,3.055274365,0,5.118456884,0,7.133131449,4.812728716,"410,000.00"
17.05,1,0,3.288533063,7.422553915,3.42874365,0.209031029,5,2,0.224225553,7,0.102080252,2,4.183153917,1.893212984,"850,000.00"
19.59,1,0,4.65088748,1.626447486,3.488327488,0.0702284,6,0,0.225418134,4,0.132466919,1,3.752484608,4.569323338,"800,000.00"
19.59,1,0,4.65088748,1.626447486,3.488327488,0.0702284,6,0,0.225418134,4,0.132466919,1,3.752484608,4.569323338,"585,714.29"
24.82,1,0,5.090707489,0.409507119,6.811585774,0.031648336,2,1,3.055274365,0,5.118456884,0,7.133131449,4.812728716,"410,000.00"
18.85,3,0,2.75753304,6.672114016,5.148238391,0.144675834,8,2,0.49262073,12,0.048597652,2,4.401620213,1.4674653,"690,000.00"
32.72,0,0,5.980388514,15.53202167,1.009932711,1.089855937,1,0,3.205859997,0,3.378773687,0,12.39189835,10.00080272,"400,000.00"
18.85,3,0,2.75753304,6.672114016,5.148238391,0.144675834,8,2,0.49262073,12,0.048597652,2,4.401620213,1.4674653,"395,000.00"
22.61,3,0,3.998696251,2.379564136,0.489734538,0.201421298,7,2,0.014518784,4,0.899794951,1,3.99247885,2.76473027,"400,000.00"
14.29,8,0,2.210242241,12.7198494,0.570907625,0.493071529,12,1,0.450048459,9,0.475998265,3,2.72457472,3.728770782,"1,500,000.00"
14.29,8,0,2.210242241,12.7198494,0.570907625,0.493071529,12,1,0.450048459,9,0.475998265,3,2.72457472,3.728770782,"725,000.00"
19.59,1,0,4.65088748,1.626447486,3.488327488,0.0702284,6,0,0.225418134,4,0.132466919,1,3.752484608,4.569323338,"575,000.00"
25.05,3,0,2.740672922,5.746503894,0.306706658,0.157991858,4,1,0.375674414,2,0.149143912,1,5.252882255,3.898401641,"350,000.00"
16.39,1,0,3.876604793,1.871289347,3.876447241,0.024556017,1,0,1.187704419,5,0.074058786,1,3.340681566,4.15652795,"1,000,000.00"
13.98,1,1,1.440497502,8.830429042,2.212403368,0.071858443,10,2,0.100746527,11,0.886448814,1,2.748057643,2.54970663,"1,700,000.00"
14.29,8,0,2.210242241,12.7198494,0.570907625,0.493071529,12,1,0.450048459,9,0.475998265,3,2.72457472,3.728770782,"3,500,000.00"
19.59,1,0,4.65088748,1.626447486,3.488327488,0.0702284,6,0,0.225418134,4,0.132466919,1,3.752484608,4.569323338,"550,000.00"
17.66,2,0,2.766675534,1.341754436,9.982145833,0.351838973,8,1,0.22296895,5,0.044349224,1,6.270127131,4.493856946,"1,100,000.00"
17.66,2,0,2.766675534,1.341754436,9.982145833,0.351838973,8,1,0.22296895,5,0.044349224,1,6.270127131,4.493856946,"400,000.00"
12.89,7,0,2.847591288,12.64244388,0.528389071,0.028453853,12,2,0.113299872,20,1.052875673,5,1.58575455,3.057863335,"2,800,000.00"
10.64,6,0,2.246210381,8.09204828,1.80277564,0.069620362,22,0,0.265138276,16,0.346100643,2,1.203411373,2.706880853,"3,500,000.00"
14.19,1,0,4.333994379,4.620078445,3.239812649,0.047187666,14,1,0.207307327,9,1.832361316,1,2.853306008,2.55936892,"2,500,000.00"
7.57,26,6,0.194328801,7.759564862,1.511477789,0.344641591,43,10,0.118453506,18,0.085681338,5,0.241442313,1.261456637,"9,500,000.00"
11.35,4,0,3.232578915,6.632045539,4.07247222,0.046516086,15,2,0.275528356,11,1.185148304,2,2.127812617,1.818298797,"1,600,000.00"
14.29,8,0,2.210242241,12.7198494,0.570907625,0.493071529,12,1,0.450048459,9,0.475998265,3,2.72457472,3.728770782,"2,500,000.00"
10.64,6,0,2.246210381,8.09204828,1.80277564,0.069620362,22,0,0.265138276,16,0.346100643,2,1.203411373,2.706880853,"3,500,000.00"
11.35,4,0,3.232578915,6.632045539,4.07247222,0.046516086,15,2,0.275528356,11,1.185148304,2,2.127812617,1.818298797,"5,500,000.00"
17.66,2,0,2.766675534,1.341754436,9.982145833,0.351838973,8,1,0.22296895,5,0.044349224,1,6.270127131,4.493856946,"400,000.00"
20.24,1,0,3.729080607,4.504986165,4.95573539,0.829883185,4,0,0.912161919,8,1.926911036,1,5.067406955,2.94636537,"840,000.00"
12.81,3,0,2.294267062,3.810259639,6.162879321,1.38023374,3,2,0.186265789,6,0.911429645,2,4.278925666,2.283965239,"820,000.00"
11.35,4,0,3.232578915,6.632045539,4.07247222,0.046516086,15,2,0.275528356,11,1.185148304,2,2.127812617,1.818298797,"3,600,000.00"
9.16,19,1,0.668115654,7.480199518,0.647482412,0.047406525,38,5,0.229319769,17,1.221395666,4,1.224741756,1.856131844,"4,100,000.00"
36.09,1,0,5.192048924,16.69440877,3.421132423,4.421975181,0,0,4.992931183,0,9.219189864,0,12.72638173,10.71912836,"225,000.00"
14.25,3,3,0.833818104,3.171885348,7.325142495,1.087700729,9,1,1.126143462,8,0.799673076,2,4.205907129,3.303200657,"1,350,000.00"
10.57,11,2,0.574608738,9.365425049,0.380556553,0.053768922,31,3,0.253841443,24,0.139402968,4,0.500748682,1.59651451,"3,700,000.00"
25.74,2,0,3.750819421,7.090341751,1.668134015,1.342908267,4,1,1.538556531,1,1.538463966,1,5.698412478,4.49286357,"720,000.00"
24.82,1,0,5.090707489,0.409507119,6.811585774,0.031648336,2,1,3.055274365,0,5.118456884,0,7.133131449,4.812728716,"390,000.00"
25.74,2,0,3.750819421,7.090341751,1.668134015,1.342908267,4,1,1.538556531,1,1.538463966,1,5.698412478,4.49286357,"720,000.00"
17.66,2,0,2.766675534,1.341754436,9.982145833,0.351838973,8,1,0.22296895,5,0.044349224,1,6.270127131,4.493856946,"415,000.00"
20.21,1,0,4.452395666,3.231228684,9.461703594,1.564251976,1,0,1.45545367,1,1.669502034,1,6.882095043,6.69515565,"430,769.23"
7.32,11,0,2.566984162,2.583882255,1.340354312,0.092366577,12,1,0.061041341,7,0.854156211,4,1.907836811,1.666282966,"1,350,000.00"
20.21,1,0,4.452395666,3.231228684,9.461703594,1.564251976,1,0,1.45545367,1,1.669502034,1,6.882095043,6.69515565,"410,000.00"
17.66,2,0,2.766675534,1.341754436,9.982145833,0.351838973,8,1,0.22296895,5,0.044349224,1,6.270127131,4.493856946,"425,000.00"
16.09,3,0,3.208475819,1.913461191,4.504202007,0.650961654,6,0,0.789134066,7,0.681933388,1,3.638046775,4.035968273,"875,000.00"
22.61,3,0,3.998696251,2.379564136,0.489734538,0.201421298,7,2,0.014518784,4,0.899794951,1,3.99247885,2.76473027,"400,000.00"
10.57,11,2,0.574608738,9.365425049,0.380556553,0.053768922,31,3,0.253841443,24,0.139402968,4,0.500748682,1.59651451,"4,000,000.00"
9.09,4,0,2.772157249,3.826549577,2.984335759,1.034238707,10,3,0.479045577,7,0.882533833,3,2.879540617,1.184738783,"1,300,000.00"
9.16,19,1,0.668115654,7.480199518,0.647482412,0.047406525,38,5,0.229319769,17,1.221395666,4,1.224741756,1.856131844,"3,750,000.00"
13.98,1,1,1.440497502,8.830429042,2.212403368,0.071858443,10,2,0.100746527,11,0.886448814,1,2.748057643,2.54970663,"1,525,000.00"
12.81,3,0,2.294267062,3.810259639,6.162879321,1.38023374,3,2,0.186265789,6,0.911429645,2,4.278925666,2.283965239,"666,666.67"
22.61,3,0,3.998696251,2.379564136,0.489734538,0.201421298,7,2,0.014518784,4,0.899794951,1,3.99247885,2.76473027,"200,000.00"
17.66,2,0,2.766675534,1.341754436,9.982145833,0.351838973,8,1,0.22296895,5,0.044349224,1,6.270127131,4.493856946,"414,285.71"
10.56,10,2,0.1918214,9.666038251,0.888089233,0.089743676,25,3,0.100129552,24,0.129686103,4,0.634317711,1.338208605,"3,500,000.00"
10.56,10,2,0.1918214,9.666038251,0.888089233,0.089743676,25,3,0.100129552,24,0.129686103,4,0.634317711,1.338208605,"2,600,000.00"
12.89,7,0,2.847591288,12.64244388,0.528389071,0.028453853,12,2,0.113299872,20,1.052875673,5,1.58575455,3.057863335,"3,000,000.00"
10.17,2,0,4.058399008,4.338834957,3.691421741,0.024061544,8,3,0.20022063,7,0.081344253,2,3.520838738,1.731537463,"1,050,000.00"
10.17,2,0,4.058399008,4.338834957,3.691421741,0.024061544,8,3,0.20022063,7,0.081344253,2,3.520838738,1.731537463,"1,000,000.00"
12.89,7,0,2.847591288,12.64244388,0.528389071,0.028453853,12,2,0.113299872,20,1.052875673,5,1.58575455,3.057863335,"2,300,000.00"
10.57,11,2,0.574608738,9.365425049,0.380556553,0.053768922,31,3,0.253841443,24,0.139402968,4,0.500748682,1.59651451,"3,500,000.00"
14.29,8,0,2.210242241,12.7198494,0.570907625,0.493071529,12,1,0.450048459,9,0.475998265,3,2.72457472,3.728770782,"1,700,000.00"
17.66,2,0,2.766675534,1.341754436,9.982145833,0.351838973,8,1,0.22296895,5,0.044349224,1,6.270127131,4.493856946,"425,000.00"
5.79,34,5,0.246501641,5.260460783,1.882027165,0.177139619,56,16,0.270995056,20,0.262818416,7,0.619406784,0.899429589,"13,000,000.00"
14.19,1,0,4.333994379,4.620078445,3.239812649,0.047187666,14,1,0.207307327,9,1.832361316,1,2.853306008,2.55936892,"3,000,000.00"
7.57,26,6,0.194328801,7.759564862,1.511477789,0.344641591,43,10,0.118453506,18,0.085681338,5,0.241442313,1.261456637,"12,500,000.00"
14.29,8,0,2.210242241,12.7198494,0.570907625,0.493071529,12,1,0.450048459,9,0.475998265,3,2.72457472,3.728770782,"1,825,000.00"
20.21,1,0,4.452395666,3.231228684,9.461703594,1.564251976,1,0,1.45545367,1,1.669502034,1,6.882095043,6.69515565,"450,000.00"
7.57,26,6,0.194328801,7.759564862,1.511477789,0.344641591,43,10,0.118453506,18,0.085681338,5,0.241442313,1.261456637,"5,500,000.00"
17.66,2,0,2.766675534,1.341754436,9.982145833,0.351838973,8,1,0.22296895,5,0.044349224,1,6.270127131,4.493856946,"450,000.00"
14.29,8,0,2.210242241,12.7198494,0.570907625,0.493071529,12,1,0.450048459,9,0.475998265,3,2.72457472,3.728770782,"2,200,000.00"
19.59,1,0,4.65088748,1.626447486,3.488327488,0.0702284,6,0,0.225418134,4,0.132466919,1,3.752484608,4.569323338,"500,000.00"
22.59,1,0,4.731446487,5.842113383,5.025225136,3.189759435,0,0,3.053364406,0,3.525063347,0,5.736706006,4.444261549,"1,400,000.00"
12.98,0,0,2.043785258,6.936892334,0.970979431,0.592912586,15,0,0.753254352,9,1.514111406,2,2.465868046,2.904053309,"1,950,000.00"
10.96,9,1,1.555973958,11.53988387,0.42972373,0.126142707,18,1,0.460378059,12,0.545357036,3,0.891115717,1.452211198,"4,000,000.00"
12.89,7,0,2.847591288,12.64244388,0.528389071,0.028453853,12,2,0.113299872,20,1.052875673,5,1.58575455,3.057863335,"1,600,000.00"
14.94,4,3,1.325521262,3.332054051,6.321523914,0.125554587,9,0,0.297162444,10,0.3277186,2,3.835218788,3.420543751,"675,000.00"
10.64,6,0,2.246210381,8.09204828,1.80277564,0.069620362,22,0,0.265138276,16,0.346100643,2,1.203411373,2.706880853,"3,000,000.00"
12.89,7,0,2.847591288,12.64244388,0.528389071,0.028453853,12,2,0.113299872,20,1.052875673,5,1.58575455,3.057863335,"1,953,125.00"
14.94,4,3,1.325521262,3.332054051,6.321523914,0.125554587,9,0,0.297162444,10,0.3277186,2,3.835218788,3.420543751,"1,150,000.00"
14.94,4,3,1.325521262,3.332054051,6.321523914,0.125554587,9,0,0.297162444,10,0.3277186,2,3.835218788,3.420543751,"800,000.00"
22.61,3,0,3.998696251,2.379564136,0.489734538,0.201421298,7,2,0.014518784,4,0.899794951,1,3.99247885,2.76473027,"200,000.00"
12.89,7,0,2.847591288,12.64244388,0.528389071,0.028453853,12,2,0.113299872,20,1.052875673,5,1.58575455,3.057863335,"2,900,000.00"
24.82,1,0,5.090707489,0.409507119,6.811585774,0.031648336,2,1,3.055274365,0,5.118456884,0,7.133131449,4.812728716,"789,473.68"
18.85,3,0,2.75753304,6.672114016,5.148238391,0.144675834,8,2,0.49262073,12,0.048597652,2,4.401620213,1.4674653,"750,000.00"
10.96,9,1,1.555973958,11.53988387,0.42972373,0.126142707,18,1,0.460378059,12,0.545357036,3,0.891115717,1.452211198,"4,300,000.00"
12.89,7,0,2.847591288,12.64244388,0.528389071,0.028453853,12,2,0.113299872,20,1.052875673,5,1.58575455,3.057863335,"3,000,000.00"
5.79,34,5,0.246501641,5.260460783,1.882027165,0.177139619,56,16,0.270995056,20,0.262818416,7,0.619406784,0.899429589,"14,500,000.00"
24.82,1,0,5.090707489,0.409507119,6.811585774,0.031648336,2,1,3.055274365,0,5.118456884,0,7.133131449,4.812728716,"395,000.00"
22.61,3,0,3.998696251,2.379564136,0.489734538,0.201421298,7,2,0.014518784,4,0.899794951,1,3.99247885,2.76473027,"400,000.00"
13.98,1,1,1.440497502,8.830429042,2.212403368,0.071858443,10,2,0.100746527,11,0.886448814,1,2.748057643,2.54970663,"2,675,000.00"
17.66,2,0,2.766675534,1.341754436,9.982145833,0.351838973,8,1,0.22296895,5,0.044349224,1,6.270127131,4.493856946,"680,000.00"
10.17,2,0,4.058399008,4.338834957,3.691421741,0.024061544,8,3,0.20022063,7,0.081344253,2,3.520838738,1.731537463,"1,100,000.00"
19.88,4,1,1.514848549,0.984196476,0.596317226,0.864897004,7,1,0.670444824,6,0.139079465,5,3.013258588,1.719960174,"1,500,000.00"
17.66,2,0,2.766675534,1.341754436,9.982145833,0.351838973,8,1,0.22296895,5,0.044349224,1,6.270127131,4.493856946,"400,000.00"
20.02,2,0,2.111627905,7.332161248,3.70009948,1.916686516,3,0,1.421663841,3,1.643899357,1,4.447360559,3.452450867,"875,000.00"
10.3,15,2,1.59352339,8.252641545,1.126814689,0.547694489,25,2,0.435381787,18,0.978440306,3,1.083609135,2.184000564,"3,000,000.00"
23.79,1,0,3.495002423,3.317077568,3.931243406,2.171289137,0,0,0.536616073,2,2.688005657,0,5.500983246,4.276389115,"400,000.00"
11.88,9,2,1.412228981,9.949975211,1.714054755,1.241304091,21,3,0.603966541,23,1.196047358,5,1.353496396,2.372959813,"3,300,000.00"
24.82,1,0,5.090707489,0.409507119,6.811585774,0.031648336,2,1,3.055274365,0,5.118456884,0,7.133131449,4.812728716,"1,650,000.00"
8.43,25,5,0.68379499,8.270892022,1.393859989,0.06226201,43,10,0.220060054,23,0.776471572,5,0.656539523,1.209048532,"5,000,000.00"
12.06,3,0,3.948641531,6.394102627,2.862825585,1.069506489,16,3,0.585231497,7,0.617785241,3,2.046835762,2.305931888,"3,900,000.00"
17.66,2,0,2.766675534,1.341754436,9.982145833,0.351838973,8,1,0.22296895,5,0.044349224,1,6.270127131,4.493856946,"400,000.00"
12.89,7,0,2.847591288,12.64244388,0.528389071,0.028453853,12,2,0.113299872,20,1.052875673,5,1.58575455,3.057863335,"3,000,000.00"
15.26,0,0,4.55470152,4.19047343,2.465629359,0.840241812,8,1,0.267587215,10,2.469253581,0,3.159466524,3.18055797,"1,450,000.00"
10.57,11,2,0.574608738,9.365425049,0.380556553,0.053768922,31,3,0.253841443,24,0.139402968,4,0.500748682,1.59651451,"2,688,000.00"
10.57,11,2,0.574608738,9.365425049,0.380556553,0.053768922,31,3,0.253841443,24,0.139402968,4,0.500748682,1.59651451,"2,285,714.29"
14.29,8,0,2.210242241,12.7198494,0.570907625,0.493071529,12,1,0.450048459,9,0.475998265,3,2.72457472,3.728770782,"3,000,000.00"
12.89,7,0,2.847591288,12.64244388,0.528389071,0.028453853,12,2,0.113299872,20,1.052875673,5,1.58575455,3.057863335,"3,000,000.00"
23.32,0,0,7.028561387,6.124351023,7.643558956,1.844832933,1,0,1.969323048,1,1.735535589,1,7.878843402,8.549334305,"350,000.00"
20.21,1,0,4.452395666,3.231228684,9.461703594,1.564251976,1,0,1.45545367,1,1.669502034,1,6.882095043,6.69515565,"420,000.00"
20.21,1,0,4.452395666,3.231228684,9.461703594,1.564251976,1,0,1.45545367,1,1.669502034,1,6.882095043,6.69515565,"431,818.18"
21.5,0,0,5.374796464,4.330842323,8.553697374,0.085015366,1,0,0.078489009,1,0.196379228,1,7.263013641,7.777173725,"425,000.00"
18.85,3,0,2.75753304,6.672114016,5.148238391,0.144675834,8,2,0.49262073,12,0.048597652,2,4.401620213,1.4674653,"1,000,000.00"
18.85,3,0,2.75753304,6.672114016,5.148238391,0.144675834,8,2,0.49262073,12,0.048597652,2,4.401620213,1.4674653,"1,275,000.00"
22.59,1,0,4.731446487,5.842113383,5.025225136,3.189759435,0,0,3.053364406,0,3.525063347,0,5.736706006,4.444261549,"757,894.74"
18.53,3,1,1.382323394,7.828666399,4.094241806,1.152335673,10,2,0.353464627,6,1.290549374,3,4.033657597,2.347041609,"1,175,000.00"
14.94,4,3,1.325521262,3.332054051,6.321523914,0.125554587,9,0,0.297162444,10,0.3277186,2,3.835218788,3.420543751,"1,100,000.00"
19.51,6,0,2.875829072,10.87016748,0.069034825,0.155937673,12,0,0.531430234,4,2.751861472,0,2.987710191,5.917349915,"850,000.00"
14.19,1,0,4.333994379,4.620078445,3.239812649,0.047187666,14,1,0.207307327,9,1.832361316,1,2.853306008,2.55936892,"2,600,000.00"
9.61,2,0,4.418797371,3.481613553,2.679374305,1.038703539,5,1,1.06259087,5,1.092881018,2,3.833930644,2.189414859,"2,400,000.00"
17.66,2,0,2.766675534,1.341754436,9.982145833,0.351838973,8,1,0.22296895,5,0.044349224,1,6.270127131,4.493856946,"430,000.00"
10.96,9,1,1.555973958,11.53988387,0.42972373,0.126142707,18,1,0.460378059,12,0.545357036,3,0.891115717,1.452211198,"2,500,000.00"
16.39,1,0,3.876604793,1.871289347,3.876447241,0.024556017,1,0,1.187704419,5,0.074058786,1,3.340681566,4.15652795,"730,000.00"
22.61,3,0,3.998696251,2.379564136,0.489734538,0.201421298,7,2,0.014518784,4,0.899794951,1,3.99247885,2.76473027,"400,000.00"
22.61,3,0,3.998696251,2.379564136,0.489734538,0.201421298,7,2,0.014518784,4,0.899794951,1,3.99247885,2.76473027,"395,000.00"
12.89,7,0,2.847591288,12.64244388,0.528389071,0.028453853,12,2,0.113299872,20,1.052875673,5,1.58575455,3.057863335,"3,083,333.33"
10.96,9,1,1.555973958,11.53988387,0.42972373,0.126142707,18,1,0.460378059,12,0.545357036,3,0.891115717,1.452211198,"3,000,000.00"
10.3,15,2,1.59352339,8.252641545,1.126814689,0.547694489,25,2,0.435381787,18,0.978440306,3,1.083609135,2.184000564,"3,500,000.00"
14.94,4,3,1.325521262,3.332054051,6.321523914,0.125554587,9,0,0.297162444,10,0.3277186,2,3.835218788,3.420543751,"825,000.00"
10.12,12,2,0.701574755,9.739960244,1.63779857,0.09525586,32,4,0.1261487,25,0.447362946,4,1.135299754,0.957193443,"3,000,000.00"
17.19,1,0,4.20920897,6.049847769,2.493982297,1.426804426,1,1,0.68220899,7,1.452344501,1,3.425301938,2.237061438,"800,000.00"
25.91,2,2,0.770564739,5.442128017,2.425299821,2.68514114,0,0,2.119728706,0,2.78061435,0,5.68174556,4.911417308,"846,153.85"
22.96,1,0,5.591785435,10.69856876,0.239087891,0.321212936,2,0,2.946017003,0,1.661365418,1,5.157977569,8.104959232,"825,000.00"
10.38,7,0,2.238625345,6.877783599,3.104369608,0.312880087,19,3,0.597689536,17,1.345330372,1,1.750968007,2.165828855,"4,200,000.00"
17.66,2,0,2.766675534,1.341754436,9.982145833,0.351838973,8,1,0.22296895,5,0.044349224,1,6.270127131,4.493856946,"414,285.71"
24.82,1,0,5.090707489,0.409507119,6.811585774,0.031648336,2,1,3.055274365,0,5.118456884,0,7.133131449,4.812728716,"395,000.00"
11.88,9,2,1.412228981,9.949975211,1.714054755,1.241304091,21,3,0.603966541,23,1.196047358,5,1.353496396,2.372959813,"4,000,000.00"
17.66,2,0,2.766675534,1.341754436,9.982145833,0.351838973,8,1,0.22296895,5,0.044349224,1,6.270127131,4.493856946,"425,000.00"
14.94,4,3,1.325521262,3.332054051,6.321523914,0.125554587,9,0,0.297162444,10,0.3277186,2,3.835218788,3.420543751,"440,000.00"
23.79,1,0,3.495002423,3.317077568,3.931243406,2.171289137,0,0,0.536616073,2,2.688005657,0,5.500983246,4.276389115,"395,000.00"
5.79,34,5,0.246501641,5.260460783,1.882027165,0.177139619,56,16,0.270995056,20,0.262818416,7,0.619406784,0.899429589,"23,000,000.00"
7.57,26,6,0.194328801,7.759564862,1.511477789,0.344641591,43,10,0.118453506,18,0.085681338,5,0.241442313,1.261456637,"12,000,000.00"
22.39,2,0,5.350999564,4.118825144,6.739824789,1.821689416,2,0,1.602959146,2,2.940111393,0,6.361590457,3.594877933,"800,000.00"
17.26,6,0,3.092683935,3.716698378,0.089601941,0.104367405,10,1,0.685837638,5,0.917733437,2,2.121535646,2.422564633,"1,028,571.43"
18.85,3,0,2.75753304,6.672114016,5.148238391,0.144675834,8,2,0.49262073,12,0.048597652,2,4.401620213,1.4674653,"1,142,857.14"
18.23,6,0,2.240156214,2.705058074,1.020662977,0.43683538,9,2,0.488763295,6,0.439858685,5,2.090027608,2.111364438,"1,350,000.00"
5.79,34,5,0.246501641,5.260460783,1.882027165,0.177139619,56,16,0.270995056,20,0.262818416,7,0.619406784,0.899429589,"17,000,000.00"
10.57,11,2,0.574608738,9.365425049,0.380556553,0.053768922,31,3,0.253841443,24,0.139402968,4,0.500748682,1.59651451,"2,698,863.64"
10.64,6,0,2.246210381,8.09204828,1.80277564,0.069620362,22,0,0.265138276,16,0.346100643,2,1.203411373,2.706880853,"13,000,000.00"
9.16,19,1,0.668115654,7.480199518,0.647482412,0.047406525,38,5,0.229319769,17,1.221395666,4,1.224741756,1.856131844,"13,000,000.00"
14.19,1,0,4.333994379,4.620078445,3.239812649,0.047187666,14,1,0.207307327,9,1.832361316,1,2.853306008,2.55936892,"2,500,000.00"
10.57,11,2,0.574608738,9.365425049,0.380556553,0.053768922,31,3,0.253841443,24,0.139402968,4,0.500748682,1.59651451,"4,500,000.00"
8.43,25,5,0.68379499,8.270892022,1.393859989,0.06226201,43,10,0.220060054,23,0.776471572,5,0.656539523,1.209048532,"5,500,000.00"
10.57,11,2,0.574608738,9.365425049,0.380556553,0.053768922,31,3,0.253841443,24,0.139402968,4,0.500748682,1.59651451,"2,700,000.00"
7.57,26,6,0.194328801,7.759564862,1.511477789,0.344641591,43,10,0.118453506,18,0.085681338,5,0.241442313,1.261456637,"13,500,000.00"
15.26,0,0,4.55470152,4.19047343,2.465629359,0.840241812,8,1,0.267587215,10,2.469253581,0,3.159466524,3.18055797,"1,350,000.00"
14.94,4,3,1.325521262,3.332054051,6.321523914,0.125554587,9,0,0.297162444,10,0.3277186,2,3.835218788,3.420543751,"3,400,000.00"
14.19,1,0,4.333994379,4.620078445,3.239812649,0.047187666,14,1,0.207307327,9,1.832361316,1,2.853306008,2.55936892,"1,190,000.00"
19.66,1,0,3.717497593,2.297640069,5.116319986,1.66959463,6,0,1.393581999,4,1.731696832,1,4.783336578,5.76353093,"650,000.00"
17.26,6,0,3.092683935,3.716698378,0.089601941,0.104367405,10,1,0.685837638,5,0.917733437,2,2.121535646,2.422564633,"1,300,000.00"
6.73,6,1,1.300993752,2.160657347,2.397392981,0.538187595,7,1,0.543993094,3,1.249144145,1,3.195450231,4.125546371,"1,600,000.00"
14.19,1,0,4.333994379,4.620078445,3.239812649,0.047187666,14,1,0.207307327,9,1.832361316,1,2.853306008,2.55936892,"2,000,000.00"
22.59,1,0,4.731446487,5.842113383,5.025225136,3.189759435,0,0,3.053364406,0,3.525063347,0,5.736706006,4.444261549,"1,066,666.67"
13.04,3,0,2.482189224,10.71105259,2.581188405,0.039349016,14,1,0.204933292,14,0.911886638,3,2.521385921,3.017094937,"3,000,000.00"
11.35,4,0,3.232578915,6.632045539,4.07247222,0.046516086,15,2,0.275528356,11,1.185148304,2,2.127812617,1.818298797,"2,200,000.00"
14.19,1,0,4.333994379,4.620078445,3.239812649,0.047187666,14,1,0.207307327,9,1.832361316,1,2.853306008,2.55936892,"2,000,000.00"
23.52,1,0,4.517601805,5.391227259,2.05266268,1.79869111,1,1,1.44591556,3,1.743481817,1,4.84824702,4.589242247,"525,000.00"
17.66,2,0,2.766675534,1.341754436,9.982145833,0.351838973,8,1,0.22296895,5,0.044349224,1,6.270127131,4.493856946,"420,000.00"
17.26,6,0,3.092683935,3.716698378,0.089601941,0.104367405,10,1,0.685837638,5,0.917733437,2,2.121535646,2.422564633,"450,000.00"
19.59,1,0,4.65088748,1.626447486,3.488327488,0.0702284,6,0,0.225418134,4,0.132466919,1,3.752484608,4.569323338,"5,950,000.00"
17.66,2,0,2.766675534,1.341754436,9.982145833,0.351838973,8,1,0.22296895,5,0.044349224,1,6.270127131,4.493856946,"425,000.00"
10.96,9,1,1.555973958,11.53988387,0.42972373,0.126142707,18,1,0.460378059,12,0.545357036,3,0.891115717,1.452211198,"5,000,000.00"
22.61,3,0,3.998696251,2.379564136,0.489734538,0.201421298,7,2,0.014518784,4,0.899794951,1,3.99247885,2.76473027,"600,000.00"
17.66,2,0,2.766675534,1.341754436,9.982145833,0.351838973,8,1,0.22296895,5,0.044349224,1,6.270127131,4.493856946,"430,000.00"
10.57,11,2,0.574608738,9.365425049,0.380556553,0.053768922,31,3,0.253841443,24,0.139402968,4,0.500748682,1.59651451,"5,727,272.73"
5.42,23,6,0.274439339,6.485148777,0.987947003,0.216845753,46,7,0.248492837,16,0.813136894,5,0.46789424,1.120174736,"15,000,000.00"
23.52,1,0,4.517601805,5.391227259,2.05266268,1.79869111,1,1,1.44591556,3,1.743481817,1,4.84824702,4.589242247,"525,000.00"
20.21,1,0,4.452395666,3.231228684,9.461703594,1.564251976,1,0,1.45545367,1,1.669502034,1,6.882095043,6.69515565,"430,000.00"
3.38,21,0,2.192777119,4.797550118,0.135362358,0.167856471,73,10,0.715642094,17,0.533008904,4,1.266122981,1.180165628,"13,000,000.00"
11.35,4,0,3.232578915,6.632045539,4.07247222,0.046516086,15,2,0.275528356,11,1.185148304,2,2.127812617,1.818298797,"5,500,000.00"
8.43,25,5,0.68379499,8.270892022,1.393859989,0.06226201,43,10,0.220060054,23,0.776471572,5,0.656539523,1.209048532,"18,000,000.00"
14.19,1,0,4.333994379,4.620078445,3.239812649,0.047187666,14,1,0.207307327,9,1.832361316,1,2.853306008,2.55936892,"1,000,000.00"
17.66,2,0,2.766675534,1.341754436,9.982145833,0.351838973,8,1,0.22296895,5,0.044349224,1,6.270127131,4.493856946,"400,000.00"
14.19,1,0,4.333994379,4.620078445,3.239812649,0.047187666,14,1,0.207307327,9,1.832361316,1,2.853306008,2.55936892,"2,000,000.00"
23.79,1,0,3.495002423,3.317077568,3.931243406,2.171289137,0,0,0.536616073,2,2.688005657,0,5.500983246,4.276389115,"395,000.00"
11.35,4,0,3.232578915,6.632045539,4.07247222,0.046516086,15,2,0.275528356,11,1.185148304,2,2.127812617,1.818298797,"5,500,000.00"
14.94,4,3,1.325521262,3.332054051,6.321523914,0.125554587,9,0,0.297162444,10,0.3277186,2,3.835218788,3.420543751,"440,000.00"
20.21,1,0,4.452395666,3.231228684,9.461703594,1.564251976,1,0,1.45545367,1,1.669502034,1,6.882095043,6.69515565,"430,000.00"
19.59,1,0,4.65088748,1.626447486,3.488327488,0.0702284,6,0,0.225418134,4,0.132466919,1,3.752484608,4.569323338,"1,000,000.00"
18.85,3,0,2.75753304,6.672114016,5.148238391,0.144675834,8,2,0.49262073,12,0.048597652,2,4.401620213,1.4674653,"1,300,000.00"
17.66,2,0,2.766675534,1.341754436,9.982145833,0.351838973,8,1,0.22296895,5,0.044349224,1,6.270127131,4.493856946,"420,000.00"
13.98,1,1,1.440497502,8.830429042,2.212403368,0.071858443,10,2,0.100746527,11,0.886448814,1,2.748057643,2.54970663,"3,300,000.00"
10.57,11,2,0.574608738,9.365425049,0.380556553,0.053768922,31,3,0.253841443,24,0.139402968,4,0.500748682,1.59651451,"2,500,000.00"
14.19,1,0,4.333994379,4.620078445,3.239812649,0.047187666,14,1,0.207307327,9,1.832361316,1,2.853306008,2.55936892,"2,100,000.00"
11.35,4,0,3.232578915,6.632045539,4.07247222,0.046516086,15,2,0.275528356,11,1.185148304,2,2.127812617,1.818298797,"4,000,000.00"
17.66,2,0,2.766675534,1.341754436,9.982145833,0.351838973,8,1,0.22296895,5,0.044349224,1,6.270127131,4.493856946,"425,000.00"
14.94,4,3,1.325521262,3.332054051,6.321523914,0.125554587,9,0,0.297162444,10,0.3277186,2,3.835218788,3.420543751,"1,200,000.00"
11.35,4,0,3.232578915,6.632045539,4.07247222,0.046516086,15,2,0.275528356,11,1.185148304,2,2.127812617,1.818298797,"4,500,000.00"
34.38,0,0,8.601091173,17.20564379,0.019538774,2.070585062,0,0,5.205830928,0,5.511247807,0,14.07979955,10.4730023,"130,000.00"
23.52,1,0,4.517601805,5.391227259,2.05266268,1.79869111,1,1,1.44591556,3,1.743481817,1,4.84824702,4.589242247,"525,000.00"
10.12,12,2,0.701574755,9.739960244,1.63779857,0.09525586,32,4,0.1261487,25,0.447362946,4,1.135299754,0.957193443,"6,500,000.00"
17.66,2,0,2.766675534,1.341754436,9.982145833,0.351838973,8,1,0.22296895,5,0.044349224,1,6.270127131,4.493856946,"400,000.00"
17.66,2,0,2.766675534,1.341754436,9.982145833,0.351838973,8,1,0.22296895,5,0.044349224,1,6.270127131,4.493856946,"414,285.71"
20.21,1,0,4.452395666,3.231228684,9.461703594,1.564251976,1,0,1.45545367,1,1.669502034,1,6.882095043,6.69515565,"430,000.00"
10.96,9,1,1.555973958,11.53988387,0.42972373,0.126142707,18,1,0.460378059,12,0.545357036,3,0.891115717,1.452211198,"3,500,000.00"
11.35,4,0,3.232578915,6.632045539,4.07247222,0.046516086,15,2,0.275528356,11,1.185148304,2,2.127812617,1.818298797,"1,450,000.00"
23.52,1,0,4.517601805,5.391227259,2.05266268,1.79869111,1,1,1.44591556,3,1.743481817,1,4.84824702,4.589242247,"420,000.00"
23.52,1,0,4.517601805,5.391227259,2.05266268,1.79869111,1,1,1.44591556,3,1.743481817,1,4.84824702,4.589242247,"420,000.00"
22.61,3,0,3.998696251,2.379564136,0.489734538,0.201421298,7,2,0.014518784,4,0.899794951,1,3.99247885,2.76473027,"2,000,000.00"
14.94,4,3,1.325521262,3.332054051,6.321523914,0.125554587,9,0,0.297162444,10,0.3277186,2,3.835218788,3.420543751,"1,200,000.00"
9.16,19,1,0.668115654,7.480199518,0.647482412,0.047406525,38,5,0.229319769,17,1.221395666,4,1.224741756,1.856131844,"3,700,000.00"
14.19,1,0,4.333994379,4.620078445,3.239812649,0.047187666,14,1,0.207307327,9,1.832361316,1,2.853306008,2.55936892,"1,150,000.00"
7.92,3,0,3.124377401,2.473593474,1.881367813,0.073330831,7,2,0.664387274,5,0.241113358,1,2.564621846,1.759637339,"714,285.71"
26.73,2,0,2.277565832,7.139742484,0.085556088,0.046381217,4,0,2.02374757,0,1.820775485,1,5.850247893,4.425054309,"540,000.00"
11.35,4,0,3.232578915,6.632045539,4.07247222,0.046516086,15,2,0.275528356,11,1.185148304,2,2.127812617,1.818298797,"3,600,000.00"
17.66,2,0,2.766675534,1.341754436,9.982145833,0.351838973,8,1,0.22296895,5,0.044349224,1,6.270127131,4.493856946,"430,000.00"
14.19,1,0,4.333994379,4.620078445,3.239812649,0.047187666,14,1,0.207307327,9,1.832361316,1,2.853306008,2.55936892,"2,100,000.00"
14.19,1,0,4.333994379,4.620078445,3.239812649,0.047187666,14,1,0.207307327,9,1.832361316,1,2.853306008,2.55936892,"1,550,000.00"
14.19,1,0,4.333994379,4.620078445,3.239812649,0.047187666,14,1,0.207307327,9,1.832361316,1,2.853306008,2.55936892,"990,000.00"
14.19,1,0,4.333994379,4.620078445,3.239812649,0.047187666,14,1,0.207307327,9,1.832361316,1,2.853306008,2.55936892,"2,200,000.00"
14.19,1,0,4.333994379,4.620078445,3.239812649,0.047187666,14,1,0.207307327,9,1.832361316,1,2.853306008,2.55936892,"2,600,000.00"
14.19,1,0,4.333994379,4.620078445,3.239812649,0.047187666,14,1,0.207307327,9,1.832361316,1,2.853306008,2.55936892,"1,500,000.00"
14.19,1,0,4.333994379,4.620078445,3.239812649,0.047187666,14,1,0.207307327,9,1.832361316,1,2.853306008,2.55936892,"1,000,000.00"
16.39,1,0,3.876604793,1.871289347,3.876447241,0.024556017,1,0,1.187704419,5,0.074058786,1,3.340681566,4.15652795,"800,000.00"
14.19,1,0,4.333994379,4.620078445,3.239812649,0.047187666,14,1,0.207307327,9,1.832361316,1,2.853306008,2.55936892,"1,800,000.00"
18.99,5,1,1.866050156,1.810057975,0.314617717,0.069482791,9,1,0.265588994,5,0.215824615,5,2.560275109,1.767980392,"1,700,000.00"
5.42,23,6,0.274439339,6.485148777,0.987947003,0.216845753,46,7,0.248492837,16,0.813136894,5,0.46789424,1.120174736,"16,000,000.00"
14.19,1,0,4.333994379,4.620078445,3.239812649,0.047187666,14,1,0.207307327,9,1.832361316,1,2.853306008,2.55936892,"2,500,000.00"
14.19,1,0,4.333994379,4.620078445,3.239812649,0.047187666,14,1,0.207307327,9,1.832361316,1,2.853306008,2.55936892,"1,280,000.00"
14.94,4,3,1.325521262,3.332054051,6.321523914,0.125554587,9,0,0.297162444,10,0.3277186,2,3.835218788,3.420543751,"1,600,000.00"
5.42,23,6,0.274439339,6.485148777,0.987947003,0.216845753,46,7,0.248492837,16,0.813136894,5,0.46789424,1.120174736,"11,000,000.00"
14.19,1,0,4.333994379,4.620078445,3.239812649,0.047187666,14,1,0.207307327,9,1.832361316,1,2.853306008,2.55936892,"1,225,000.00"
21.5,0,0,5.374796464,4.330842323,8.553697374,0.085015366,1,0,0.078489009,1,0.196379228,1,7.263013641,7.777173725,"435,000.00"
16.29,4,0,4.192002707,4.42688598,1.116855587,1.263830475,3,0,0.437906072,5,1.398902897,1,2.651624321,3.14817086,"2,350,000.00"
21.89,1,1,1.73280012,3.138944863,3.532694318,0.137331208,4,0,0.166226784,3,1.761886269,1,4.511211539,3.290576454,"1,700,000.00"
10.17,2,0,4.058399008,4.338834957,3.691421741,0.024061544,8,3,0.20022063,7,0.081344253,2,3.520838738,1.731537463,"416,666.67"
24.82,1,0,5.090707489,0.409507119,6.811585774,0.031648336,2,1,3.055274365,0,5.118456884,0,7.133131449,4.812728716,"850,000.00"
25.91,2,2,0.770564739,5.442128017,2.425299821,2.68514114,0,0,2.119728706,0,2.78061435,0,5.68174556,4.911417308,"410,000.00"
16.39,1,0,3.876604793,1.871289347,3.876447241,0.024556017,1,0,1.187704419,5,0.074058786,1,3.340681566,4.15652795,"1,800,000.00"
14.94,4,3,1.325521262,3.332054051,6.321523914,0.125554587,9,0,0.297162444,10,0.3277186,2,3.835218788,3.420543751,"440,000.00"
9.16,19,1,0.668115654,7.480199518,0.647482412,0.047406525,38,5,0.229319769,17,1.221395666,4,1.224741756,1.856131844,"3,850,000.00"
6.54,34,5,0.725332998,4.402258748,0.777008918,0.041972278,29,16,0.398012992,16,0.373267956,6,0.722986475,0.585683793,"6,850,000.00"
21.89,1,1,1.73280012,3.138944863,3.532694318,0.137331208,4,0,0.166226784,3,1.761886269,1,4.511211539,3.290576454,"619,047.62"
23.75,1,0,3.351104283,3.08436925,2.215013757,1.781127438,7,1,1.136606202,2,0.861553358,1,5.120823009,3.732607722,"975,000.00"
14.94,4,3,1.325521262,3.332054051,6.321523914,0.125554587,9,0,0.297162444,10,0.3277186,2,3.835218788,3.420543751,"440,000.00"
22.39,2,0,5.350999564,4.118825144,6.739824789,1.821689416,2,0,1.602959146,2,2.940111393,0,6.361590457,3.594877933,"610,000.00"
10.64,6,0,2.246210381,8.09204828,1.80277564,0.069620362,22,0,0.265138276,16,0.346100643,2,1.203411373,2.706880853,"2,450,000.00"
15.34,5,0,2.696064051,6.132844101,0.105448493,0.204660942,10,1,0.52902818,12,0.218559789,3,2.499860496,2.543675581,"1,250,000.00"
9.16,19,1,0.668115654,7.480199518,0.647482412,0.047406525,38,5,0.229319769,17,1.221395666,4,1.224741756,1.856131844,"6,500,000.00"
21.5,0,0,5.374796464,4.330842323,8.553697374,0.085015366,1,0,0.078489009,1,0.196379228,1,7.263013641,7.777173725,"430,000.00"
19.88,4,1,1.514848549,0.984196476,0.596317226,0.864897004,7,1,0.670444824,6,0.139079465,5,3.013258588,1.719960174,"1,150,000.00"
24.82,1,0,5.090707489,0.409507119,6.811585774,0.031648336,2,1,3.055274365,0,5.118456884,0,7.133131449,4.812728716,"410,000.00"
21.21,3,0,4.001993712,5.27731528,5.682614182,1.481078738,5,0,1.358658138,7,1.820113651,1,5.62599196,3.178849578,"275,000.00"
10.57,11,2,0.574608738,9.365425049,0.380556553,0.053768922,31,3,0.253841443,24,0.139402968,4,0.500748682,1.59651451,"3,600,000.00"
21.21,3,0,4.001993712,5.27731528,5.682614182,1.481078738,5,0,1.358658138,7,1.820113651,1,5.62599196,3.178849578,"660,000.00"
14.94,4,3,1.325521262,3.332054051,6.321523914,0.125554587,9,0,0.297162444,10,0.3277186,2,3.835218788,3.420543751,"1,600,000.00"
17.66,2,0,2.766675534,1.341754436,9.982145833,0.351838973,8,1,0.22296895,5,0.044349224,1,6.270127131,4.493856946,"420,000.00"
22.61,3,0,3.998696251,2.379564136,0.489734538,0.201421298,7,2,0.014518784,4,0.899794951,1,3.99247885,2.76473027,"400,000.00"
18.85,3,0,2.75753304,6.672114016,5.148238391,0.144675834,8,2,0.49262073,12,0.048597652,2,4.401620213,1.4674653,"395,000.00"
22.61,3,0,3.998696251,2.379564136,0.489734538,0.201421298,7,2,0.014518784,4,0.899794951,1,3.99247885,2.76473027,"395,000.00"
14.94,4,3,1.325521262,3.332054051,6.321523914,0.125554587,9,0,0.297162444,10,0.3277186,2,3.835218788,3.420543751,"1,700,000.00"
23.32,0,0,7.028561387,6.124351023,7.643558956,1.844832933,1,0,1.969323048,1,1.735535589,1,7.878843402,8.549334305,"430,000.00"
11.77,4,0,2.074936334,11.38133063,1.883167861,0.106973392,18,2,0.182098855,21,1.505002665,4,1.776388177,2.22687177,"3,000,000.00"
11.35,4,0,3.232578915,6.632045539,4.07247222,0.046516086,15,2,0.275528356,11,1.185148304,2,2.127812617,1.818298797,"1,750,000.00"
7.57,26,6,0.194328801,7.759564862,1.511477789,0.344641591,43,10,0.118453506,18,0.085681338,5,0.241442313,1.261456637,"14,000,000.00"
17.66,2,0,2.766675534,1.341754436,9.982145833,0.351838973,8,1,0.22296895,5,0.044349224,1,6.270127131,4.493856946,"414,285.71"
11.35,4,0,3.232578915,6.632045539,4.07247222,0.046516086,15,2,0.275528356,11,1.185148304,2,2.127812617,1.818298797,"1,600,000.00"
10.57,11,2,0.574608738,9.365425049,0.380556553,0.053768922,31,3,0.253841443,24,0.139402968,4,0.500748682,1.59651451,"5,882,352.94"
20.21,1,0,4.452395666,3.231228684,9.461703594,1.564251976,1,0,1.45545367,1,1.669502034,1,6.882095043,6.69515565,"430,000.00"
10.56,10,2,0.1918214,9.666038251,0.888089233,0.089743676,25,3,0.100129552,24,0.129686103,4,0.634317711,1.338208605,"5,500,000.00"
11.35,4,0,3.232578915,6.632045539,4.07247222,0.046516086,15,2,0.275528356,11,1.185148304,2,2.127812617,1.818298797,"2,750,000.00"
16.59,5,0,2.608908914,11.97471579,0.081116297,1.376162129,9,0,0.686165524,3,1.817842108,1,3.2722982,4.822241396,"2,500,000.00"
20.21,1,0,4.452395666,3.231228684,9.461703594,1.564251976,1,0,1.45545367,1,1.669502034,1,6.882095043,6.69515565,"430,000.00"
14.94,4,3,1.325521262,3.332054051,6.321523914,0.125554587,9,0,0.297162444,10,0.3277186,2,3.835218788,3.420543751,"1,300,000.00"
17.41,5,1,1.151801319,10.26685355,1.765059933,0.156907115,19,1,0.240320231,7,1.560481911,1,3.102509131,3.727252772,"1,200,000.00"
18.85,3,0,2.75753304,6.672114016,5.148238391,0.144675834,8,2,0.49262073,12,0.048597652,2,4.401620213,1.4674653,"825,000.00"
17.66,2,0,2.766675534,1.341754436,9.982145833,0.351838973,8,1,0.22296895,5,0.044349224,1,6.270127131,4.493856946,"425,000.00"
11.35,4,0,3.232578915,6.632045539,4.07247222,0.046516086,15,2,0.275528356,11,1.185148304,2,2.127812617,1.818298797,"2,500,000.00"
11.35,4,0,3.232578915,6.632045539,4.07247222,0.046516086,15,2,0.275528356,11,1.185148304,2,2.127812617,1.818298797,"125,000.00"
14.29,8,0,2.210242241,12.7198494,0.570907625,0.493071529,12,1,0.450048459,9,0.475998265,3,2.72457472,3.728770782,"1,270,000.00"
15.34,5,0,2.696064051,6.132844101,0.105448493,0.204660942,10,1,0.52902818,12,0.218559789,3,2.499860496,2.543675581,"3,500,000.00"
16.39,1,0,3.876604793,1.871289347,3.876447241,0.024556017,1,0,1.187704419,5,0.074058786,1,3.340681566,4.15652795,"1,000,000.00"
12.76,2,0,3.451188718,6.068423112,2.350095105,1.225216639,17,2,1.004871588,8,0.651363299,2,2.259273367,2.561824923,"1,650,000.00"
11.35,4,0,3.232578915,6.632045539,4.07247222,0.046516086,15,2,0.275528356,11,1.185148304,2,2.127812617,1.818298797,"1,850,000.00"
19.51,6,0,2.875829072,10.87016748,0.069034825,0.155937673,12,0,0.531430234,4,2.751861472,0,2.987710191,5.917349915,"850,000.00"
20.21,1,0,4.452395666,3.231228684,9.461703594,1.564251976,1,0,1.45545367,1,1.669502034,1,6.882095043,6.69515565,"430,000.00"
18.53,3,1,1.382323394,7.828666399,4.094241806,1.152335673,10,2,0.353464627,6,1.290549374,3,4.033657597,2.347041609,"1,175,000.00"
17.66,2,0,2.766675534,1.341754436,9.982145833,0.351838973,8,1,0.22296895,5,0.044349224,1,6.270127131,4.493856946,"400,000.00"
11.35,4,0,3.232578915,6.632045539,4.07247222,0.046516086,15,2,0.275528356,11,1.185148304,2,2.127812617,1.818298797,"4,500,000.00"
13.98,1,1,1.440497502,8.830429042,2.212403368,0.071858443,10,2,0.100746527,11,0.886448814,1,2.748057643,2.54970663,"2,850,000.00"
14.94,4,3,1.325521262,3.332054051,6.321523914,0.125554587,9,0,0.297162444,10,0.3277186,2,3.835218788,3.420543751,"445,000.00"
24.82,1,0,5.090707489,0.409507119,6.811585774,0.031648336,2,1,3.055274365,0,5.118456884,0,7.133131449,4.812728716,"395,000.00"
21.89,1,1,1.73280012,3.138944863,3.532694318,0.137331208,4,0,0.166226784,3,1.761886269,1,4.511211539,3.290576454,"675,000.00"
23.79,1,0,3.495002423,3.317077568,3.931243406,2.171289137,0,0,0.536616073,2,2.688005657,0,5.500983246,4.276389115,"420,000.00"
15.26,0,0,4.55470152,4.19047343,2.465629359,0.840241812,8,1,0.267587215,10,2.469253581,0,3.159466524,3.18055797,"1,600,000.00"
20.21,1,0,4.452395666,3.231228684,9.461703594,1.564251976,1,0,1.45545367,1,1.669502034,1,6.882095043,6.69515565,"430,000.00"
14.19,1,0,4.333994379,4.620078445,3.239812649,0.047187666,14,1,0.207307327,9,1.832361316,1,2.853306008,2.55936892,"925,000.00"
17.66,2,0,2.766675534,1.341754436,9.982145833,0.351838973,8,1,0.22296895,5,0.044349224,1,6.270127131,4.493856946,"400,000.00"
14.25,3,3,0.833818104,3.171885348,7.325142495,1.087700729,9,1,1.126143462,8,0.799673076,2,4.205907129,3.303200657,"1,300,000.00"
17.66,2,0,2.766675534,1.341754436,9.982145833,0.351838973,8,1,0.22296895,5,0.044349224,1,6.270127131,4.493856946,"375,000.00"
15.49,1,0,2.203837256,8.500631712,3.152572201,1.04889687,8,1,0.199508455,8,1.543119541,1,3.744775136,2.447445703,"4,600.00"
10.57,11,2,0.574608738,9.365425049,0.380556553,0.053768922,31,3,0.253841443,24,0.139402968,4,0.500748682,1.59651451,"3,500,000.00"
21.21,3,0,4.001993712,5.27731528,5.682614182,1.481078738,5,0,1.358658138,7,1.820113651,1,5.62599196,3.178849578,"3,500,000.00"
13.87,2,3,1.447933444,2.717124559,7.211964683,2.102517685,0,1,1.010168346,1,1.065715706,2,4.640681644,3.135436539,"2,500,000.00"
10.3,15,2,1.59352339,8.252641545,1.126814689,0.547694489,25,2,0.435381787,18,0.978440306,3,1.083609135,2.184000564,"2,800,000.00"
7.57,26,6,0.194328801,7.759564862,1.511477789,0.344641591,43,10,0.118453506,18,0.085681338,5,0.241442313,1.261456637,"8,125,677.14"
19.59,1,0,4.65088748,1.626447486,3.488327488,0.0702284,6,0,0.225418134,4,0.132466919,1,3.752484608,4.569323338,"450,000.00"
17.66,2,0,2.766675534,1.341754436,9.982145833,0.351838973,8,1,0.22296895,5,0.044349224,1,6.270127131,4.493856946,"430,000.00"
13.04,3,0,2.482189224,10.71105259,2.581188405,0.039349016,14,1,0.204933292,14,0.911886638,3,2.521385921,3.017094937,"1,900,000.00"
23.32,0,0,7.028561387,6.124351023,7.643558956,1.844832933,1,0,1.969323048,1,1.735535589,1,7.878843402,8.549334305,"450,000.00"
22.61,3,0,3.998696251,2.379564136,0.489734538,0.201421298,7,2,0.014518784,4,0.899794951,1,3.99247885,2.76473027,"375,000.00"
4.22,22,2,1.467277947,5.676326993,0.379336786,0.083896065,46,9,0.234180842,17,0.836102939,4,0.648388584,1.199440728,"10,943,396.23"
11.35,4,0,3.232578915,6.632045539,4.07247222,0.046516086,15,2,0.275528356,11,1.185148304,2,2.127812617,1.818298797,"2,000,000.00"
20.21,1,0,4.452395666,3.231228684,9.461703594,1.564251976,1,0,1.45545367,1,1.669502034,1,6.882095043,6.69515565,"430,000.00"
42.89,2,0,17.30386792,25.98399192,0.638579249,0.092605017,7,3,1.670624688,2,3.822489362,0,20.27564198,8.252888495,"430,000.00"
18.99,5,1,1.866050156,1.810057975,0.314617717,0.069482791,9,1,0.265588994,5,0.215824615,5,2.560275109,1.767980392,"1,600,000.00"
17.56,8,0,2.815468682,3.958057755,1.004244922,0.903396438,10,1,0.826950604,7,0.904980795,3,2.272672511,2.088733809,"1,075,000.00"
15.34,5,0,2.696064051,6.132844101,0.105448493,0.204660942,10,1,0.52902818,12,0.218559789,3,2.499860496,2.543675581,"1,300,000.00"
14.19,1,0,4.333994379,4.620078445,3.239812649,0.047187666,14,1,0.207307327,9,1.832361316,1,2.853306008,2.55936892,"2,100,000.00"
13.92,2,0,4.446077634,4.507967905,3.708566657,0.505417064,14,1,0.167373418,9,1.30022129,1,2.740499988,2.473412811,"2,100,000.00"
5.79,34,5,0.246501641,5.260460783,1.882027165,0.177139619,56,16,0.270995056,20,0.262818416,7,0.619406784,0.899429589,"16,000,000.00"
19.36,4,0,3.697359162,5.790118043,5.087375877,0.644358863,11,2,0.558162696,10,0.643006295,2,4.761794422,2.109711324,"736,842.11"
10.57,11,2,0.574608738,9.365425049,0.380556553,0.053768922,31,3,0.253841443,24,0.139402968,4,0.500748682,1.59651451,"205,882.35"
20.21,1,0,4.452395666,3.231228684,9.461703594,1.564251976,1,0,1.45545367,1,1.669502034,1,6.882095043,6.69515565,"440,000.00"
17.66,2,0,2.766675534,1.341754436,9.982145833,0.351838973,8,1,0.22296895,5,0.044349224,1,6.270127131,4.493856946,"400,000.00"
22.61,3,0,3.998696251,2.379564136,0.489734538,0.201421298,7,2,0.014518784,4,0.899794951,1,3.99247885,2.76473027,"400,000.00"
17.56,8,0,2.815468682,3.958057755,1.004244922,0.903396438,10,1,0.826950604,7,0.904980795,3,2.272672511,2.088733809,"890,000.00"
10.69,4,0,3.223569049,5.653280045,3.840661249,0.675773505,13,4,1.099343865,11,0.973892745,3,3.243475551,1.252826919,"3,000,000.00"
23.75,1,0,3.351104283,3.08436925,2.215013757,1.781127438,7,1,1.136606202,2,0.861553358,1,5.120823009,3.732607722,"750,000.00"
20.21,1,0,4.452395666,3.231228684,9.461703594,1.564251976,1,0,1.45545367,1,1.669502034,1,6.882095043,6.69515565,"425,000.00"
18.99,5,1,1.866050156,1.810057975,0.314617717,0.069482791,9,1,0.265588994,5,0.215824615,5,2.560275109,1.767980392,"725,000.00"
23.79,1,0,3.495002423,3.317077568,3.931243406,2.171289137,0,0,0.536616073,2,2.688005657,0,5.500983246,4.276389115,"395,000.00"
42.89,2,0,17.30386792,25.98399192,0.638579249,0.092605017,7,3,1.670624688,2,3.822489362,0,20.27564198,8.252888495,"430,000.00"
22.61,3,0,3.998696251,2.379564136,0.489734538,0.201421298,7,2,0.014518784,4,0.899794951,1,3.99247885,2.76473027,"400,000.00"
18.85,3,0,2.75753304,6.672114016,5.148238391,0.144675834,8,2,0.49262073,12,0.048597652,2,4.401620213,1.4674653,"395,000.00"
23.79,1,0,3.495002423,3.317077568,3.931243406,2.171289137,0,0,0.536616073,2,2.688005657,0,5.500983246,4.276389115,"395,000.00"
23.79,1,0,3.495002423,3.317077568,3.931243406,2.171289137,0,0,0.536616073,2,2.688005657,0,5.500983246,4.276389115,"420,000.00"
24.82,1,0,5.090707489,0.409507119,6.811585774,0.031648336,2,1,3.055274365,0,5.118456884,0,7.133131449,4.812728716,"420,000.00"
42.89,2,0,17.30386792,25.98399192,0.638579249,0.092605017,7,3,1.670624688,2,3.822489362,0,20.27564198,8.252888495,"430,000.00"
19.51,6,0,2.875829072,10.87016748,0.069034825,0.155937673,12,0,0.531430234,4,2.751861472,0,2.987710191,5.917349915,"850,000.00"
23.79,1,0,3.495002423,3.317077568,3.931243406,2.171289137,0,0,0.536616073,2,2.688005657,0,5.500983246,4.276389115,"435,000.00"
42.89,2,0,17.30386792,25.98399192,0.638579249,0.092605017,7,3,1.670624688,2,3.822489362,0,20.27564198,8.252888495,"430,000.00"
8.15,19,4,1.142526683,9.155040562,0.029733581,0.369539052,24,5,0.750590563,12,1.16763043,2,0.670066212,1.155265795,"7,600,000.00"
34.52,1,0,10.86360423,17.54383842,0.032153225,0.022707491,1,0,6.08034501,0,6.910724352,0,14.5292775,10.27685828,"600,000.00"
17.66,2,0,2.766675534,1.341754436,9.982145833,0.351838973,8,1,0.22296895,5,0.044349224,1,6.270127131,4.493856946,"425,000.00"
20.21,1,0,4.452395666,3.231228684,9.461703594,1.564251976,1,0,1.45545367,1,1.669502034,1,6.882095043,6.69515565,"450,000.00"
24.82,1,0,5.090707489,0.409507119,6.811585774,0.031648336,2,1,3.055274365,0,5.118456884,0,7.133131449,4.812728716,"365,000.00"
20.21,1,0,4.452395666,3.231228684,9.461703594,1.564251976,1,0,1.45545367,1,1.669502034,1,6.882095043,6.69515565,"430,000.00"
24.82,1,0,5.090707489,0.409507119,6.811585774,0.031648336,2,1,3.055274365,0,5.118456884,0,7.133131449,4.812728716,"425,000.00"
17.66,2,0,2.766675534,1.341754436,9.982145833,0.351838973,8,1,0.22296895,5,0.044349224,1,6.270127131,4.493856946,"430,000.00"
42.89,2,0,17.30386792,25.98399192,0.638579249,0.092605017,7,3,1.670624688,2,3.822489362,0,20.27564198,8.252888495,"430,000.00"
24.82,1,0,5.090707489,0.409507119,6.811585774,0.031648336,2,1,3.055274365,0,5.118456884,0,7.133131449,4.812728716,"700,000.00"
17.66,2,0,2.766675534,1.341754436,9.982145833,0.351838973,8,1,0.22296895,5,0.044349224,1,6.270127131,4.493856946,"430,000.00"
17.66,2,0,2.766675534,1.341754436,9.982145833,0.351838973,8,1,0.22296895,5,0.044349224,1,6.270127131,4.493856946,"430,000.00"
10.57,11,2,0.574608738,9.365425049,0.380556553,0.053768922,31,3,0.253841443,24,0.139402968,4,0.500748682,1.59651451,"3,800,000.00"
22.59,1,0,4.731446487,5.842113383,5.025225136,3.189759435,0,0,3.053364406,0,3.525063347,0,5.736706006,4.444261549,"775,000.00"
23.79,1,0,3.495002423,3.317077568,3.931243406,2.171289137,0,0,0.536616073,2,2.688005657,0,5.500983246,4.276389115,"420,000.00"
21.5,0,0,5.374796464,4.330842323,8.553697374,0.085015366,1,0,0.078489009,1,0.196379228,1,7.263013641,7.777173725,"430,000.00"
17.66,2,0,2.766675534,1.341754436,9.982145833,0.351838973,8,1,0.22296895,5,0.044349224,1,6.270127131,4.493856946,"425,000.00"
8.66,9,1,0.549898445,5.213415717,1.3669029,0.064668268,9,7,0.050657848,13,2.104233363,0,1.284658669,0.825239173,"4,000,000.00"
24.82,1,0,5.090707489,0.409507119,6.811585774,0.031648336,2,1,3.055274365,0,5.118456884,0,7.133131449,4.812728716,"425,000.00"
23.79,1,0,3.495002423,3.317077568,3.931243406,2.171289137,0,0,0.536616073,2,2.688005657,0,5.500983246,4.276389115,"410,000.00"
16.09,3,0,3.208475819,1.913461191,4.504202007,0.650961654,6,0,0.789134066,7,0.681933388,1,3.638046775,4.035968273,"4,000,000.00"
20.21,1,0,4.452395666,3.231228684,9.461703594,1.564251976,1,0,1.45545367,1,1.669502034,1,6.882095043,6.69515565,"430,000.00"
18.99,5,1,1.866050156,1.810057975,0.314617717,0.069482791,9,1,0.265588994,5,0.215824615,5,2.560275109,1.767980392,"2,300,000.00"
10.57,11,2,0.574608738,9.365425049,0.380556553,0.053768922,31,3,0.253841443,24,0.139402968,4,0.500748682,1.59651451,"3,500,000.00"
22.61,3,0,3.998696251,2.379564136,0.489734538,0.201421298,7,2,0.014518784,4,0.899794951,1,3.99247885,2.76473027,"1,000,000.00"
22.59,1,0,4.731446487,5.842113383,5.025225136,3.189759435,0,0,3.053364406,0,3.525063347,0,5.736706006,4.444261549,"650,000.00"
23.79,1,0,3.495002423,3.317077568,3.931243406,2.171289137,0,0,0.536616073,2,2.688005657,0,5.500983246,4.276389115,"425,000.00"
14.19,1,0,4.333994379,4.620078445,3.239812649,0.047187666,14,1,0.207307327,9,1.832361316,1,2.853306008,2.55936892,"2,100,000.00"
11.82,0,0,44.09041707,23.87619254,29.9865024,41.00006341,0,0,27.59853886,0,44.43829173,0,46.80715227,38.6255204,"2,500,000.00"
21.5,0,0,5.374796464,4.330842323,8.553697374,0.085015366,1,0,0.078489009,1,0.196379228,1,7.263013641,7.777173725,"440,000.00"
17.05,1,0,3.288533063,7.422553915,3.42874365,0.209031029,5,2,0.224225553,7,0.102080252,2,4.183153917,1.893212984,"865,000.00"
10.57,11,2,0.574608738,9.365425049,0.380556553,0.053768922,31,3,0.253841443,24,0.139402968,4,0.500748682,1.59651451,"4,500,000.00"
18.85,3,0,2.75753304,6.672114016,5.148238391,0.144675834,8,2,0.49262073,12,0.048597652,2,4.401620213,1.4674653,"4,000,000.00"
11.35,4,0,3.232578915,6.632045539,4.07247222,0.046516086,15,2,0.275528356,11,1.185148304,2,2.127812617,1.818298797,"3,800,000.00"
24.82,1,0,5.090707489,0.409507119,6.811585774,0.031648336,2,1,3.055274365,0,5.118456884,0,7.133131449,4.812728716,"1,550,000.00"
11.88,9,2,1.412228981,9.949975211,1.714054755,1.241304091,21,3,0.603966541,23,1.196047358,5,1.353496396,2.372959813,"6,500,000.00"
24.82,1,0,5.090707489,0.409507119,6.811585774,0.031648336,2,1,3.055274365,0,5.118456884,0,7.133131449,4.812728716,"875,000.00"
22.59,1,0,4.731446487,5.842113383,5.025225136,3.189759435,0,0,3.053364406,0,3.525063347,0,5.736706006,4.444261549,"750,000.00"
18.99,5,1,1.866050156,1.810057975,0.314617717,0.069482791,9,1,0.265588994,5,0.215824615,5,2.560275109,1.767980392,"1,800,000.00"
11.16,13,0,2.106095585,8.393725938,1.168514876,0.161932175,29,0,0.057423149,19,1.289514894,4,1.203313326,2.598587684,"5,000,000.00"
10.3,15,2,1.59352339,8.252641545,1.126814689,0.547694489,25,2,0.435381787,18,0.978440306,3,1.083609135,2.184000564,"5,500,000.00"
10.96,9,1,1.555973958,11.53988387,0.42972373,0.126142707,18,1,0.460378059,12,0.545357036,3,0.891115717,1.452211198,"2,600,000.00"
18.99,5,1,1.866050156,1.810057975,0.314617717,0.069482791,9,1,0.265588994,5,0.215824615,5,2.560275109,1.767980392,"850,000.00"
15.26,0,0,4.55470152,4.19047343,2.465629359,0.840241812,8,1,0.267587215,10,2.469253581,0,3.159466524,3.18055797,"1,525,000.00"
11.35,4,0,3.232578915,6.632045539,4.07247222,0.046516086,15,2,0.275528356,11,1.185148304,2,2.127812617,1.818298797,"2,800,000.00"
13.87,2,3,1.447933444,2.717124559,7.211964683,2.102517685,0,1,1.010168346,1,1.065715706,2,4.640681644,3.135436539,"1,700,000.00"
13.07,3,1,0.863181347,9.317309022,1.958732342,0.893361754,19,1,0.19376073,17,0.046474146,2,2.271181203,2.501293913,"2,700,000.00"
9.09,4,0,2.772157249,3.826549577,2.984335759,1.034238707,10,3,0.479045577,7,0.882533833,3,2.879540617,1.184738783,"735,294.12"
13.87,2,3,1.447933444,2.717124559,7.211964683,2.102517685,0,1,1.010168346,1,1.065715706,2,4.640681644,3.135436539,"2,000,000.00"
18.85,3,0,2.75753304,6.672114016,5.148238391,0.144675834,8,2,0.49262073,12,0.048597652,2,4.401620213,1.4674653,"1,600,000.00"
13.29,5,1,0.764890663,7.977447158,0.655039484,0.200566162,21,1,0.215235621,15,1.484056738,3,2.429966664,2.547560295,"2,300,000.00"
8.43,25,5,0.68379499,8.270892022,1.393859989,0.06226201,43,10,0.220060054,23,0.776471572,5,0.656539523,1.209048532,"5,500,000.00"
18.85,3,0,2.75753304,6.672114016,5.148238391,0.144675834,8,2,0.49262073,12,0.048597652,2,4.401620213,1.4674653,"1,028,571.43"
17.26,6,0,3.092683935,3.716698378,0.089601941,0.104367405,10,1,0.685837638,5,0.917733437,2,2.121535646,2.422564633,"2,150,000.00"
26.73,2,0,2.277565832,7.139742484,0.085556088,0.046381217,4,0,2.02374757,0,1.820775485,1,5.850247893,4.425054309,"325,581.40"
11.35,4,0,3.232578915,6.632045539,4.07247222,0.046516086,15,2,0.275528356,11,1.185148304,2,2.127812617,1.818298797,"2,800,000.00"
5.42,23,6,0.274439339,6.485148777,0.987947003,0.216845753,46,7,0.248492837,16,0.813136894,5,0.46789424,1.120174736,"11,000,000.00"
13.98,1,1,1.440497502,8.830429042,2.212403368,0.071858443,10,2,0.100746527,11,0.886448814,1,2.748057643,2.54970663,"800,000.00"
10.57,11,2,0.574608738,9.365425049,0.380556553,0.053768922,31,3,0.253841443,24,0.139402968,4,0.500748682,1.59651451,"3,600,000.00"
11.35,4,0,3.232578915,6.632045539,4.07247222,0.046516086,15,2,0.275528356,11,1.185148304,2,2.127812617,1.818298797,"3,800,000.00"
19.58,4,0,2.641934107,6.488082328,4.963431038,0.68748411,11,2,0.049677963,9,0.718878884,2,4.577219575,2.264418746,"724,637.68"
11.35,4,0,3.232578915,6.632045539,4.07247222,0.046516086,15,2,0.275528356,11,1.185148304,2,2.127812617,1.818298797,"2,800,000.00"
16.39,1,0,3.876604793,1.871289347,3.876447241,0.024556017,1,0,1.187704419,5,0.074058786,1,3.340681566,4.15652795,"1,400,000.00"
20.26,1,1,1.649133688,3.755539704,3.334268521,1.353256456,2,0,0.258697703,3,1.646892792,2,4.163488983,3.010456911,"775,000.00"
7.92,3,0,3.124377401,2.473593474,1.881367813,0.073330831,7,2,0.664387274,5,0.241113358,1,2.564621846,1.759637339,"975,000.00"
10.96,9,1,1.555973958,11.53988387,0.42972373,0.126142707,18,1,0.460378059,12,0.545357036,3,0.891115717,1.452211198,"3,500,000.00"
8.66,9,1,0.549898445,5.213415717,1.3669029,0.064668268,9,7,0.050657848,13,2.104233363,0,1.284658669,0.825239173,"6,000,000.00"
18.85,3,0,2.75753304,6.672114016,5.148238391,0.144675834,8,2,0.49262073,12,0.048597652,2,4.401620213,1.4674653,"1,096,121.42"
10.64,6,0,2.246210381,8.09204828,1.80277564,0.069620362,22,0,0.265138276,16,0.346100643,2,1.203411373,2.706880853,"2,566,295.98"
14.94,4,3,1.325521262,3.332054051,6.321523914,0.125554587,9,0,0.297162444,10,0.3277186,2,3.835218788,3.420543751,"1,000,000.00"
18.85,3,0,2.75753304,6.672114016,5.148238391,0.144675834,8,2,0.49262073,12,0.048597652,2,4.401620213,1.4674653,"1,085,714.29"
14.94,4,3,1.325521262,3.332054051,6.321523914,0.125554587,9,0,0.297162444,10,0.3277186,2,3.835218788,3.420543751,"3,400,000.00"
7.57,26,6,0.194328801,7.759564862,1.511477789,0.344641591,43,10,0.118453506,18,0.085681338,5,0.241442313,1.261456637,"13,500,000.00"
17.66,2,0,2.766675534,1.341754436,9.982145833,0.351838973,8,1,0.22296895,5,0.044349224,1,6.270127131,4.493856946,"400,000.00"
11.35,4,0,3.232578915,6.632045539,4.07247222,0.046516086,15,2,0.275528356,11,1.185148304,2,2.127812617,1.818298797,"3,900,000.00"
26.73,2,0,2.277565832,7.139742484,0.085556088,0.046381217,4,0,2.02374757,0,1.820775485,1,5.850247893,4.425054309,"26,804.12"
25.74,2,0,3.750819421,7.090341751,1.668134015,1.342908267,4,1,1.538556531,1,1.538463966,1,5.698412478,4.49286357,"780,000.00"
17.66,2,0,2.766675534,1.341754436,9.982145833,0.351838973,8,1,0.22296895,5,0.044349224,1,6.270127131,4.493856946,"414,285.71"
6.54,34,5,0.725332998,4.402258748,0.777008918,0.041972278,29,16,0.398012992,16,0.373267956,6,0.722986475,0.585683793,"12,000,000.00"
17.66,2,0,2.766675534,1.341754436,9.982145833,0.351838973,8,1,0.22296895,5,0.044349224,1,6.270127131,4.493856946,"400,000.00"
18.85,3,0,2.75753304,6.672114016,5.148238391,0.144675834,8,2,0.49262073,12,0.048597652,2,4.401620213,1.4674653,"1,364,341.09"
23.32,0,0,7.028561387,6.124351023,7.643558956,1.844832933,1,0,1.969323048,1,1.735535589,1,7.878843402,8.549334305,"400,000.00"
15.34,5,0,2.696064051,6.132844101,0.105448493,0.204660942,10,1,0.52902818,12,0.218559789,3,2.499860496,2.543675581,"1,200,000.00"
11.35,7,1,1.971773063,11.56867984,1.096494127,0.154172884,22,2,0.117693578,19,0.795540468,2,1.183824963,1.758799685,"3,225,000.00"
13.53,2,1,0.713835504,8.09724348,0.918343168,0.51923542,23,1,0.470427639,14,1.383128015,3,2.56727733,2.46475222,"2,400,000.00"
8.43,25,5,0.68379499,8.270892022,1.393859989,0.06226201,43,10,0.220060054,23,0.776471572,5,0.656539523,1.209048532,"6,750,000.00"
21.21,3,0,4.001993712,5.27731528,5.682614182,1.481078738,5,0,1.358658138,7,1.820113651,1,5.62599196,3.178849578,"400,000.00"
22.61,3,0,3.998696251,2.379564136,0.489734538,0.201421298,7,2,0.014518784,4,0.899794951,1,3.99247885,2.76473027,"393,750.00"
17.66,2,0,2.766675534,1.341754436,9.982145833,0.351838973,8,1,0.22296895,5,0.044349224,1,6.270127131,4.493856946,"400,000.00"
17.66,2,0,2.766675534,1.341754436,9.982145833,0.351838973,8,1,0.22296895,5,0.044349224,1,6.270127131,4.493856946,"414,285.71"
25.74,2,0,3.750819421,7.090341751,1.668134015,1.342908267,4,1,1.538556531,1,1.538463966,1,5.698412478,4.49286357,"720,000.00"
17.66,2,0,2.766675534,1.341754436,9.982145833,0.351838973,8,1,0.22296895,5,0.044349224,1,6.270127131,4.493856946,"400,000.00"
19.59,1,0,4.65088748,1.626447486,3.488327488,0.0702284,6,0,0.225418134,4,0.132466919,1,3.752484608,4.569323338,"1,650,000.00"
14.19,1,0,4.333994379,4.620078445,3.239812649,0.047187666,14,1,0.207307327,9,1.832361316,1,2.853306008,2.55936892,"2,200,000.00"
25.74,2,0,3.750819421,7.090341751,1.668134015,1.342908267,4,1,1.538556531,1,1.538463966,1,5.698412478,4.49286357,"5,400,000.00"
9.16,19,1,0.668115654,7.480199518,0.647482412,0.047406525,38,5,0.229319769,17,1.221395666,4,1.224741756,1.856131844,"3,950,000.00"
14.29,8,0,2.210242241,12.7198494,0.570907625,0.493071529,12,1,0.450048459,9,0.475998265,3,2.72457472,3.728770782,"1,700,000.00"
23.79,1,0,3.495002423,3.317077568,3.931243406,2.171289137,0,0,0.536616073,2,2.688005657,0,5.500983246,4.276389115,"400,000.00"
31.51,1,1,1.381423128,12.16728407,0.149133019,0.047108561,5,1,0.395558833,1,6.762905565,0,9.361162257,6.139936373,"57,268.72"
22.61,3,0,3.998696251,2.379564136,0.489734538,0.201421298,7,2,0.014518784,4,0.899794951,1,3.99247885,2.76473027,"400,000.00"
11.35,4,0,3.232578915,6.632045539,4.07247222,0.046516086,15,2,0.275528356,11,1.185148304,2,2.127812617,1.818298797,"2,550,000.00"
25.74,2,0,3.750819421,7.090341751,1.668134015,1.342908267,4,1,1.538556531,1,1.538463966,1,5.698412478,4.49286357,"680,000.00"
11.77,4,0,2.074936334,11.38133063,1.883167861,0.106973392,18,2,0.182098855,21,1.505002665,4,1.776388177,2.22687177,"2,700,000.00"
20.21,1,0,4.452395666,3.231228684,9.461703594,1.564251976,1,0,1.45545367,1,1.669502034,1,6.882095043,6.69515565,"430,000.00"
24.82,1,0,5.090707489,0.409507119,6.811585774,0.031648336,2,1,3.055274365,0,5.118456884,0,7.133131449,4.812728716,"400,000.00"
11.16,13,0,2.106095585,8.393725938,1.168514876,0.161932175,29,0,0.057423149,19,1.289514894,4,1.203313326,2.598587684,"3,200,000.00"
8.43,25,5,0.68379499,8.270892022,1.393859989,0.06226201,43,10,0.220060054,23,0.776471572,5,0.656539523,1.209048532,"5,000,000.00"
21.21,3,0,4.001993712,5.27731528,5.682614182,1.481078738,5,0,1.358658138,7,1.820113651,1,5.62599196,3.178849578,"800,000.00"
25.74,2,0,3.750819421,7.090341751,1.668134015,1.342908267,4,1,1.538556531,1,1.538463966,1,5.698412478,4.49286357,"710,000.00"
18.85,3,0,2.75753304,6.672114016,5.148238391,0.144675834,8,2,0.49262073,12,0.048597652,2,4.401620213,1.4674653,"400,000.00"
10.38,7,0,2.238625345,6.877783599,3.104369608,0.312880087,19,3,0.597689536,17,1.345330372,1,1.750968007,2.165828855,"2,400,000.00"
9.16,19,1,0.668115654,7.480199518,0.647482412,0.047406525,38,5,0.229319769,17,1.221395666,4,1.224741756,1.856131844,"3,500,000.00"
17.66,2,0,2.766675534,1.341754436,9.982145833,0.351838973,8,1,0.22296895,5,0.044349224,1,6.270127131,4.493856946,"75,000.00"
11.35,4,0,3.232578915,6.632045539,4.07247222,0.046516086,15,2,0.275528356,11,1.185148304,2,2.127812617,1.818298797,"2,000,000.00"
21.5,0,0,5.374796464,4.330842323,8.553697374,0.085015366,1,0,0.078489009,1,0.196379228,1,7.263013641,7.777173725,"375,000.00"
22.61,3,0,3.998696251,2.379564136,0.489734538,0.201421298,7,2,0.014518784,4,0.899794951,1,3.99247885,2.76473027,"760,000.00"
14.94,4,3,1.325521262,3.332054051,6.321523914,0.125554587,9,0,0.297162444,10,0.3277186,2,3.835218788,3.420543751,"1,350,000.00"
23.32,0,0,7.028561387,6.124351023,7.643558956,1.844832933,1,0,1.969323048,1,1.735535589,1,7.878843402,8.549334305,"557,971.01"
23.32,0,0,7.028561387,6.124351023,7.643558956,1.844832933,1,0,1.969323048,1,1.735535589,1,7.878843402,8.549334305,"580,000.00"
23.32,0,0,7.028561387,6.124351023,7.643558956,1.844832933,1,0,1.969323048,1,1.735535589,1,7.878843402,8.549334305,"430,000.00"
17.66,2,0,2.766675534,1.341754436,9.982145833,0.351838973,8,1,0.22296895,5,0.044349224,1,6.270127131,4.493856946,"450,000.00"
23.32,0,0,7.028561387,6.124351023,7.643558956,1.844832933,1,0,1.969323048,1,1.735535589,1,7.878843402,8.549334305,"375,000.00"
22.48,1,0,5.025437008,4.526230179,2.158402885,2.639915599,0,0,0.360470047,1,2.521308465,0,4.82621559,4.51951349,"600,000.00"
23.32,0,0,7.028561387,6.124351023,7.643558956,1.844832933,1,0,1.969323048,1,1.735535589,1,7.878843402,8.549334305,"584,615.38"
23.32,0,0,7.028561387,6.124351023,7.643558956,1.844832933,1,0,1.969323048,1,1.735535589,1,7.878843402,8.549334305,"312,500.00"
12.98,0,0,2.043785258,6.936892334,0.970979431,0.592912586,15,0,0.753254352,9,1.514111406,2,2.465868046,2.904053309,"2,500,000.00"
25.74,2,0,3.750819421,7.090341751,1.668134015,1.342908267,4,1,1.538556531,1,1.538463966,1,5.698412478,4.49286357,"720,000.00"
17.66,2,0,2.766675534,1.341754436,9.982145833,0.351838973,8,1,0.22296895,5,0.044349224,1,6.270127131,4.493856946,"375,000.00"
11.35,4,0,3.232578915,6.632045539,4.07247222,0.046516086,15,2,0.275528356,11,1.185148304,2,2.127812617,1.818298797,"2,000,000.00"
19.59,1,0,4.65088748,1.626447486,3.488327488,0.0702284,6,0,0.225418134,4,0.132466919,1,3.752484608,4.569323338,"425,000.00"
23.32,0,0,7.028561387,6.124351023,7.643558956,1.844832933,1,0,1.969323048,1,1.735535589,1,7.878843402,8.549334305,"53,571.43"
26.73,2,0,2.277565832,7.139742484,0.085556088,0.046381217,4,0,2.02374757,0,1.820775485,1,5.850247893,4.425054309,"275,000.00"
22.17,1,0,4.381075546,5.789978157,5.043788988,2.80954139,0,0,2.630816887,0,3.073117051,0,5.641117011,4.117985285,"125,000.00"
23.79,1,0,3.495002423,3.317077568,3.931243406,2.171289137,0,0,0.536616073,2,2.688005657,0,5.500983246,4.276389115,"395,000.00"
24.82,1,0,5.090707489,0.409507119,6.811585774,0.031648336,2,1,3.055274365,0,5.118456884,0,7.133131449,4.812728716,"400,000.00"
23.79,1,0,3.495002423,3.317077568,3.931243406,2.171289137,0,0,0.536616073,2,2.688005657,0,5.500983246,4.276389115,"400,000.00"
6.54,34,5,0.725332998,4.402258748,0.777008918,0.041972278,29,16,0.398012992,16,0.373267956,6,0.722986475,0.585683793,"4,900,000.00"
13.07,3,1,0.863181347,9.317309022,1.958732342,0.893361754,19,1,0.19376073,17,0.046474146,2,2.271181203,2.501293913,"3,000,000.00"
16.39,1,0,3.876604793,1.871289347,3.876447241,0.024556017,1,0,1.187704419,5,0.074058786,1,3.340681566,4.15652795,"1,250,000.00"
17.26,6,0,3.092683935,3.716698378,0.089601941,0.104367405,10,1,0.685837638,5,0.917733437,2,2.121535646,2.422564633,"1,250,000.00"
23.79,1,0,3.495002423,3.317077568,3.931243406,2.171289137,0,0,0.536616073,2,2.688005657,0,5.500983246,4.276389115,"400,000.00"
10.64,6,0,2.246210381,8.09204828,1.80277564,0.069620362,22,0,0.265138276,16,0.346100643,2,1.203411373,2.706880853,"1,200,000.00"
24.82,1,0,5.090707489,0.409507119,6.811585774,0.031648336,2,1,3.055274365,0,5.118456884,0,7.133131449,4.812728716,"400,000.00"
17.66,2,0,2.766675534,1.341754436,9.982145833,0.351838973,8,1,0.22296895,5,0.044349224,1,6.270127131,4.493856946,"375,000.00"
14.94,4,3,1.325521262,3.332054051,6.321523914,0.125554587,9,0,0.297162444,10,0.3277186,2,3.835218788,3.420543751,"650,000.00"
18.99,5,1,1.866050156,1.810057975,0.314617717,0.069482791,9,1,0.265588994,5,0.215824615,5,2.560275109,1.767980392,"1,200,000.00"
10.12,12,2,0.701574755,9.739960244,1.63779857,0.09525586,32,4,0.1261487,25,0.447362946,4,1.135299754,0.957193443,"5,400,000.00"
14.94,4,3,1.325521262,3.332054051,6.321523914,0.125554587,9,0,0.297162444,10,0.3277186,2,3.835218788,3.420543751,"1,400,000.00"
16.39,1,0,3.876604793,1.871289347,3.876447241,0.024556017,1,0,1.187704419,5,0.074058786,1,3.340681566,4.15652795,"1,666,666.67"
10.96,9,1,1.555973958,11.53988387,0.42972373,0.126142707,18,1,0.460378059,12,0.545357036,3,0.891115717,1.452211198,"2,500,000.00"
14.94,4,3,1.325521262,3.332054051,6.321523914,0.125554587,9,0,0.297162444,10,0.3277186,2,3.835218788,3.420543751,"1,500,000.00"
18.85,3,0,2.75753304,6.672114016,5.148238391,0.144675834,8,2,0.49262073,12,0.048597652,2,4.401620213,1.4674653,"983,333.33"
20.21,1,0,4.452395666,3.231228684,9.461703594,1.564251976,1,0,1.45545367,1,1.669502034,1,6.882095043,6.69515565,"450,000.00"
13.98,1,1,1.440497502,8.830429042,2.212403368,0.071858443,10,2,0.100746527,11,0.886448814,1,2.748057643,2.54970663,"1,800,000.00"
10.57,11,2,0.574608738,9.365425049,0.380556553,0.053768922,31,3,0.253841443,24,0.139402968,4,0.500748682,1.59651451,"2,333,333.33"
10.57,11,2,0.574608738,9.365425049,0.380556553,0.053768922,31,3,0.253841443,24,0.139402968,4,0.500748682,1.59651451,"3,700,000.00"
10.17,2,0,4.058399008,4.338834957,3.691421741,0.024061544,8,3,0.20022063,7,0.081344253,2,3.520838738,1.731537463,"1,250,000.00"
42.89,2,0,17.30386792,25.98399192,0.638579249,0.092605017,7,3,1.670624688,2,3.822489362,0,20.27564198,8.252888495,"95,000.00"
17.66,2,0,2.766675534,1.341754436,9.982145833,0.351838973,8,1,0.22296895,5,0.044349224,1,6.270127131,4.493856946,"400,000.00"
22.61,3,0,3.998696251,2.379564136,0.489734538,0.201421298,7,2,0.014518784,4,0.899794951,1,3.99247885,2.76473027,"400,000.00"
13.87,2,3,1.447933444,2.717124559,7.211964683,2.102517685,0,1,1.010168346,1,1.065715706,2,4.640681644,3.135436539,"2,100,000.00"
11.35,4,0,3.232578915,6.632045539,4.07247222,0.046516086,15,2,0.275528356,11,1.185148304,2,2.127812617,1.818298797,"4,800,000.00"
13.87,2,3,1.447933444,2.717124559,7.211964683,2.102517685,0,1,1.010168346,1,1.065715706,2,4.640681644,3.135436539,"2,200,000.00"
14.94,4,3,1.325521262,3.332054051,6.321523914,0.125554587,9,0,0.297162444,10,0.3277186,2,3.835218788,3.420543751,"3,350,000.00"
8.66,9,1,0.549898445,5.213415717,1.3669029,0.064668268,9,7,0.050657848,13,2.104233363,0,1.284658669,0.825239173,"3,500,000.00"
18.85,3,0,2.75753304,6.672114016,5.148238391,0.144675834,8,2,0.49262073,12,0.048597652,2,4.401620213,1.4674653,"400,000.00"
6.54,34,5,0.725332998,4.402258748,0.777008918,0.041972278,29,16,0.398012992,16,0.373267956,6,0.722986475,0.585683793,"4,000,000.00"
11.35,4,0,3.232578915,6.632045539,4.07247222,0.046516086,15,2,0.275528356,11,1.185148304,2,2.127812617,1.818298797,"2,461,538.46"
22.48,1,0,5.025437008,4.526230179,2.158402885,2.639915599,0,0,0.360470047,1,2.521308465,0,4.82621559,4.51951349,"285,000.00"
25.91,2,2,0.770564739,5.442128017,2.425299821,2.68514114,0,0,2.119728706,0,2.78061435,0,5.68174556,4.911417308,"266,666.67"
18.85,3,0,2.75753304,6.672114016,5.148238391,0.144675834,8,2,0.49262073,12,0.048597652,2,4.401620213,1.4674653,"1,350,000.00"
7.57,26,6,0.194328801,7.759564862,1.511477789,0.344641591,43,10,0.118453506,18,0.085681338,5,0.241442313,1.261456637,"15,000,000.00"
13.98,1,1,1.440497502,8.830429042,2.212403368,0.071858443,10,2,0.100746527,11,0.886448814,1,2.748057643,2.54970663,"1,350,000.00"
19.59,1,0,4.65088748,1.626447486,3.488327488,0.0702284,6,0,0.225418134,4,0.132466919,1,3.752484608,4.569323338,"229,166.67"
26.73,2,0,2.277565832,7.139742484,0.085556088,0.046381217,4,0,2.02374757,0,1.820775485,1,5.850247893,4.425054309,"35,714.29"
11.35,4,0,3.232578915,6.632045539,4.07247222,0.046516086,15,2,0.275528356,11,1.185148304,2,2.127812617,1.818298797,"3,000,000.00"
13.53,2,1,0.713835504,8.09724348,0.918343168,0.51923542,23,1,0.470427639,14,1.383128015,3,2.56727733,2.46475222,"1,325,000.00"
17.66,2,0,2.766675534,1.341754436,9.982145833,0.351838973,8,1,0.22296895,5,0.044349224,1,6.270127131,4.493856946,"450,000.00"
10.57,11,2,0.574608738,9.365425049,0.380556553,0.053768922,31,3,0.253841443,24,0.139402968,4,0.500748682,1.59651451,"2,800,000.00"
11.35,4,0,3.232578915,6.632045539,4.07247222,0.046516086,15,2,0.275528356,11,1.185148304,2,2.127812617,1.818298797,"450,000.00"
26.73,2,0,2.277565832,7.139742484,0.085556088,0.046381217,4,0,2.02374757,0,1.820775485,1,5.850247893,4.425054309,"42,000.00"
22.48,1,0,5.025437008,4.526230179,2.158402885,2.639915599,0,0,0.360470047,1,2.521308465,0,4.82621559,4.51951349,"900,000.00"
12.98,0,0,2.043785258,6.936892334,0.970979431,0.592912586,15,0,0.753254352,9,1.514111406,2,2.465868046,2.904053309,"1,425,000.00"
10.96,9,1,1.555973958,11.53988387,0.42972373,0.126142707,18,1,0.460378059,12,0.545357036,3,0.891115717,1.452211198,"6,500,000.00"
13.98,1,1,1.440497502,8.830429042,2.212403368,0.071858443,10,2,0.100746527,11,0.886448814,1,2.748057643,2.54970663,"6,500,000.00"
26.73,2,0,2.277565832,7.139742484,0.085556088,0.046381217,4,0,2.02374757,0,1.820775485,1,5.850247893,4.425054309,"275,000.00"
10.57,11,2,0.574608738,9.365425049,0.380556553,0.053768922,31,3,0.253841443,24,0.139402968,4,0.500748682,1.59651451,"3,600,000.00"
22.59,1,0,4.731446487,5.842113383,5.025225136,3.189759435,0,0,3.053364406,0,3.525063347,0,5.736706006,4.444261549,"1,100,000.00"
11.35,4,0,3.232578915,6.632045539,4.07247222,0.046516086,15,2,0.275528356,11,1.185148304,2,2.127812617,1.818298797,"1,000,000.00"
19.59,1,0,4.65088748,1.626447486,3.488327488,0.0702284,6,0,0.225418134,4,0.132466919,1,3.752484608,4.569323338,"412,371.13"
23.32,0,0,7.028561387,6.124351023,7.643558956,1.844832933,1,0,1.969323048,1,1.735535589,1,7.878843402,8.549334305,"656,250.00"
14.14,4,0,2.709960494,3.827825191,5.361563944,1.394740848,15,0,0.241100286,10,1.336383484,2,3.58745219,2.674381232,"1,400,000.00"
23.32,0,0,7.028561387,6.124351023,7.643558956,1.844832933,1,0,1.969323048,1,1.735535589,1,7.878843402,8.549334305,"609,375.00"
23.32,0,0,7.028561387,6.124351023,7.643558956,1.844832933,1,0,1.969323048,1,1.735535589,1,7.878843402,8.549334305,"620,000.00"
23.32,0,0,7.028561387,6.124351023,7.643558956,1.844832933,1,0,1.969323048,1,1.735535589,1,7.878843402,8.549334305,"580,000.00"
23.32,0,0,7.028561387,6.124351023,7.643558956,1.844832933,1,0,1.969323048,1,1.735535589,1,7.878843402,8.549334305,"580,000.00"
19.59,1,0,4.65088748,1.626447486,3.488327488,0.0702284,6,0,0.225418134,4,0.132466919,1,3.752484608,4.569323338,"35,000.00"
11.35,4,0,3.232578915,6.632045539,4.07247222,0.046516086,15,2,0.275528356,11,1.185148304,2,2.127812617,1.818298797,"2,625,000.00"
19.88,4,1,1.514848549,0.984196476,0.596317226,0.864897004,7,1,0.670444824,6,0.139079465,5,3.013258588,1.719960174,"1,675,000.00"
10.64,6,0,2.246210381,8.09204828,1.80277564,0.069620362,22,0,0.265138276,16,0.346100643,2,1.203411373,2.706880853,"1,600,000.00"
14.94,4,3,1.325521262,3.332054051,6.321523914,0.125554587,9,0,0.297162444,10,0.3277186,2,3.835218788,3.420543751,"1,850,000.00"
14.94,4,3,1.325521262,3.332054051,6.321523914,0.125554587,9,0,0.297162444,10,0.3277186,2,3.835218788,3.420543751,"1,350,000.00"
23.32,0,0,7.028561387,6.124351023,7.643558956,1.844832933,1,0,1.969323048,1,1.735535589,1,7.878843402,8.549334305,"375,000.00"
17.66,2,0,2.766675534,1.341754436,9.982145833,0.351838973,8,1,0.22296895,5,0.044349224,1,6.270127131,4.493856946,"420,000.00"
14.94,4,3,1.325521262,3.332054051,6.321523914,0.125554587,9,0,0.297162444,10,0.3277186,2,3.835218788,3.420543751,"1,025,000.00"
14.94,4,3,1.325521262,3.332054051,6.321523914,0.125554587,9,0,0.297162444,10,0.3277186,2,3.835218788,3.420543751,"1,500,000.00"
17.66,2,0,2.766675534,1.341754436,9.982145833,0.351838973,8,1,0.22296895,5,0.044349224,1,6.270127131,4.493856946,"450,000.00"
14.25,3,3,0.833818104,3.171885348,7.325142495,1.087700729,9,1,1.126143462,8,0.799673076,2,4.205907129,3.303200657,"1,600,000.00"
13.98,1,1,1.440497502,8.830429042,2.212403368,0.071858443,10,2,0.100746527,11,0.886448814,1,2.748057643,2.54970663,"1,350,000.00"
9.16,19,1,0.668115654,7.480199518,0.647482412,0.047406525,38,5,0.229319769,17,1.221395666,4,1.224741756,1.856131844,"5,500,000.00"
8.66,9,1,0.549898445,5.213415717,1.3669029,0.064668268,9,7,0.050657848,13,2.104233363,0,1.284658669,0.825239173,"5,000,000.00"
14.94,4,3,1.325521262,3.332054051,6.321523914,0.125554587,9,0,0.297162444,10,0.3277186,2,3.835218788,3.420543751,"2,350,000.00"
13.29,5,1,0.764890663,7.977447158,0.655039484,0.200566162,21,1,0.215235621,15,1.484056738,3,2.429966664,2.547560295,"2,300,000.00"
11.35,4,0,3.232578915,6.632045539,4.07247222,0.046516086,15,2,0.275528356,11,1.185148304,2,2.127812617,1.818298797,"2,000,000.00"
17.66,2,0,2.766675534,1.341754436,9.982145833,0.351838973,8,1,0.22296895,5,0.044349224,1,6.270127131,4.493856946,"375,000.00"
14.94,4,3,1.325521262,3.332054051,6.321523914,0.125554587,9,0,0.297162444,10,0.3277186,2,3.835218788,3.420543751,"1,550,000.00"
11.35,4,0,3.232578915,6.632045539,4.07247222,0.046516086,15,2,0.275528356,11,1.185148304,2,2.127812617,1.818298797,"2,850,000.00"
22.17,1,0,4.381075546,5.789978157,5.043788988,2.80954139,0,0,2.630816887,0,3.073117051,0,5.641117011,4.117985285,"125,000.00"
14.25,3,3,0.833818104,3.171885348,7.325142495,1.087700729,9,1,1.126143462,8,0.799673076,2,4.205907129,3.303200657,"1,700,000.00"
14.25,3,3,0.833818104,3.171885348,7.325142495,1.087700729,9,1,1.126143462,8,0.799673076,2,4.205907129,3.303200657,"2,200,000.00"
15.38,5,0,2.892946748,5.916680103,0.258640378,0.361917499,10,1,0.753042303,13,0.451739087,3,2.485672348,2.708729887,"1,600,000.00"
11.35,4,0,3.232578915,6.632045539,4.07247222,0.046516086,15,2,0.275528356,11,1.185148304,2,2.127812617,1.818298797,"2,000,000.00"
16.29,4,0,4.192002707,4.42688598,1.116855587,1.263830475,3,0,0.437906072,5,1.398902897,1,2.651624321,3.14817086,"1,400,000.00"
17.66,2,0,2.766675534,1.341754436,9.982145833,0.351838973,8,1,0.22296895,5,0.044349224,1,6.270127131,4.493856946,"375,000.00"
22.17,1,0,4.381075546,5.789978157,5.043788988,2.80954139,0,0,2.630816887,0,3.073117051,0,5.641117011,4.117985285,"130,000.00"
26.73,2,0,2.277565832,7.139742484,0.085556088,0.046381217,4,0,2.02374757,0,1.820775485,1,5.850247893,4.425054309,"247,422.68"
16.39,1,0,3.876604793,1.871289347,3.876447241,0.024556017,1,0,1.187704419,5,0.074058786,1,3.340681566,4.15652795,"1,850,000.00"
19.59,1,0,4.65088748,1.626447486,3.488327488,0.0702284,6,0,0.225418134,4,0.132466919,1,3.752484608,4.569323338,"1,890,000.00"
10.96,9,1,1.555973958,11.53988387,0.42972373,0.126142707,18,1,0.460378059,12,0.545357036,3,0.891115717,1.452211198,"9,000,000.00"
16.39,1,0,3.876604793,1.871289347,3.876447241,0.024556017,1,0,1.187704419,5,0.074058786,1,3.340681566,4.15652795,"2,300,000.00"
22.17,1,0,4.381075546,5.789978157,5.043788988,2.80954139,0,0,2.630816887,0,3.073117051,0,5.641117011,4.117985285,"135,000.00"
15.38,5,0,2.892946748,5.916680103,0.258640378,0.361917499,10,1,0.753042303,13,0.451739087,3,2.485672348,2.708729887,"1,800,000.00"
25.05,3,0,2.740672922,5.746503894,0.306706658,0.157991858,4,1,0.375674414,2,0.149143912,1,5.252882255,3.898401641,"695,000.00"
14.94,4,3,1.325521262,3.332054051,6.321523914,0.125554587,9,0,0.297162444,10,0.3277186,2,3.835218788,3.420543751,"700,000.00"
23.32,0,0,7.028561387,6.124351023,7.643558956,1.844832933,1,0,1.969323048,1,1.735535589,1,7.878843402,8.549334305,"570,000.00"
23.32,0,0,7.028561387,6.124351023,7.643558956,1.844832933,1,0,1.969323048,1,1.735535589,1,7.878843402,8.549334305,"585,937.50"
19.88,4,1,1.514848549,0.984196476,0.596317226,0.864897004,7,1,0.670444824,6,0.139079465,5,3.013258588,1.719960174,"1,700,000.00"
23.32,0,0,7.028561387,6.124351023,7.643558956,1.844832933,1,0,1.969323048,1,1.735535589,1,7.878843402,8.549334305,"584,615.38"
26.73,2,0,2.277565832,7.139742484,0.085556088,0.046381217,4,0,2.02374757,0,1.820775485,1,5.850247893,4.425054309,"35,714.29"
10.57,11,2,0.574608738,9.365425049,0.380556553,0.053768922,31,3,0.253841443,24,0.139402968,4,0.500748682,1.59651451,"4,000,000.00"
23.19,0,0,6.881585224,5.805024232,4.826494815,3.753772636,0,0,3.51347514,0,3.702392512,0,6.452242016,6.599959383,"425,000.00"
33.77,0,0,6.641259463,16.57355774,0.072923512,0.081454364,1,0,4.250443413,0,4.440219884,0,13.3115592,10.20612727,"135,000.00"
22.61,3,0,3.998696251,2.379564136,0.489734538,0.201421298,7,2,0.014518784,4,0.899794951,1,3.99247885,2.76473027,"425,000.00"
18.85,3,0,2.75753304,6.672114016,5.148238391,0.144675834,8,2,0.49262073,12,0.048597652,2,4.401620213,1.4674653,"395,000.00"
17.26,6,0,3.092683935,3.716698378,0.089601941,0.104367405,10,1,0.685837638,5,0.917733437,2,2.121535646,2.422564633,"2,100,000.00"
23.32,0,0,7.028561387,6.124351023,7.643558956,1.844832933,1,0,1.969323048,1,1.735535589,1,7.878843402,8.549334305,"430,000.00"
32.68,1,0,2.294937724,14.37716727,0.48593372,2.790312897,0,0,3.134774723,0,5.062639923,0,10.80819371,8.513690933,"140,000.00"
10.96,9,1,1.555973958,11.53988387,0.42972373,0.126142707,18,1,0.460378059,12,0.545357036,3,0.891115717,1.452211198,"3,500,000.00"
11.35,4,0,3.232578915,6.632045539,4.07247222,0.046516086,15,2,0.275528356,11,1.185148304,2,2.127812617,1.818298797,"2,600,000.00"
23.32,0,0,7.028561387,6.124351023,7.643558956,1.844832933,1,0,1.969323048,1,1.735535589,1,7.878843402,8.549334305,"435,000.00"
5.42,23,6,0.274439339,6.485148777,0.987947003,0.216845753,46,7,0.248492837,16,0.813136894,5,0.46789424,1.120174736,"12,500,000.00"
15.1,0,0,2.171838598,1.368499213,7.773051525,1.986464842,1,0,1.374958572,3,1.456845436,1,5.86825643,3.69735894,"1,200,000.00"
31.51,1,1,1.381423128,12.16728407,0.149133019,0.047108561,5,1,0.395558833,1,6.762905565,0,9.361162257,6.139936373,"425,000.00"
15.34,5,0,2.696064051,6.132844101,0.105448493,0.204660942,10,1,0.52902818,12,0.218559789,3,2.499860496,2.543675581,"1,950,000.00"
26.73,2,0,2.277565832,7.139742484,0.085556088,0.046381217,4,0,2.02374757,0,1.820775485,1,5.850247893,4.425054309,"247,422.68"
28.22,1,2,1.15380493,7.821840894,2.501871417,2.54157815,0,0,0.260538796,1,3.935168025,0,7.1656613,5.458152126,"326,666.67"
6.91,31,7,0.091649716,6.394245945,0.920806927,0.57541718,39,9,0.426874198,18,1.055788431,8,1.097833364,1.287787573,"9,500,000.00"
10.38,7,0,2.238625345,6.877783599,3.104369608,0.312880087,19,3,0.597689536,17,1.345330372,1,1.750968007,2.165828855,"3,700,000.00"
11.35,4,0,3.232578915,6.632045539,4.07247222,0.046516086,15,2,0.275528356,11,1.185148304,2,2.127812617,1.818298797,"2,700,000.00"
20.21,1,0,4.452395666,3.231228684,9.461703594,1.564251976,1,0,1.45545367,1,1.669502034,1,6.882095043,6.69515565,"435,000.00"
11.35,4,0,3.232578915,6.632045539,4.07247222,0.046516086,15,2,0.275528356,11,1.185148304,2,2.127812617,1.818298797,"1,400,000.00"
10.57,11,2,0.574608738,9.365425049,0.380556553,0.053768922,31,3,0.253841443,24,0.139402968,4,0.500748682,1.59651451,"3,800,000.00"
11.35,4,0,3.232578915,6.632045539,4.07247222,0.046516086,15,2,0.275528356,11,1.185148304,2,2.127812617,1.818298797,"2,500,000.00"
25.74,2,0,3.750819421,7.090341751,1.668134015,1.342908267,4,1,1.538556531,1,1.538463966,1,5.698412478,4.49286357,"300,000.00"
11.35,4,0,3.232578915,6.632045539,4.07247222,0.046516086,15,2,0.275528356,11,1.185148304,2,2.127812617,1.818298797,"6,500,000.00"
5.42,23,6,0.274439339,6.485148777,0.987947003,0.216845753,46,7,0.248492837,16,0.813136894,5,0.46789424,1.120174736,"15,346,534.65"
21.21,3,0,4.001993712,5.27731528,5.682614182,1.481078738,5,0,1.358658138,7,1.820113651,1,5.62599196,3.178849578,"410,000.00"
17.66,2,0,2.766675534,1.341754436,9.982145833,0.351838973,8,1,0.22296895,5,0.044349224,1,6.270127131,4.493856946,"440,000.00"
14.94,4,3,1.325521262,3.332054051,6.321523914,0.125554587,9,0,0.297162444,10,0.3277186,2,3.835218788,3.420543751,"1,825,000.00"
23.75,1,0,3.351104283,3.08436925,2.215013757,1.781127438,7,1,1.136606202,2,0.861553358,1,5.120823009,3.732607722,"600,000.00"
31.51,1,1,1.381423128,12.16728407,0.149133019,0.047108561,5,1,0.395558833,1,6.762905565,0,9.361162257,6.139936373,"150,000.00"
8.15,19,4,1.142526683,9.155040562,0.029733581,0.369539052,24,5,0.750590563,12,1.16763043,2,0.670066212,1.155265795,"9,000,000.00"
5.42,23,6,0.274439339,6.485148777,0.987947003,0.216845753,46,7,0.248492837,16,0.813136894,5,0.46789424,1.120174736,"11,000,000.00"
22.59,1,0,4.731446487,5.842113383,5.025225136,3.189759435,0,0,3.053364406,0,3.525063347,0,5.736706006,4.444261549,"700,000.00"
17.26,6,0,3.092683935,3.716698378,0.089601941,0.104367405,10,1,0.685837638,5,0.917733437,2,2.121535646,2.422564633,"1,200,000.00"
23.32,0,0,7.028561387,6.124351023,7.643558956,1.844832933,1,0,1.969323048,1,1.735535589,1,7.878843402,8.549334305,"425,000.00"
19.59,1,0,4.65088748,1.626447486,3.488327488,0.0702284,6,0,0.225418134,4,0.132466919,1,3.752484608,4.569323338,"550,000.00"
10.64,6,0,2.246210381,8.09204828,1.80277564,0.069620362,22,0,0.265138276,16,0.346100643,2,1.203411373,2.706880853,"1,900,000.00"
14.19,1,0,4.333994379,4.620078445,3.239812649,0.047187666,14,1,0.207307327,9,1.832361316,1,2.853306008,2.55936892,"1,800,000.00"
16.39,1,0,3.876604793,1.871289347,3.876447241,0.024556017,1,0,1.187704419,5,0.074058786,1,3.340681566,4.15652795,"550,000.00"
18.99,5,1,1.866050156,1.810057975,0.314617717,0.069482791,9,1,0.265588994,5,0.215824615,5,2.560275109,1.767980392,"5,200,000.00"
23.32,0,0,7.028561387,6.124351023,7.643558956,1.844832933,1,0,1.969323048,1,1.735535589,1,7.878843402,8.549334305,"585,937.50"
23.32,0,0,7.028561387,6.124351023,7.643558956,1.844832933,1,0,1.969323048,1,1.735535589,1,7.878843402,8.549334305,"570,000.00"
10.57,11,2,0.574608738,9.365425049,0.380556553,0.053768922,31,3,0.253841443,24,0.139402968,4,0.500748682,1.59651451,"1,600,000.00"
12.98,0,0,2.043785258,6.936892334,0.970979431,0.592912586,15,0,0.753254352,9,1.514111406,2,2.465868046,2.904053309,"2,000,000.00"
20.26,1,1,1.649133688,3.755539704,3.334268521,1.353256456,2,0,0.258697703,3,1.646892792,2,4.163488983,3.010456911,"800,000.00"
12.76,2,0,3.451188718,6.068423112,2.350095105,1.225216639,17,2,1.004871588,8,0.651363299,2,2.259273367,2.561824923,"1,950,000.00"
17.26,6,0,3.092683935,3.716698378,0.089601941,0.104367405,10,1,0.685837638,5,0.917733437,2,2.121535646,2.422564633,"1,500,000.00"
8.43,25,5,0.68379499,8.270892022,1.393859989,0.06226201,43,10,0.220060054,23,0.776471572,5,0.656539523,1.209048532,"6,500,000.00"
24.82,1,0,5.090707489,0.409507119,6.811585774,0.031648336,2,1,3.055274365,0,5.118456884,0,7.133131449,4.812728716,"350,000.00"
17.66,2,0,2.766675534,1.341754436,9.982145833,0.351838973,8,1,0.22296895,5,0.044349224,1,6.270127131,4.493856946,"3,200,000.00"
8.43,25,5,0.68379499,8.270892022,1.393859989,0.06226201,43,10,0.220060054,23,0.776471572,5,0.656539523,1.209048532,"8,500,000.00"
14.29,8,0,2.210242241,12.7198494,0.570907625,0.493071529,12,1,0.450048459,9,0.475998265,3,2.72457472,3.728770782,"2,350,000.00"
17.66,2,0,2.766675534,1.341754436,9.982145833,0.351838973,8,1,0.22296895,5,0.044349224,1,6.270127131,4.493856946,"435,000.00"
23.32,0,0,7.028561387,6.124351023,7.643558956,1.844832933,1,0,1.969323048,1,1.735535589,1,7.878843402,8.549334305,"425,000.00"
22.17,1,0,4.381075546,5.789978157,5.043788988,2.80954139,0,0,2.630816887,0,3.073117051,0,5.641117011,4.117985285,"130,000.00"
13.04,3,0,2.482189224,10.71105259,2.581188405,0.039349016,14,1,0.204933292,14,0.911886638,3,2.521385921,3.017094937,"4,500,000.00"
33.88,0,0,6.61098543,16.68061015,0.161477302,0.07530396,1,0,4.355005079,0,4.536220013,0,13.33440543,10.19838312,"450,000.00"
14.94,4,3,1.325521262,3.332054051,6.321523914,0.125554587,9,0,0.297162444,10,0.3277186,2,3.835218788,3.420543751,"440,000.00"
18.99,5,1,1.866050156,1.810057975,0.314617717,0.069482791,9,1,0.265588994,5,0.215824615,5,2.560275109,1.767980392,"850,000.00"
23.79,1,0,3.495002423,3.317077568,3.931243406,2.171289137,0,0,0.536616073,2,2.688005657,0,5.500983246,4.276389115,"560,000.00"
15.26,0,0,4.55470152,4.19047343,2.465629359,0.840241812,8,1,0.267587215,10,2.469253581,0,3.159466524,3.18055797,"1,400,000.00"
13.29,5,1,0.764890663,7.977447158,0.655039484,0.200566162,21,1,0.215235621,15,1.484056738,3,2.429966664,2.547560295,"3,000,000.00"
7.57,26,6,0.194328801,7.759564862,1.511477789,0.344641591,43,10,0.118453506,18,0.085681338,5,0.241442313,1.261456637,"14,000,000.00"
10.64,6,0,2.246210381,8.09204828,1.80277564,0.069620362,22,0,0.265138276,16,0.346100643,2,1.203411373,2.706880853,"3,000,000.00"
10.57,11,2,0.574608738,9.365425049,0.380556553,0.053768922,31,3,0.253841443,24,0.139402968,4,0.500748682,1.59651451,"3,000,000.00"
10.57,11,2,0.574608738,9.365425049,0.380556553,0.053768922,31,3,0.253841443,24,0.139402968,4,0.500748682,1.59651451,"2,400,000.00"
17.05,1,0,3.288533063,7.422553915,3.42874365,0.209031029,5,2,0.224225553,7,0.102080252,2,4.183153917,1.893212984,"7,500,000.00"
23.32,0,0,7.028561387,6.124351023,7.643558956,1.844832933,1,0,1.969323048,1,1.735535589,1,7.878843402,8.549334305,"244,791.67"
13.98,1,1,1.440497502,8.830429042,2.212403368,0.071858443,10,2,0.100746527,11,0.886448814,1,2.748057643,2.54970663,"1,789,263.16"
11.77,4,0,2.074936334,11.38133063,1.883167861,0.106973392,18,2,0.182098855,21,1.505002665,4,1.776388177,2.22687177,"2,750,611.25"
24.82,1,0,5.090707489,0.409507119,6.811585774,0.031648336,2,1,3.055274365,0,5.118456884,0,7.133131449,4.812728716,"485,000.00"
19.59,1,0,4.65088748,1.626447486,3.488327488,0.0702284,6,0,0.225418134,4,0.132466919,1,3.752484608,4.569323338,"450,000.00"
24.82,1,0,5.090707489,0.409507119,6.811585774,0.031648336,2,1,3.055274365,0,5.118456884,0,7.133131449,4.812728716,"600,000.00"
9.16,19,1,0.668115654,7.480199518,0.647482412,0.047406525,38,5,0.229319769,17,1.221395666,4,1.224741756,1.856131844,"4,100,000.00"
28.22,1,2,1.15380493,7.821840894,2.501871417,2.54157815,0,0,0.260538796,1,3.935168025,0,7.1656613,5.458152126,"333,333.33"
23.32,0,0,7.028561387,6.124351023,7.643558956,1.844832933,1,0,1.969323048,1,1.735535589,1,7.878843402,8.549334305,"350,000.00"
4.22,22,2,1.467277947,5.676326993,0.379336786,0.083896065,46,9,0.234180842,17,0.836102939,4,0.648388584,1.199440728,"15,000,000.00"
23.32,0,0,7.028561387,6.124351023,7.643558956,1.844832933,1,0,1.969323048,1,1.735535589,1,7.878843402,8.549334305,"375,000.00"
18.99,5,1,1.866050156,1.810057975,0.314617717,0.069482791,9,1,0.265588994,5,0.215824615,5,2.560275109,1.767980392,"850,000.00"
15.1,0,0,2.171838598,1.368499213,7.773051525,1.986464842,1,0,1.374958572,3,1.456845436,1,5.86825643,3.69735894,"620,000.00"
28.22,1,2,1.15380493,7.821840894,2.501871417,2.54157815,0,0,0.260538796,1,3.935168025,0,7.1656613,5.458152126,"265,000.00"
7.57,26,6,0.194328801,7.759564862,1.511477789,0.344641591,43,10,0.118453506,18,0.085681338,5,0.241442313,1.261456637,"8,125,677.14"
23.79,1,0,3.495002423,3.317077568,3.931243406,2.171289137,0,0,0.536616073,2,2.688005657,0,5.500983246,4.276389115,"395,000.00"
23.32,0,0,7.028561387,6.124351023,7.643558956,1.844832933,1,0,1.969323048,1,1.735535589,1,7.878843402,8.549334305,"375,000.00"
17.66,2,0,2.766675534,1.341754436,9.982145833,0.351838973,8,1,0.22296895,5,0.044349224,1,6.270127131,4.493856946,"414,285.71"
17.66,2,0,2.766675534,1.341754436,9.982145833,0.351838973,8,1,0.22296895,5,0.044349224,1,6.270127131,4.493856946,"400,000.00"
16.39,1,0,3.876604793,1.871289347,3.876447241,0.024556017,1,0,1.187704419,5,0.074058786,1,3.340681566,4.15652795,"1,100,000.00"
10.64,6,0,2.246210381,8.09204828,1.80277564,0.069620362,22,0,0.265138276,16,0.346100643,2,1.203411373,2.706880853,"2,500,000.00"
17.66,2,0,2.766675534,1.341754436,9.982145833,0.351838973,8,1,0.22296895,5,0.044349224,1,6.270127131,4.493856946,"420,000.00"
21.5,0,0,5.374796464,4.330842323,8.553697374,0.085015366,1,0,0.078489009,1,0.196379228,1,7.263013641,7.777173725,"440,000.00"
18.99,5,1,1.866050156,1.810057975,0.314617717,0.069482791,9,1,0.265588994,5,0.215824615,5,2.560275109,1.767980392,"2,500,000.00"
20.21,1,0,4.452395666,3.231228684,9.461703594,1.564251976,1,0,1.45545367,1,1.669502034,1,6.882095043,6.69515565,"435,000.00"
20.21,1,0,4.452395666,3.231228684,9.461703594,1.564251976,1,0,1.45545367,1,1.669502034,1,6.882095043,6.69515565,"425,000.00"
23.52,1,0,4.517601805,5.391227259,2.05266268,1.79869111,1,1,1.44591556,3,1.743481817,1,4.84824702,4.589242247,"615,384.62"
31.51,1,1,1.381423128,12.16728407,0.149133019,0.047108561,5,1,0.395558833,1,6.762905565,0,9.361162257,6.139936373,"135,000.00"
23.32,0,0,7.028561387,6.124351023,7.643558956,1.844832933,1,0,1.969323048,1,1.735535589,1,7.878843402,8.549334305,"593,750.00"
19.59,1,0,4.65088748,1.626447486,3.488327488,0.0702284,6,0,0.225418134,4,0.132466919,1,3.752484608,4.569323338,"325,000.00"
23.32,0,0,7.028561387,6.124351023,7.643558956,1.844832933,1,0,1.969323048,1,1.735535589,1,7.878843402,8.549334305,"437,500.00"
33.77,0,0,6.641259463,16.57355774,0.072923512,0.081454364,1,0,4.250443413,0,4.440219884,0,13.3115592,10.20612727,"125,000.00"
22.17,1,0,4.381075546,5.789978157,5.043788988,2.80954139,0,0,2.630816887,0,3.073117051,0,5.641117011,4.117985285,"135,000.00"
33.77,0,0,6.641259463,16.57355774,0.072923512,0.081454364,1,0,4.250443413,0,4.440219884,0,13.3115592,10.20612727,"135,000.00"
26.73,2,0,2.277565832,7.139742484,0.085556088,0.046381217,4,0,2.02374757,0,1.820775485,1,5.850247893,4.425054309,"247,422.68"
23.32,0,0,7.028561387,6.124351023,7.643558956,1.844832933,1,0,1.969323048,1,1.735535589,1,7.878843402,8.549334305,"416,666.67"
23.32,0,0,7.028561387,6.124351023,7.643558956,1.844832933,1,0,1.969323048,1,1.735535589,1,7.878843402,8.549334305,"350,000.00"
22.48,1,0,5.025437008,4.526230179,2.158402885,2.639915599,0,0,0.360470047,1,2.521308465,0,4.82621559,4.51951349,"592,307.69"
20.21,1,0,4.452395666,3.231228684,9.461703594,1.564251976,1,0,1.45545367,1,1.669502034,1,6.882095043,6.69515565,"425,000.00"
17.26,6,0,3.092683935,3.716698378,0.089601941,0.104367405,10,1,0.685837638,5,0.917733437,2,2.121535646,2.422564633,"1,375,000.00"
10.96,9,1,1.555973958,11.53988387,0.42972373,0.126142707,18,1,0.460378059,12,0.545357036,3,0.891115717,1.452211198,"4,250,000.00"
17.66,2,0,2.766675534,1.341754436,9.982145833,0.351838973,8,1,0.22296895,5,0.044349224,1,6.270127131,4.493856946,"375,000.00"
23.32,0,0,7.028561387,6.124351023,7.643558956,1.844832933,1,0,1.969323048,1,1.735535589,1,7.878843402,8.549334305,"375,000.00"
11.77,4,0,2.074936334,11.38133063,1.883167861,0.106973392,18,2,0.182098855,21,1.505002665,4,1.776388177,2.22687177,"3,000,000.00"
5.79,34,5,0.246501641,5.260460783,1.882027165,0.177139619,56,16,0.270995056,20,0.262818416,7,0.619406784,0.899429589,"14,500,000.00"
14.19,1,0,4.333994379,4.620078445,3.239812649,0.047187666,14,1,0.207307327,9,1.832361316,1,2.853306008,2.55936892,"2,650,000.00"
11.35,4,0,3.232578915,6.632045539,4.07247222,0.046516086,15,2,0.275528356,11,1.185148304,2,2.127812617,1.818298797,"8,700,000.00"
19.59,1,0,4.65088748,1.626447486,3.488327488,0.0702284,6,0,0.225418134,4,0.132466919,1,3.752484608,4.569323338,"375,000.00"
25.74,2,0,3.750819421,7.090341751,1.668134015,1.342908267,4,1,1.538556531,1,1.538463966,1,5.698412478,4.49286357,"265,000.00"
9.16,19,1,0.668115654,7.480199518,0.647482412,0.047406525,38,5,0.229319769,17,1.221395666,4,1.224741756,1.856131844,"10,000,000.00"
11.35,4,0,3.232578915,6.632045539,4.07247222,0.046516086,15,2,0.275528356,11,1.185148304,2,2.127812617,1.818298797,"3,500,000.00"
23.32,0,0,7.028561387,6.124351023,7.643558956,1.844832933,1,0,1.969323048,1,1.735535589,1,7.878843402,8.549334305,"430,000.00"
23.32,0,0,7.028561387,6.124351023,7.643558956,1.844832933,1,0,1.969323048,1,1.735535589,1,7.878843402,8.549334305,"425,000.00"
24.82,1,0,5.090707489,0.409507119,6.811585774,0.031648336,2,1,3.055274365,0,5.118456884,0,7.133131449,4.812728716,"395,000.00"
24.82,1,0,5.090707489,0.409507119,6.811585774,0.031648336,2,1,3.055274365,0,5.118456884,0,7.133131449,4.812728716,"395,000.00"
14.94,4,3,1.325521262,3.332054051,6.321523914,0.125554587,9,0,0.297162444,10,0.3277186,2,3.835218788,3.420543751,"440,000.00"
23.79,1,0,3.495002423,3.317077568,3.931243406,2.171289137,0,0,0.536616073,2,2.688005657,0,5.500983246,4.276389115,"395,000.00"
17.66,2,0,2.766675534,1.341754436,9.982145833,0.351838973,8,1,0.22296895,5,0.044349224,1,6.270127131,4.493856946,"375,000.00"
17.66,2,0,2.766675534,1.341754436,9.982145833,0.351838973,8,1,0.22296895,5,0.044349224,1,6.270127131,4.493856946,"450,000.00"
7.57,26,6,0.194328801,7.759564862,1.511477789,0.344641591,43,10,0.118453506,18,0.085681338,5,0.241442313,1.261456637,"15,000,000.00"
11.88,9,2,1.412228981,9.949975211,1.714054755,1.241304091,21,3,0.603966541,23,1.196047358,5,1.353496396,2.372959813,"4,000,000.00"
23.32,0,0,7.028561387,6.124351023,7.643558956,1.844832933,1,0,1.969323048,1,1.735535589,1,7.878843402,8.549334305,"593,750.00"
23.32,0,0,7.028561387,6.124351023,7.643558956,1.844832933,1,0,1.969323048,1,1.735535589,1,7.878843402,8.549334305,"576,923.08"
23.32,0,0,7.028561387,6.124351023,7.643558956,1.844832933,1,0,1.969323048,1,1.735535589,1,7.878843402,8.549334305,"550,724.64"
23.79,1,0,3.495002423,3.317077568,3.931243406,2.171289137,0,0,0.536616073,2,2.688005657,0,5.500983246,4.276389115,"395,000.00"
14.94,4,3,1.325521262,3.332054051,6.321523914,0.125554587,9,0,0.297162444,10,0.3277186,2,3.835218788,3.420543751,"440,000.00"
16.39,1,0,3.876604793,1.871289347,3.876447241,0.024556017,1,0,1.187704419,5,0.074058786,1,3.340681566,4.15652795,"1,950,000.00"
14.94,4,3,1.325521262,3.332054051,6.321523914,0.125554587,9,0,0.297162444,10,0.3277186,2,3.835218788,3.420543751,"1,500,000.00"
4.22,22,2,1.467277947,5.676326993,0.379336786,0.083896065,46,9,0.234180842,17,0.836102939,4,0.648388584,1.199440728,"9,000,000.00"
17.66,2,0,2.766675534,1.341754436,9.982145833,0.351838973,8,1,0.22296895,5,0.044349224,1,6.270127131,4.493856946,"64,285.71"
26.73,2,0,2.277565832,7.139742484,0.085556088,0.046381217,4,0,2.02374757,0,1.820775485,1,5.850247893,4.425054309,"250,000.00"
26.73,2,0,2.277565832,7.139742484,0.085556088,0.046381217,4,0,2.02374757,0,1.820775485,1,5.850247893,4.425054309,"270,833.33"
17.66,2,0,2.766675534,1.341754436,9.982145833,0.351838973,8,1,0.22296895,5,0.044349224,1,6.270127131,4.493856946,"455,000.00"
15.34,5,0,2.696064051,6.132844101,0.105448493,0.204660942,10,1,0.52902818,12,0.218559789,3,2.499860496,2.543675581,"2,000,000.00"
15.61,1,0,2.815780545,7.844997389,2.642167315,1.094447394,8,1,0.197954158,9,1.35247462,1,3.728015063,2.321288365,"1,900,000.00"
12.76,2,0,3.451188718,6.068423112,2.350095105,1.225216639,17,2,1.004871588,8,0.651363299,2,2.259273367,2.561824923,"2,357,142.86"
8.15,19,4,1.142526683,9.155040562,0.029733581,0.369539052,24,5,0.750590563,12,1.16763043,2,0.670066212,1.155265795,"14,000,000.00"
17.05,1,0,3.288533063,7.422553915,3.42874365,0.209031029,5,2,0.224225553,7,0.102080252,2,4.183153917,1.893212984,"1,000,000.00"
10.57,11,2,0.574608738,9.365425049,0.380556553,0.053768922,31,3,0.253841443,24,0.139402968,4,0.500748682,1.59651451,"9,000,000.00"
19.59,1,0,4.65088748,1.626447486,3.488327488,0.0702284,6,0,0.225418134,4,0.132466919,1,3.752484608,4.569323338,"342,857.14"
23.32,0,0,7.028561387,6.124351023,7.643558956,1.844832933,1,0,1.969323048,1,1.735535589,1,7.878843402,8.549334305,"46,875.00"
10.96,9,1,1.555973958,11.53988387,0.42972373,0.126142707,18,1,0.460378059,12,0.545357036,3,0.891115717,1.452211198,"5,800,000.00"
23.79,1,0,3.495002423,3.317077568,3.931243406,2.171289137,0,0,0.536616073,2,2.688005657,0,5.500983246,4.276389115,"410,000.00"
11.35,4,0,3.232578915,6.632045539,4.07247222,0.046516086,15,2,0.275528356,11,1.185148304,2,2.127812617,1.818298797,"1,350,000.00"
17.66,2,0,2.766675534,1.341754436,9.982145833,0.351838973,8,1,0.22296895,5,0.044349224,1,6.270127131,4.493856946,"400,000.00"
17.66,2,0,2.766675534,1.341754436,9.982145833,0.351838973,8,1,0.22296895,5,0.044349224,1,6.270127131,4.493856946,"414,285.71"
18.99,5,1,1.866050156,1.810057975,0.314617717,0.069482791,9,1,0.265588994,5,0.215824615,5,2.560275109,1.767980392,"650,000.00"
10.96,9,1,1.555973958,11.53988387,0.42972373,0.126142707,18,1,0.460378059,12,0.545357036,3,0.891115717,1.452211198,"6,500,000.00"
19.71,0,0,3.111648242,4.82012831,4.139335299,1.620328235,3,0,0.677020622,5,2.368213012,0,4.70561188,3.225338106,"850,000.00"
15.34,5,0,2.696064051,6.132844101,0.105448493,0.204660942,10,1,0.52902818,12,0.218559789,3,2.499860496,2.543675581,"1,800,000.00"
14.19,1,0,4.333994379,4.620078445,3.239812649,0.047187666,14,1,0.207307327,9,1.832361316,1,2.853306008,2.55936892,"2,100,000.00"
14.19,1,0,4.333994379,4.620078445,3.239812649,0.047187666,14,1,0.207307327,9,1.832361316,1,2.853306008,2.55936892,"1,380,000.00"
8.43,25,5,0.68379499,8.270892022,1.393859989,0.06226201,43,10,0.220060054,23,0.776471572,5,0.656539523,1.209048532,"8,333,333.33"
10.38,7,0,2.238625345,6.877783599,3.104369608,0.312880087,19,3,0.597689536,17,1.345330372,1,1.750968007,2.165828855,"2,100,000.00"
11.35,4,0,3.232578915,6.632045539,4.07247222,0.046516086,15,2,0.275528356,11,1.185148304,2,2.127812617,1.818298797,"2,100,000.00"
11.35,4,0,3.232578915,6.632045539,4.07247222,0.046516086,15,2,0.275528356,11,1.185148304,2,2.127812617,1.818298797,"2,200,000.00"
10.57,11,2,0.574608738,9.365425049,0.380556553,0.053768922,31,3,0.253841443,24,0.139402968,4,0.500748682,1.59651451,"2,800,000.00"
26.68,0,0,3.18607699,4.713399699,5.211530471,4.438861782,0,0,3.463452279,0,4.105365541,0,7.515233246,6.442885101,"700,000.00"
12.89,7,0,2.847591288,12.64244388,0.528389071,0.028453853,12,2,0.113299872,20,1.052875673,5,1.58575455,3.057863335,"2,600,000.00"
11.35,4,0,3.232578915,6.632045539,4.07247222,0.046516086,15,2,0.275528356,11,1.185148304,2,2.127812617,1.818298797,"4,000,000.00"
26.73,2,0,2.277565832,7.139742484,0.085556088,0.046381217,4,0,2.02374757,0,1.820775485,1,5.850247893,4.425054309,"37,790.70"
19.59,1,0,4.65088748,1.626447486,3.488327488,0.0702284,6,0,0.225418134,4,0.132466919,1,3.752484608,4.569323338,"789,473.68"
22.61,3,0,3.998696251,2.379564136,0.489734538,0.201421298,7,2,0.014518784,4,0.899794951,1,3.99247885,2.76473027,"410,000.00"
22.61,3,0,3.998696251,2.379564136,0.489734538,0.201421298,7,2,0.014518784,4,0.899794951,1,3.99247885,2.76473027,"425,000.00"
22.61,3,0,3.998696251,2.379564136,0.489734538,0.201421298,7,2,0.014518784,4,0.899794951,1,3.99247885,2.76473027,"400,000.00"
18.85,3,0,2.75753304,6.672114016,5.148238391,0.144675834,8,2,0.49262073,12,0.048597652,2,4.401620213,1.4674653,"410,000.00"
34.52,1,0,10.86360423,17.54383842,0.032153225,0.022707491,1,0,6.08034501,0,6.910724352,0,14.5292775,10.27685828,"179,000.00"
25.74,2,0,3.750819421,7.090341751,1.668134015,1.342908267,4,1,1.538556531,1,1.538463966,1,5.698412478,4.49286357,"720,000.00"
25.74,2,0,3.750819421,7.090341751,1.668134015,1.342908267,4,1,1.538556531,1,1.538463966,1,5.698412478,4.49286357,"720,000.00"
33.77,0,0,6.641259463,16.57355774,0.072923512,0.081454364,1,0,4.250443413,0,4.440219884,0,13.3115592,10.20612727,"135,000.00"
16.59,5,0,2.608908914,11.97471579,0.081116297,1.376162129,9,0,0.686165524,3,1.817842108,1,3.2722982,4.822241396,"2,700,000.00"
25.74,2,0,3.750819421,7.090341751,1.668134015,1.342908267,4,1,1.538556531,1,1.538463966,1,5.698412478,4.49286357,"720,000.00"
22.17,1,0,4.381075546,5.789978157,5.043788988,2.80954139,0,0,2.630816887,0,3.073117051,0,5.641117011,4.117985285,"135,000.00"
25.74,2,0,3.750819421,7.090341751,1.668134015,1.342908267,4,1,1.538556531,1,1.538463966,1,5.698412478,4.49286357,"680,000.00"
11.35,4,0,3.232578915,6.632045539,4.07247222,0.046516086,15,2,0.275528356,11,1.185148304,2,2.127812617,1.818298797,"1,900,000.00"
22.17,1,0,4.381075546,5.789978157,5.043788988,2.80954139,0,0,2.630816887,0,3.073117051,0,5.641117011,4.117985285,"125,000.00"
8.43,25,5,0.68379499,8.270892022,1.393859989,0.06226201,43,10,0.220060054,23,0.776471572,5,0.656539523,1.209048532,"5,500,000.00"
16.29,4,0,4.192002707,4.42688598,1.116855587,1.263830475,3,0,0.437906072,5,1.398902897,1,2.651624321,3.14817086,"1,580,000.00"
15.34,5,0,2.696064051,6.132844101,0.105448493,0.204660942,10,1,0.52902818,12,0.218559789,3,2.499860496,2.543675581,"1,925,000.00"
10.12,12,2,0.701574755,9.739960244,1.63779857,0.09525586,32,4,0.1261487,25,0.447362946,4,1.135299754,0.957193443,"4,000,000.00"
14.94,4,3,1.325521262,3.332054051,6.321523914,0.125554587,9,0,0.297162444,10,0.3277186,2,3.835218788,3.420543751,"425,000.00"
20.21,1,0,4.452395666,3.231228684,9.461703594,1.564251976,1,0,1.45545367,1,1.669502034,1,6.882095043,6.69515565,"422,535.21"
22.61,3,0,3.998696251,2.379564136,0.489734538,0.201421298,7,2,0.014518784,4,0.899794951,1,3.99247885,2.76473027,"400,000.00"
17.66,2,0,2.766675534,1.341754436,9.982145833,0.351838973,8,1,0.22296895,5,0.044349224,1,6.270127131,4.493856946,"430,000.00"
22.61,3,0,3.998696251,2.379564136,0.489734538,0.201421298,7,2,0.014518784,4,0.899794951,1,3.99247885,2.76473027,"420,000.00"
18.85,3,0,2.75753304,6.672114016,5.148238391,0.144675834,8,2,0.49262073,12,0.048597652,2,4.401620213,1.4674653,"415,000.00"
22.61,3,0,3.998696251,2.379564136,0.489734538,0.201421298,7,2,0.014518784,4,0.899794951,1,3.99247885,2.76473027,"420,000.00"
20.6,2,0,2.980391516,6.381005066,4.599591077,1.798092586,6,1,1.152219705,5,1.7676894,1,5.034060992,3.319801389,"760,000.00"
14.19,1,0,4.333994379,4.620078445,3.239812649,0.047187666,14,1,0.207307327,9,1.832361316,1,2.853306008,2.55936892,"1,525,000.00"
15.34,5,0,2.696064051,6.132844101,0.105448493,0.204660942,10,1,0.52902818,12,0.218559789,3,2.499860496,2.543675581,"3,000,000.00"
19.59,1,0,4.65088748,1.626447486,3.488327488,0.0702284,6,0,0.225418134,4,0.132466919,1,3.752484608,4.569323338,"328,571.43"
15.34,5,0,2.696064051,6.132844101,0.105448493,0.204660942,10,1,0.52902818,12,0.218559789,3,2.499860496,2.543675581,"2,333,333.33"
5.79,34,5,0.246501641,5.260460783,1.882027165,0.177139619,56,16,0.270995056,20,0.262818416,7,0.619406784,0.899429589,"18,000,000.00"
14.19,1,0,4.333994379,4.620078445,3.239812649,0.047187666,14,1,0.207307327,9,1.832361316,1,2.853306008,2.55936892,"2,000,000.00"
20.21,1,0,4.452395666,3.231228684,9.461703594,1.564251976,1,0,1.45545367,1,1.669502034,1,6.882095043,6.69515565,"400,000.00"
12.76,2,0,3.451188718,6.068423112,2.350095105,1.225216639,17,2,1.004871588,8,0.651363299,2,2.259273367,2.561824923,"1,500,000.00"
10.57,11,2,0.574608738,9.365425049,0.380556553,0.053768922,31,3,0.253841443,24,0.139402968,4,0.500748682,1.59651451,"4,700,000.00"
14.19,1,0,4.333994379,4.620078445,3.239812649,0.047187666,14,1,0.207307327,9,1.832361316,1,2.853306008,2.55936892,"2,100,000.00"
17.26,6,0,3.092683935,3.716698378,0.089601941,0.104367405,10,1,0.685837638,5,0.917733437,2,2.121535646,2.422564633,"2,550,000.00"
23.32,0,0,7.028561387,6.124351023,7.643558956,1.844832933,1,0,1.969323048,1,1.735535589,1,7.878843402,8.549334305,"44,791.67"
9.61,2,0,4.418797371,3.481613553,2.679374305,1.038703539,5,1,1.06259087,5,1.092881018,2,3.833930644,2.189414859,"5,000,000.00"
23.32,0,0,7.028561387,6.124351023,7.643558956,1.844832933,1,0,1.969323048,1,1.735535589,1,7.878843402,8.549334305,"543,478.26"
10.96,9,1,1.555973958,11.53988387,0.42972373,0.126142707,18,1,0.460378059,12,0.545357036,3,0.891115717,1.452211198,"3,500,000.00"
10.96,9,1,1.555973958,11.53988387,0.42972373,0.126142707,18,1,0.460378059,12,0.545357036,3,0.891115717,1.452211198,"3,000,000.00"
13.98,1,1,1.440497502,8.830429042,2.212403368,0.071858443,10,2,0.100746527,11,0.886448814,1,2.748057643,2.54970663,"1,500,000.00"
23.32,0,0,7.028561387,6.124351023,7.643558956,1.844832933,1,0,1.969323048,1,1.735535589,1,7.878843402,8.549334305,"575,000.00"
23.32,0,0,7.028561387,6.124351023,7.643558956,1.844832933,1,0,1.969323048,1,1.735535589,1,7.878843402,8.549334305,"593,750.00"
23.32,0,0,7.028561387,6.124351023,7.643558956,1.844832933,1,0,1.969323048,1,1.735535589,1,7.878843402,8.549334305,"593,750.00"
17.66,2,0,2.766675534,1.341754436,9.982145833,0.351838973,8,1,0.22296895,5,0.044349224,1,6.270127131,4.493856946,"450,000.00"
14.25,3,3,0.833818104,3.171885348,7.325142495,1.087700729,9,1,1.126143462,8,0.799673076,2,4.205907129,3.303200657,"1,600,000.00"
16.39,1,0,3.876604793,1.871289347,3.876447241,0.024556017,1,0,1.187704419,5,0.074058786,1,3.340681566,4.15652795,"1,400,000.00"
10.56,10,2,0.1918214,9.666038251,0.888089233,0.089743676,25,3,0.100129552,24,0.129686103,4,0.634317711,1.338208605,"2,850,000.00"
17.66,2,0,2.766675534,1.341754436,9.982145833,0.351838973,8,1,0.22296895,5,0.044349224,1,6.270127131,4.493856946,"435,000.00"
20.21,1,0,4.452395666,3.231228684,9.461703594,1.564251976,1,0,1.45545367,1,1.669502034,1,6.882095043,6.69515565,"430,000.00"
17.05,1,0,3.288533063,7.422553915,3.42874365,0.209031029,5,2,0.224225553,7,0.102080252,2,4.183153917,1.893212984,"1,200,000.00"
23.32,0,0,7.028561387,6.124351023,7.643558956,1.844832933,1,0,1.969323048,1,1.735535589,1,7.878843402,8.549334305,"430,000.00"
17.66,2,0,2.766675534,1.341754436,9.982145833,0.351838973,8,1,0.22296895,5,0.044349224,1,6.270127131,4.493856946,"375,000.00"
7.47,17,4,1.087295775,5.384151821,0.890410619,0.586071568,30,11,0.440548846,15,0.831388942,3,0.85680006,0.690853659,"11,500,000.00"
15.34,5,0,2.696064051,6.132844101,0.105448493,0.204660942,10,1,0.52902818,12,0.218559789,3,2.499860496,2.543675581,"2,425,000.00"
10.3,15,2,1.59352339,8.252641545,1.126814689,0.547694489,25,2,0.435381787,18,0.978440306,3,1.083609135,2.184000564,"6,000,000.00"
15.38,5,0,2.892946748,5.916680103,0.258640378,0.361917499,10,1,0.753042303,13,0.451739087,3,2.485672348,2.708729887,"1,800,000.00"
10.3,15,2,1.59352339,8.252641545,1.126814689,0.547694489,25,2,0.435381787,18,0.978440306,3,1.083609135,2.184000564,"2,500,000.00"
17.66,2,0,2.766675534,1.341754436,9.982145833,0.351838973,8,1,0.22296895,5,0.044349224,1,6.270127131,4.493856946,"1,000,000.00"
14.29,8,0,2.210242241,12.7198494,0.570907625,0.493071529,12,1,0.450048459,9,0.475998265,3,2.72457472,3.728770782,"2,690,000.00"
20.21,1,0,4.452395666,3.231228684,9.461703594,1.564251976,1,0,1.45545367,1,1.669502034,1,6.882095043,6.69515565,"435,000.00"
11.35,4,0,3.232578915,6.632045539,4.07247222,0.046516086,15,2,0.275528356,11,1.185148304,2,2.127812617,1.818298797,"2,600,000.00"
17.26,6,0,3.092683935,3.716698378,0.089601941,0.104367405,10,1,0.685837638,5,0.917733437,2,2.121535646,2.422564633,"275,000.00"
14.14,4,0,2.709960494,3.827825191,5.361563944,1.394740848,15,0,0.241100286,10,1.336383484,2,3.58745219,2.674381232,"1,150,000.00"
11.35,4,0,3.232578915,6.632045539,4.07247222,0.046516086,15,2,0.275528356,11,1.185148304,2,2.127812617,1.818298797,"2,600,000.00"
17.55,1,1,1.528256375,2.190662202,6.554829238,2.404134968,0,0,1.352554897,5,3.006269992,0,4.525962254,4.828612949,"750,000.00"
19.59,1,0,4.65088748,1.626447486,3.488327488,0.0702284,6,0,0.225418134,4,0.132466919,1,3.752484608,4.569323338,"590,476.19"
24.82,1,0,5.090707489,0.409507119,6.811585774,0.031648336,2,1,3.055274365,0,5.118456884,0,7.133131449,4.812728716,"410,000.00"
25.74,2,0,3.750819421,7.090341751,1.668134015,1.342908267,4,1,1.538556531,1,1.538463966,1,5.698412478,4.49286357,"720,000.00"
14.94,4,3,1.325521262,3.332054051,6.321523914,0.125554587,9,0,0.297162444,10,0.3277186,2,3.835218788,3.420543751,"1,500,000.00"
22.23,1,0,2.066639561,2.084154269,2.774966866,1.614189459,4,0,1.089978011,4,2.096324857,0,4.144215105,3.208395444,"700,000.00"
15.34,5,0,2.696064051,6.132844101,0.105448493,0.204660942,10,1,0.52902818,12,0.218559789,3,2.499860496,2.543675581,"1,925,000.00"
10.57,11,2,0.574608738,9.365425049,0.380556553,0.053768922,31,3,0.253841443,24,0.139402968,4,0.500748682,1.59651451,"2,300,000.00"
12.05,12,0,2.665279975,11.82000181,1.565890489,0.622711857,18,1,0.624649718,16,0.901434846,3,1.62108223,2.347759475,"1,700,000.00"
14.94,4,3,1.325521262,3.332054051,6.321523914,0.125554587,9,0,0.297162444,10,0.3277186,2,3.835218788,3.420543751,"1,500,000.00"
25.74,2,0,3.750819421,7.090341751,1.668134015,1.342908267,4,1,1.538556531,1,1.538463966,1,5.698412478,4.49286357,"780,000.00"
10.57,11,2,0.574608738,9.365425049,0.380556553,0.053768922,31,3,0.253841443,24,0.139402968,4,0.500748682,1.59651451,"5,500,000.00"
17.66,2,0,2.766675534,1.341754436,9.982145833,0.351838973,8,1,0.22296895,5,0.044349224,1,6.270127131,4.493856946,"414,285.71"
20.21,1,0,4.452395666,3.231228684,9.461703594,1.564251976,1,0,1.45545367,1,1.669502034,1,6.882095043,6.69515565,"400,000.00"
26.68,0,0,3.18607699,4.713399699,5.211530471,4.438861782,0,0,3.463452279,0,4.105365541,0,7.515233246,6.442885101,"360,000.00"
17.66,2,0,2.766675534,1.341754436,9.982145833,0.351838973,8,1,0.22296895,5,0.044349224,1,6.270127131,4.493856946,"420,000.00"
14.94,4,3,1.325521262,3.332054051,6.321523914,0.125554587,9,0,0.297162444,10,0.3277186,2,3.835218788,3.420543751,"440,000.00"
24.82,1,0,5.090707489,0.409507119,6.811585774,0.031648336,2,1,3.055274365,0,5.118456884,0,7.133131449,4.812728716,"375,000.00"
10.96,9,1,1.555973958,11.53988387,0.42972373,0.126142707,18,1,0.460378059,12,0.545357036,3,0.891115717,1.452211198,"2,983,606.56"
11.77,4,0,2.074936334,11.38133063,1.883167861,0.106973392,18,2,0.182098855,21,1.505002665,4,1.776388177,2.22687177,"2,811,735.94"
9.16,19,1,0.668115654,7.480199518,0.647482412,0.047406525,38,5,0.229319769,17,1.221395666,4,1.224741756,1.856131844,"4,200,000.00"
23.79,1,0,3.495002423,3.317077568,3.931243406,2.171289137,0,0,0.536616073,2,2.688005657,0,5.500983246,4.276389115,"395,000.00"
17.66,2,0,2.766675534,1.341754436,9.982145833,0.351838973,8,1,0.22296895,5,0.044349224,1,6.270127131,4.493856946,"400,000.00"
10.38,7,0,2.238625345,6.877783599,3.104369608,0.312880087,19,3,0.597689536,17,1.345330372,1,1.750968007,2.165828855,"2,700,000.00"
26.68,0,0,3.18607699,4.713399699,5.211530471,4.438861782,0,0,3.463452279,0,4.105365541,0,7.515233246,6.442885101,"325,000.00"
5.79,34,5,0.246501641,5.260460783,1.882027165,0.177139619,56,16,0.270995056,20,0.262818416,7,0.619406784,0.899429589,"20,000,000.00"
17.66,2,0,2.766675534,1.341754436,9.982145833,0.351838973,8,1,0.22296895,5,0.044349224,1,6.270127131,4.493856946,"440,000.00"
10.57,11,2,0.574608738,9.365425049,0.380556553,0.053768922,31,3,0.253841443,24,0.139402968,4,0.500748682,1.59651451,"2,900,000.00"
18.85,3,0,2.75753304,6.672114016,5.148238391,0.144675834,8,2,0.49262073,12,0.048597652,2,4.401620213,1.4674653,"1,250,000.00"
9.16,19,1,0.668115654,7.480199518,0.647482412,0.047406525,38,5,0.229319769,17,1.221395666,4,1.224741756,1.856131844,"5,500,000.00"
31.51,1,1,1.381423128,12.16728407,0.149133019,0.047108561,5,1,0.395558833,1,6.762905565,0,9.361162257,6.139936373,"123,333.33"
8.64,23,6,0.896575355,8.629160454,1.365402286,0.008397406,39,8,0.35812499,20,1.008108031,5,0.787712631,1.198216875,"4,333,333.33"
23.79,1,0,3.495002423,3.317077568,3.931243406,2.171289137,0,0,0.536616073,2,2.688005657,0,5.500983246,4.276389115,"650,000.00"
14.94,4,3,1.325521262,3.332054051,6.321523914,0.125554587,9,0,0.297162444,10,0.3277186,2,3.835218788,3.420543751,"1,135,483.87"
5.79,34,5,0.246501641,5.260460783,1.882027165,0.177139619,56,16,0.270995056,20,0.262818416,7,0.619406784,0.899429589,"10,000,000.00"
14.94,4,3,1.325521262,3.332054051,6.321523914,0.125554587,9,0,0.297162444,10,0.3277186,2,3.835218788,3.420543751,"1,275,000.00"
5.79,34,5,0.246501641,5.260460783,1.882027165,0.177139619,56,16,0.270995056,20,0.262818416,7,0.619406784,0.899429589,"23,846,153.85"
17.66,2,0,2.766675534,1.341754436,9.982145833,0.351838973,8,1,0.22296895,5,0.044349224,1,6.270127131,4.493856946,"375,000.00"
33.77,0,0,6.641259463,16.57355774,0.072923512,0.081454364,1,0,4.250443413,0,4.440219884,0,13.3115592,10.20612727,"135,000.00"
33.77,0,0,6.641259463,16.57355774,0.072923512,0.081454364,1,0,4.250443413,0,4.440219884,0,13.3115592,10.20612727,"135,000.00"
7.57,26,6,0.194328801,7.759564862,1.511477789,0.344641591,43,10,0.118453506,18,0.085681338,5,0.241442313,1.261456637,"14,000,000.00"
22.48,1,0,5.025437008,4.526230179,2.158402885,2.639915599,0,0,0.360470047,1,2.521308465,0,4.82621559,4.51951349,"406,250.00"
9.16,19,1,0.668115654,7.480199518,0.647482412,0.047406525,38,5,0.229319769,17,1.221395666,4,1.224741756,1.856131844,"4,500,000.00"
23.32,0,0,7.028561387,6.124351023,7.643558956,1.844832933,1,0,1.969323048,1,1.735535589,1,7.878843402,8.549334305,"575,000.00"
15.26,0,0,4.55470152,4.19047343,2.465629359,0.840241812,8,1,0.267587215,10,2.469253581,0,3.159466524,3.18055797,"1,400,000.00"
23.32,0,0,7.028561387,6.124351023,7.643558956,1.844832933,1,0,1.969323048,1,1.735535589,1,7.878843402,8.549334305,"542,857.14"
14.29,8,0,2.210242241,12.7198494,0.570907625,0.493071529,12,1,0.450048459,9,0.475998265,3,2.72457472,3.728770782,"2,500,000.00"
17.05,1,0,3.288533063,7.422553915,3.42874365,0.209031029,5,2,0.224225553,7,0.102080252,2,4.183153917,1.893212984,"1,300,000.00"
8.15,19,4,1.142526683,9.155040562,0.029733581,0.369539052,24,5,0.750590563,12,1.16763043,2,0.670066212,1.155265795,"8,000,000.00"
10.64,6,0,2.246210381,8.09204828,1.80277564,0.069620362,22,0,0.265138276,16,0.346100643,2,1.203411373,2.706880853,"2,070,588.24"
6.73,6,1,1.300993752,2.160657347,2.397392981,0.538187595,7,1,0.543993094,3,1.249144145,1,3.195450231,4.125546371,"6,500,000.00"
4.65,45,2,1.31096963,3.666523287,0.237042731,0.319050688,71,14,0.127508492,16,0.527304778,8,0.768026527,0.568819294,"12,500,000.00"
14.19,1,0,4.333994379,4.620078445,3.239812649,0.047187666,14,1,0.207307327,9,1.832361316,1,2.853306008,2.55936892,"2,150,000.00"
15.34,5,0,2.696064051,6.132844101,0.105448493,0.204660942,10,1,0.52902818,12,0.218559789,3,2.499860496,2.543675581,"1,450,000.00"
15.34,5,0,2.696064051,6.132844101,0.105448493,0.204660942,10,1,0.52902818,12,0.218559789,3,2.499860496,2.543675581,"2,425,000.00"
7.57,26,6,0.194328801,7.759564862,1.511477789,0.344641591,43,10,0.118453506,18,0.085681338,5,0.241442313,1.261456637,"12,500,000.00"
26.73,2,0,2.277565832,7.139742484,0.085556088,0.046381217,4,0,2.02374757,0,1.820775485,1,5.850247893,4.425054309,"293,333.33"
11.35,4,0,3.232578915,6.632045539,4.07247222,0.046516086,15,2,0.275528356,11,1.185148304,2,2.127812617,1.818298797,"2,100,000.00"
28.22,1,2,1.15380493,7.821840894,2.501871417,2.54157815,0,0,0.260538796,1,3.935168025,0,7.1656613,5.458152126,"325,000.00"
28.22,1,2,1.15380493,7.821840894,2.501871417,2.54157815,0,0,0.260538796,1,3.935168025,0,7.1656613,5.458152126,"300,000.00"
22.61,3,0,3.998696251,2.379564136,0.489734538,0.201421298,7,2,0.014518784,4,0.899794951,1,3.99247885,2.76473027,"415,000.00"
18.85,3,0,2.75753304,6.672114016,5.148238391,0.144675834,8,2,0.49262073,12,0.048597652,2,4.401620213,1.4674653,"395,000.00"
22.61,3,0,3.998696251,2.379564136,0.489734538,0.201421298,7,2,0.014518784,4,0.899794951,1,3.99247885,2.76473027,"400,000.00"
17.66,2,0,2.766675534,1.341754436,9.982145833,0.351838973,8,1,0.22296895,5,0.044349224,1,6.270127131,4.493856946,"400,000.00"
23.32,0,0,7.028561387,6.124351023,7.643558956,1.844832933,1,0,1.969323048,1,1.735535589,1,7.878843402,8.549334305,"325,000.00"
18.85,3,0,2.75753304,6.672114016,5.148238391,0.144675834,8,2,0.49262073,12,0.048597652,2,4.401620213,1.4674653,"420,000.00"
22.61,3,0,3.998696251,2.379564136,0.489734538,0.201421298,7,2,0.014518784,4,0.899794951,1,3.99247885,2.76473027,"410,000.00"
18.85,3,0,2.75753304,6.672114016,5.148238391,0.144675834,8,2,0.49262073,12,0.048597652,2,4.401620213,1.4674653,"1,100,000.00"
23.79,1,0,3.495002423,3.317077568,3.931243406,2.171289137,0,0,0.536616073,2,2.688005657,0,5.500983246,4.276389115,"395,000.00"
23.32,0,0,7.028561387,6.124351023,7.643558956,1.844832933,1,0,1.969323048,1,1.735535589,1,7.878843402,8.549334305,"430,000.00"
23.32,0,0,7.028561387,6.124351023,7.643558956,1.844832933,1,0,1.969323048,1,1.735535589,1,7.878843402,8.549334305,"447,916.67"
26.68,0,0,3.18607699,4.713399699,5.211530471,4.438861782,0,0,3.463452279,0,4.105365541,0,7.515233246,6.442885101,"275,000.00"
6.23,24,1,1.968711266,2.401511963,0.536960132,0.22982904,28,7,0.52250527,7,0.457804718,7,1.477911091,1.688037499,"5,500,000.00"
11.35,4,0,3.232578915,6.632045539,4.07247222,0.046516086,15,2,0.275528356,11,1.185148304,2,2.127812617,1.818298797,"2,291,666.67"
13.98,1,1,1.440497502,8.830429042,2.212403368,0.071858443,10,2,0.100746527,11,0.886448814,1,2.748057643,2.54970663,"1,900,000.00"
12.76,2,0,3.451188718,6.068423112,2.350095105,1.225216639,17,2,1.004871588,8,0.651363299,2,2.259273367,2.561824923,"1,700,000.00"
23.32,0,0,7.028561387,6.124351023,7.643558956,1.844832933,1,0,1.969323048,1,1.735535589,1,7.878843402,8.549334305,"325,000.00"
10.96,9,1,1.555973958,11.53988387,0.42972373,0.126142707,18,1,0.460378059,12,0.545357036,3,0.891115717,1.452211198,"3,500,000.00"
17.66,2,0,2.766675534,1.341754436,9.982145833,0.351838973,8,1,0.22296895,5,0.044349224,1,6.270127131,4.493856946,"435,000.00"
20.21,1,0,4.452395666,3.231228684,9.461703594,1.564251976,1,0,1.45545367,1,1.669502034,1,6.882095043,6.69515565,"425,000.00"
18.85,3,0,2.75753304,6.672114016,5.148238391,0.144675834,8,2,0.49262073,12,0.048597652,2,4.401620213,1.4674653,"800,000.00"
11.35,4,0,3.232578915,6.632045539,4.07247222,0.046516086,15,2,0.275528356,11,1.185148304,2,2.127812617,1.818298797,"3,800,000.00"
22.48,1,0,5.025437008,4.526230179,2.158402885,2.639915599,0,0,0.360470047,1,2.521308465,0,4.82621559,4.51951349,"325,000.00"
20.21,1,0,4.452395666,3.231228684,9.461703594,1.564251976,1,0,1.45545367,1,1.669502034,1,6.882095043,6.69515565,"430,000.00"
14.94,4,3,1.325521262,3.332054051,6.321523914,0.125554587,9,0,0.297162444,10,0.3277186,2,3.835218788,3.420543751,"440,000.00"
11.35,4,0,3.232578915,6.632045539,4.07247222,0.046516086,15,2,0.275528356,11,1.185148304,2,2.127812617,1.818298797,"2,200,000.00"
18.53,3,1,1.382323394,7.828666399,4.094241806,1.152335673,10,2,0.353464627,6,1.290549374,3,4.033657597,2.347041609,"900,000.00"
28.22,1,2,1.15380493,7.821840894,2.501871417,2.54157815,0,0,0.260538796,1,3.935168025,0,7.1656613,5.458152126,"350,000.00"
26.73,2,0,2.277565832,7.139742484,0.085556088,0.046381217,4,0,2.02374757,0,1.820775485,1,5.850247893,4.425054309,"247,422.68"
23.32,0,0,7.028561387,6.124351023,7.643558956,1.844832933,1,0,1.969323048,1,1.735535589,1,7.878843402,8.549334305,"593,750.00"
23.32,0,0,7.028561387,6.124351023,7.643558956,1.844832933,1,0,1.969323048,1,1.735535589,1,7.878843402,8.549334305,"576,923.08"
23.32,0,0,7.028561387,6.124351023,7.643558956,1.844832933,1,0,1.969323048,1,1.735535589,1,7.878843402,8.549334305,"584,615.38"
23.32,0,0,7.028561387,6.124351023,7.643558956,1.844832933,1,0,1.969323048,1,1.735535589,1,7.878843402,8.549334305,"342,857.14"
15.34,5,0,2.696064051,6.132844101,0.105448493,0.204660942,10,1,0.52902818,12,0.218559789,3,2.499860496,2.543675581,"2,425,000.00"
23.32,0,0,7.028561387,6.124351023,7.643558956,1.844832933,1,0,1.969323048,1,1.735535589,1,7.878843402,8.549334305,"435,000.00"
23.32,0,0,7.028561387,6.124351023,7.643558956,1.844832933,1,0,1.969323048,1,1.735535589,1,7.878843402,8.549334305,"416,666.67"
20.21,1,0,4.452395666,3.231228684,9.461703594,1.564251976,1,0,1.45545367,1,1.669502034,1,6.882095043,6.69515565,"430,000.00"
18.85,3,0,2.75753304,6.672114016,5.148238391,0.144675834,8,2,0.49262073,12,0.048597652,2,4.401620213,1.4674653,"425,000.00"
22.61,3,0,3.998696251,2.379564136,0.489734538,0.201421298,7,2,0.014518784,4,0.899794951,1,3.99247885,2.76473027,"433,333.33"
13.07,3,1,0.863181347,9.317309022,1.958732342,0.893361754,19,1,0.19376073,17,0.046474146,2,2.271181203,2.501293913,"2,350,000.00"
17.66,2,0,2.766675534,1.341754436,9.982145833,0.351838973,8,1,0.22296895,5,0.044349224,1,6.270127131,4.493856946,"400,000.00"
17.66,2,0,2.766675534,1.341754436,9.982145833,0.351838973,8,1,0.22296895,5,0.044349224,1,6.270127131,4.493856946,"414,285.71"
17.66,2,0,2.766675534,1.341754436,9.982145833,0.351838973,8,1,0.22296895,5,0.044349224,1,6.270127131,4.493856946,"425,000.00"
22.61,3,0,3.998696251,2.379564136,0.489734538,0.201421298,7,2,0.014518784,4,0.899794951,1,3.99247885,2.76473027,"450,000.00"
22.61,3,0,3.998696251,2.379564136,0.489734538,0.201421298,7,2,0.014518784,4,0.899794951,1,3.99247885,2.76473027,"410,000.00"
18.85,3,0,2.75753304,6.672114016,5.148238391,0.144675834,8,2,0.49262073,12,0.048597652,2,4.401620213,1.4674653,"1,000,000.00"
11.82,0,0,44.09041707,23.87619254,29.9865024,41.00006341,0,0,27.59853886,0,44.43829173,0,46.80715227,38.6255204,"1,600,000.00"
10.96,9,1,1.555973958,11.53988387,0.42972373,0.126142707,18,1,0.460378059,12,0.545357036,3,0.891115717,1.452211198,"334,467.12"
23.32,0,0,7.028561387,6.124351023,7.643558956,1.844832933,1,0,1.969323048,1,1.735535589,1,7.878843402,8.549334305,"385,000.00"
19.59,1,0,4.65088748,1.626447486,3.488327488,0.0702284,6,0,0.225418134,4,0.132466919,1,3.752484608,4.569323338,"375,000.00"
14.19,1,0,4.333994379,4.620078445,3.239812649,0.047187666,14,1,0.207307327,9,1.832361316,1,2.853306008,2.55936892,"7,500,000.00"
23.32,0,0,7.028561387,6.124351023,7.643558956,1.844832933,1,0,1.969323048,1,1.735535589,1,7.878843402,8.549334305,"430,000.00"
20.21,1,0,4.452395666,3.231228684,9.461703594,1.564251976,1,0,1.45545367,1,1.669502034,1,6.882095043,6.69515565,"440,000.00"
28.22,1,2,1.15380493,7.821840894,2.501871417,2.54157815,0,0,0.260538796,1,3.935168025,0,7.1656613,5.458152126,"325,000.00"
23.79,1,0,3.495002423,3.317077568,3.931243406,2.171289137,0,0,0.536616073,2,2.688005657,0,5.500983246,4.276389115,"395,000.00"
23.32,0,0,7.028561387,6.124351023,7.643558956,1.844832933,1,0,1.969323048,1,1.735535589,1,7.878843402,8.549334305,"593,750.00"
14.19,1,0,4.333994379,4.620078445,3.239812649,0.047187666,14,1,0.207307327,9,1.832361316,1,2.853306008,2.55936892,"2,950,000.00"
17.66,2,0,2.766675534,1.341754436,9.982145833,0.351838973,8,1,0.22296895,5,0.044349224,1,6.270127131,4.493856946,"430,000.00"
10.3,15,2,1.59352339,8.252641545,1.126814689,0.547694489,25,2,0.435381787,18,0.978440306,3,1.083609135,2.184000564,"3,600,000.00"
10.57,11,2,0.574608738,9.365425049,0.380556553,0.053768922,31,3,0.253841443,24,0.139402968,4,0.500748682,1.59651451,"5,727,272.73"
22.96,1,0,5.591785435,10.69856876,0.239087891,0.321212936,2,0,2.946017003,0,1.661365418,1,5.157977569,8.104959232,"1,200,000.00"
7.47,17,4,1.087295775,5.384151821,0.890410619,0.586071568,30,11,0.440548846,15,0.831388942,3,0.85680006,0.690853659,"12,500,000.00"
28.22,1,2,1.15380493,7.821840894,2.501871417,2.54157815,0,0,0.260538796,1,3.935168025,0,7.1656613,5.458152126,"325,000.00"
15.34,5,0,2.696064051,6.132844101,0.105448493,0.204660942,10,1,0.52902818,12,0.218559789,3,2.499860496,2.543675581,"2,050,000.00"
5.79,34,5,0.246501641,5.260460783,1.882027165,0.177139619,56,16,0.270995056,20,0.262818416,7,0.619406784,0.899429589,"20,000,000.00"
18.99,5,1,1.866050156,1.810057975,0.314617717,0.069482791,9,1,0.265588994,5,0.215824615,5,2.560275109,1.767980392,"1,650,000.00"
19.59,1,0,4.65088748,1.626447486,3.488327488,0.0702284,6,0,0.225418134,4,0.132466919,1,3.752484608,4.569323338,"750,000.00"
6.89,5,0,3.717758587,0.88874305,1.423243732,0.999755514,17,1,1.255491869,4,0.870345501,4,2.914685377,2.725919577,"6,200,000.00"
10.38,7,0,2.238625345,6.877783599,3.104369608,0.312880087,19,3,0.597689536,17,1.345330372,1,1.750968007,2.165828855,"2,000,000.00"
25.74,2,0,3.750819421,7.090341751,1.668134015,1.342908267,4,1,1.538556531,1,1.538463966,1,5.698412478,4.49286357,"720,000.00"
17.66,2,0,2.766675534,1.341754436,9.982145833,0.351838973,8,1,0.22296895,5,0.044349224,1,6.270127131,4.493856946,"430,000.00"
9.16,19,1,0.668115654,7.480199518,0.647482412,0.047406525,38,5,0.229319769,17,1.221395666,4,1.224741756,1.856131844,"3,200,000.00"
17.66,2,0,2.766675534,1.341754436,9.982145833,0.351838973,8,1,0.22296895,5,0.044349224,1,6.270127131,4.493856946,"1,600,000.00"
18.85,3,0,2.75753304,6.672114016,5.148238391,0.144675834,8,2,0.49262073,12,0.048597652,2,4.401620213,1.4674653,"400,000.00"
9.61,2,0,4.418797371,3.481613553,2.679374305,1.038703539,5,1,1.06259087,5,1.092881018,2,3.833930644,2.189414859,"4,555,555.56"
10.96,9,1,1.555973958,11.53988387,0.42972373,0.126142707,18,1,0.460378059,12,0.545357036,3,0.891115717,1.452211198,"4,200,000.00"
10.69,4,0,3.223569049,5.653280045,3.840661249,0.675773505,13,4,1.099343865,11,0.973892745,3,3.243475551,1.252826919,"896,341.46"
17.66,2,0,2.766675534,1.341754436,9.982145833,0.351838973,8,1,0.22296895,5,0.044349224,1,6.270127131,4.493856946,"450,000.00"
26.73,2,0,2.277565832,7.139742484,0.085556088,0.046381217,4,0,2.02374757,0,1.820775485,1,5.850247893,4.425054309,"271,844.66"
14.19,1,0,4.333994379,4.620078445,3.239812649,0.047187666,14,1,0.207307327,9,1.832361316,1,2.853306008,2.55936892,"2,400,000.00"
22.23,1,0,2.066639561,2.084154269,2.774966866,1.614189459,4,0,1.089978011,4,2.096324857,0,4.144215105,3.208395444,"700,000.00"
24.82,1,0,5.090707489,0.409507119,6.811585774,0.031648336,2,1,3.055274365,0,5.118456884,0,7.133131449,4.812728716,"450,000.00"
11.35,4,0,3.232578915,6.632045539,4.07247222,0.046516086,15,2,0.275528356,11,1.185148304,2,2.127812617,1.818298797,"2,100,000.00"
18.53,3,1,1.382323394,7.828666399,4.094241806,1.152335673,10,2,0.353464627,6,1.290549374,3,4.033657597,2.347041609,"1,350,000.00"
20.24,1,0,3.729080607,4.504986165,4.95573539,0.829883185,4,0,0.912161919,8,1.926911036,1,5.067406955,2.94636537,"1,000,000.00"
23.32,0,0,7.028561387,6.124351023,7.643558956,1.844832933,1,0,1.969323048,1,1.735535589,1,7.878843402,8.549334305,"584,615.38"
26.73,2,0,2.277565832,7.139742484,0.085556088,0.046381217,4,0,2.02374757,0,1.820775485,1,5.850247893,4.425054309,"250,000.00"
23.32,0,0,7.028561387,6.124351023,7.643558956,1.844832933,1,0,1.969323048,1,1.735535589,1,7.878843402,8.549334305,"550,724.64"
28.22,1,2,1.15380493,7.821840894,2.501871417,2.54157815,0,0,0.260538796,1,3.935168025,0,7.1656613,5.458152126,"300,000.00"
8.66,9,1,0.549898445,5.213415717,1.3669029,0.064668268,9,7,0.050657848,13,2.104233363,0,1.284658669,0.825239173,"5,600,000.00"
23.32,0,0,7.028561387,6.124351023,7.643558956,1.844832933,1,0,1.969323048,1,1.735535589,1,7.878843402,8.549334305,"437,500.00"
18.99,5,1,1.866050156,1.810057975,0.314617717,0.069482791,9,1,0.265588994,5,0.215824615,5,2.560275109,1.767980392,"3,000,000.00"
23.32,0,0,7.028561387,6.124351023,7.643558956,1.844832933,1,0,1.969323048,1,1.735535589,1,7.878843402,8.549334305,"575,000.00"
17.66,2,0,2.766675534,1.341754436,9.982145833,0.351838973,8,1,0.22296895,5,0.044349224,1,6.270127131,4.493856946,"425,000.00"
10.96,9,1,1.555973958,11.53988387,0.42972373,0.126142707,18,1,0.460378059,12,0.545357036,3,0.891115717,1.452211198,"3,965,517.24"
12.81,3,0,2.294267062,3.810259639,6.162879321,1.38023374,3,2,0.186265789,6,0.911429645,2,4.278925666,2.283965239,"565,000.00"
10.96,9,1,1.555973958,11.53988387,0.42972373,0.126142707,18,1,0.460378059,12,0.545357036,3,0.891115717,1.452211198,"3,565,891.47"
9.16,19,1,0.668115654,7.480199518,0.647482412,0.047406525,38,5,0.229319769,17,1.221395666,4,1.224741756,1.856131844,"3,500,000.00"
15.34,5,0,2.696064051,6.132844101,0.105448493,0.204660942,10,1,0.52902818,12,0.218559789,3,2.499860496,2.543675581,"1,600,000.00"
10.96,9,1,1.555973958,11.53988387,0.42972373,0.126142707,18,1,0.460378059,12,0.545357036,3,0.891115717,1.452211198,"3,526,315.79"
17.78,1,1,1.701408429,0.581923177,8.46765909,1.660327558,7,1,1.39430173,4,1.55865947,1,5.446641962,4.68159037,"425,000.00"
18.99,5,1,1.866050156,1.810057975,0.314617717,0.069482791,9,1,0.265588994,5,0.215824615,5,2.560275109,1.767980392,"875,000.00"
14.94,4,3,1.325521262,3.332054051,6.321523914,0.125554587,9,0,0.297162444,10,0.3277186,2,3.835218788,3.420543751,"435,000.00"
21.5,0,0,5.374796464,4.330842323,8.553697374,0.085015366,1,0,0.078489009,1,0.196379228,1,7.263013641,7.777173725,"525,000.00"
23.32,0,0,7.028561387,6.124351023,7.643558956,1.844832933,1,0,1.969323048,1,1.735535589,1,7.878843402,8.549334305,"525,000.00"
22.61,3,0,3.998696251,2.379564136,0.489734538,0.201421298,7,2,0.014518784,4,0.899794951,1,3.99247885,2.76473027,"395,000.00"
18.85,3,0,2.75753304,6.672114016,5.148238391,0.144675834,8,2,0.49262073,12,0.048597652,2,4.401620213,1.4674653,"375,000.00"
15.26,0,0,4.55470152,4.19047343,2.465629359,0.840241812,8,1,0.267587215,10,2.469253581,0,3.159466524,3.18055797,"1,100,000.00"
6.95,5,0,3.642555219,0.811905795,1.567727162,1.138114226,15,1,1.366106767,4,0.731833655,4,3.008771147,2.804123604,"650,000.00"
15.1,0,0,2.171838598,1.368499213,7.773051525,1.986464842,1,0,1.374958572,3,1.456845436,1,5.86825643,3.69735894,"310,000.00"
15.34,5,0,2.696064051,6.132844101,0.105448493,0.204660942,10,1,0.52902818,12,0.218559789,3,2.499860496,2.543675581,"1,950,000.00"
11.35,4,0,3.232578915,6.632045539,4.07247222,0.046516086,15,2,0.275528356,11,1.185148304,2,2.127812617,1.818298797,"2,000,000.00"
9.61,2,0,4.418797371,3.481613553,2.679374305,1.038703539,5,1,1.06259087,5,1.092881018,2,3.833930644,2.189414859,"3,500,000.00"
20.21,1,0,4.452395666,3.231228684,9.461703594,1.564251976,1,0,1.45545367,1,1.669502034,1,6.882095043,6.69515565,"414,285.71"
22.61,3,0,3.998696251,2.379564136,0.489734538,0.201421298,7,2,0.014518784,4,0.899794951,1,3.99247885,2.76473027,"400,000.00"
21.5,0,0,5.374796464,4.330842323,8.553697374,0.085015366,1,0,0.078489009,1,0.196379228,1,7.263013641,7.777173725,"425,000.00"
18.78,6,1,1.580041495,2.497388187,1.230063166,0.627845532,9,2,0.664091802,4,0.666649956,5,2.408963857,1.940967057,"2,000,000.00"
15.34,5,0,2.696064051,6.132844101,0.105448493,0.204660942,10,1,0.52902818,12,0.218559789,3,2.499860496,2.543675581,"800,000.00"
7.57,26,6,0.194328801,7.759564862,1.511477789,0.344641591,43,10,0.118453506,18,0.085681338,5,0.241442313,1.261456637,"6,500,000.00"
20.21,1,0,4.452395666,3.231228684,9.461703594,1.564251976,1,0,1.45545367,1,1.669502034,1,6.882095043,6.69515565,"435,000.00"
20.21,1,0,4.452395666,3.231228684,9.461703594,1.564251976,1,0,1.45545367,1,1.669502034,1,6.882095043,6.69515565,"422,535.21"
18.99,5,1,1.866050156,1.810057975,0.314617717,0.069482791,9,1,0.265588994,5,0.215824615,5,2.560275109,1.767980392,"2,500,000.00"
24.82,1,0,5.090707489,0.409507119,6.811585774,0.031648336,2,1,3.055274365,0,5.118456884,0,7.133131449,4.812728716,"495,000.00"
11.35,4,0,3.232578915,6.632045539,4.07247222,0.046516086,15,2,0.275528356,11,1.185148304,2,2.127812617,1.818298797,"4,100,000.00"
17.66,2,0,2.766675534,1.341754436,9.982145833,0.351838973,8,1,0.22296895,5,0.044349224,1,6.270127131,4.493856946,"400,000.00"
20.21,1,0,4.452395666,3.231228684,9.461703594,1.564251976,1,0,1.45545367,1,1.669502034,1,6.882095043,6.69515565,"400,000.00"
10.96,9,1,1.555973958,11.53988387,0.42972373,0.126142707,18,1,0.460378059,12,0.545357036,3,0.891115717,1.452211198,"4,000,000.00"
12.89,7,0,2.847591288,12.64244388,0.528389071,0.028453853,12,2,0.113299872,20,1.052875673,5,1.58575455,3.057863335,"2,000,000.00"
8.66,9,1,0.549898445,5.213415717,1.3669029,0.064668268,9,7,0.050657848,13,2.104233363,0,1.284658669,0.825239173,"2,850,000.00"
14.19,1,0,4.333994379,4.620078445,3.239812649,0.047187666,14,1,0.207307327,9,1.832361316,1,2.853306008,2.55936892,"850,000.00"
10.57,11,2,0.574608738,9.365425049,0.380556553,0.053768922,31,3,0.253841443,24,0.139402968,4,0.500748682,1.59651451,"3,200,000.00"
22.61,3,0,3.998696251,2.379564136,0.489734538,0.201421298,7,2,0.014518784,4,0.899794951,1,3.99247885,2.76473027,"410,000.00"
17.66,2,0,2.766675534,1.341754436,9.982145833,0.351838973,8,1,0.22296895,5,0.044349224,1,6.270127131,4.493856946,"450,000.00"
17.66,2,0,2.766675534,1.341754436,9.982145833,0.351838973,8,1,0.22296895,5,0.044349224,1,6.270127131,4.493856946,"450,000.00"
18.99,5,1,1.866050156,1.810057975,0.314617717,0.069482791,9,1,0.265588994,5,0.215824615,5,2.560275109,1.767980392,"924,976.53"
14.94,4,3,1.325521262,3.332054051,6.321523914,0.125554587,9,0,0.297162444,10,0.3277186,2,3.835218788,3.420543751,"1,400,000.00"
9.16,19,1,0.668115654,7.480199518,0.647482412,0.047406525,38,5,0.229319769,17,1.221395666,4,1.224741756,1.856131844,"5,500,000.00"
28.22,1,2,1.15380493,7.821840894,2.501871417,2.54157815,0,0,0.260538796,1,3.935168025,0,7.1656613,5.458152126,"350,000.00"
10.96,9,1,1.555973958,11.53988387,0.42972373,0.126142707,18,1,0.460378059,12,0.545357036,3,0.891115717,1.452211198,"3,000,000.00"
8.43,25,5,0.68379499,8.270892022,1.393859989,0.06226201,43,10,0.220060054,23,0.776471572,5,0.656539523,1.209048532,"6,500,000.00"
18.85,3,0,2.75753304,6.672114016,5.148238391,0.144675834,8,2,0.49262073,12,0.048597652,2,4.401620213,1.4674653,"1,000,000.00"
9.16,19,1,0.668115654,7.480199518,0.647482412,0.047406525,38,5,0.229319769,17,1.221395666,4,1.224741756,1.856131844,"4,500,000.00"
8.43,25,5,0.68379499,8.270892022,1.393859989,0.06226201,43,10,0.220060054,23,0.776471572,5,0.656539523,1.209048532,"11,331,444.76"
10.57,11,2,0.574608738,9.365425049,0.380556553,0.053768922,31,3,0.253841443,24,0.139402968,4,0.500748682,1.59651451,"5,400,000.00"
23.79,1,0,3.495002423,3.317077568,3.931243406,2.171289137,0,0,0.536616073,2,2.688005657,0,5.500983246,4.276389115,"400,000.00"
10.96,9,1,1.555973958,11.53988387,0.42972373,0.126142707,18,1,0.460378059,12,0.545357036,3,0.891115717,1.452211198,"3,000,000.00"
28.22,1,2,1.15380493,7.821840894,2.501871417,2.54157815,0,0,0.260538796,1,3.935168025,0,7.1656613,5.458152126,"325,000.00"
20.21,1,0,4.452395666,3.231228684,9.461703594,1.564251976,1,0,1.45545367,1,1.669502034,1,6.882095043,6.69515565,"440,000.00"
20.21,1,0,4.452395666,3.231228684,9.461703594,1.564251976,1,0,1.45545367,1,1.669502034,1,6.882095043,6.69515565,"425,000.00"
20.21,1,0,4.452395666,3.231228684,9.461703594,1.564251976,1,0,1.45545367,1,1.669502034,1,6.882095043,6.69515565,"435,000.00"
23.79,1,0,3.495002423,3.317077568,3.931243406,2.171289137,0,0,0.536616073,2,2.688005657,0,5.500983246,4.276389115,"395,000.00"
14.94,4,3,1.325521262,3.332054051,6.321523914,0.125554587,9,0,0.297162444,10,0.3277186,2,3.835218788,3.420543751,"440,000.00"
13.98,1,1,1.440497502,8.830429042,2.212403368,0.071858443,10,2,0.100746527,11,0.886448814,1,2.748057643,2.54970663,"1,150,000.00"
22.61,3,0,3.998696251,2.379564136,0.489734538,0.201421298,7,2,0.014518784,4,0.899794951,1,3.99247885,2.76473027,"395,000.00"
23.32,0,0,7.028561387,6.124351023,7.643558956,1.844832933,1,0,1.969323048,1,1.735535589,1,7.878843402,8.549334305,"44,270.83"
24.82,1,0,5.090707489,0.409507119,6.811585774,0.031648336,2,1,3.055274365,0,5.118456884,0,7.133131449,4.812728716,"400,000.00"
8.43,25,5,0.68379499,8.270892022,1.393859989,0.06226201,43,10,0.220060054,23,0.776471572,5,0.656539523,1.209048532,"5,500,000.00"
17.66,2,0,2.766675534,1.341754436,9.982145833,0.351838973,8,1,0.22296895,5,0.044349224,1,6.270127131,4.493856946,"375,000.00"
19.59,1,0,4.65088748,1.626447486,3.488327488,0.0702284,6,0,0.225418134,4,0.132466919,1,3.752484608,4.569323338,"750,000.00"
6.23,24,1,1.968711266,2.401511963,0.536960132,0.22982904,28,7,0.52250527,7,0.457804718,7,1.477911091,1.688037499,"3,000,000.00"
10.96,9,1,1.555973958,11.53988387,0.42972373,0.126142707,18,1,0.460378059,12,0.545357036,3,0.891115717,1.452211198,"2,800,000.00"
15.34,5,0,2.696064051,6.132844101,0.105448493,0.204660942,10,1,0.52902818,12,0.218559789,3,2.499860496,2.543675581,"1,000,000.00"
10.12,12,2,0.701574755,9.739960244,1.63779857,0.09525586,32,4,0.1261487,25,0.447362946,4,1.135299754,0.957193443,"3,000,000.00"
12.89,7,0,2.847591288,12.64244388,0.528389071,0.028453853,12,2,0.113299872,20,1.052875673,5,1.58575455,3.057863335,"2,950,000.00"
14.94,4,3,1.325521262,3.332054051,6.321523914,0.125554587,9,0,0.297162444,10,0.3277186,2,3.835218788,3.420543751,"1,100,000.00"
26.73,2,0,2.277565832,7.139742484,0.085556088,0.046381217,4,0,2.02374757,0,1.820775485,1,5.850247893,4.425054309,"350,000.00"
17.66,2,0,2.766675534,1.341754436,9.982145833,0.351838973,8,1,0.22296895,5,0.044349224,1,6.270127131,4.493856946,"410,000.00"
19.36,4,0,3.697359162,5.790118043,5.087375877,0.644358863,11,2,0.558162696,10,0.643006295,2,4.761794422,2.109711324,"600,000.00"
20.21,1,0,4.452395666,3.231228684,9.461703594,1.564251976,1,0,1.45545367,1,1.669502034,1,6.882095043,6.69515565,"440,000.00"
17.66,2,0,2.766675534,1.341754436,9.982145833,0.351838973,8,1,0.22296895,5,0.044349224,1,6.270127131,4.493856946,"400,000.00"
13.98,1,1,1.440497502,8.830429042,2.212403368,0.071858443,10,2,0.100746527,11,0.886448814,1,2.748057643,2.54970663,"1,400,000.00"
10.38,7,0,2.238625345,6.877783599,3.104369608,0.312880087,19,3,0.597689536,17,1.345330372,1,1.750968007,2.165828855,"4,000,000.00"
17.66,2,0,2.766675534,1.341754436,9.982145833,0.351838973,8,1,0.22296895,5,0.044349224,1,6.270127131,4.493856946,"400,000.00"
18.85,3,0,2.75753304,6.672114016,5.148238391,0.144675834,8,2,0.49262073,12,0.048597652,2,4.401620213,1.4674653,"395,000.00"
22.61,3,0,3.998696251,2.379564136,0.489734538,0.201421298,7,2,0.014518784,4,0.899794951,1,3.99247885,2.76473027,"400,000.00"
18.85,3,0,2.75753304,6.672114016,5.148238391,0.144675834,8,2,0.49262073,12,0.048597652,2,4.401620213,1.4674653,"410,000.00"
10.12,12,2,0.701574755,9.739960244,1.63779857,0.09525586,32,4,0.1261487,25,0.447362946,4,1.135299754,0.957193443,"4,166,666.67"
22.61,3,0,3.998696251,2.379564136,0.489734538,0.201421298,7,2,0.014518784,4,0.899794951,1,3.99247885,2.76473027,"420,000.00"
17.66,2,0,2.766675534,1.341754436,9.982145833,0.351838973,8,1,0.22296895,5,0.044349224,1,6.270127131,4.493856946,"400,000.00"
17.66,2,0,2.766675534,1.341754436,9.982145833,0.351838973,8,1,0.22296895,5,0.044349224,1,6.270127131,4.493856946,"414,285.71"
23.32,0,0,7.028561387,6.124351023,7.643558956,1.844832933,1,0,1.969323048,1,1.735535589,1,7.878843402,8.549334305,"575,000.00"
9.16,19,1,0.668115654,7.480199518,0.647482412,0.047406525,38,5,0.229319769,17,1.221395666,4,1.224741756,1.856131844,"4,100,000.00"
26.73,2,0,2.277565832,7.139742484,0.085556088,0.046381217,4,0,2.02374757,0,1.820775485,1,5.850247893,4.425054309,"270,000.00"
17.66,2,0,2.766675534,1.341754436,9.982145833,0.351838973,8,1,0.22296895,5,0.044349224,1,6.270127131,4.493856946,"414,285.71"
23.75,1,0,3.351104283,3.08436925,2.215013757,1.781127438,7,1,1.136606202,2,0.861553358,1,5.120823009,3.732607722,"700,000.00"
23.32,0,0,7.028561387,6.124351023,7.643558956,1.844832933,1,0,1.969323048,1,1.735535589,1,7.878843402,8.549334305,"584,615.38"
17.66,2,0,2.766675534,1.341754436,9.982145833,0.351838973,8,1,0.22296895,5,0.044349224,1,6.270127131,4.493856946,"400,000.00"
17.66,2,0,2.766675534,1.341754436,9.982145833,0.351838973,8,1,0.22296895,5,0.044349224,1,6.270127131,4.493856946,"425,000.00"
22.23,1,0,2.066639561,2.084154269,2.774966866,1.614189459,4,0,1.089978011,4,2.096324857,0,4.144215105,3.208395444,"575,000.00"
22.61,3,0,3.998696251,2.379564136,0.489734538,0.201421298,7,2,0.014518784,4,0.899794951,1,3.99247885,2.76473027,"675,000.00"
23.32,0,0,7.028561387,6.124351023,7.643558956,1.844832933,1,0,1.969323048,1,1.735535589,1,7.878843402,8.549334305,"593,750.00"
9.16,19,1,0.668115654,7.480199518,0.647482412,0.047406525,38,5,0.229319769,17,1.221395666,4,1.224741756,1.856131844,"4,200,000.00"
13.29,5,1,0.764890663,7.977447158,0.655039484,0.200566162,21,1,0.215235621,15,1.484056738,3,2.429966664,2.547560295,"2,400,000.00"
32.72,0,0,5.980388514,15.53202167,1.009932711,1.089855937,1,0,3.205859997,0,3.378773687,0,12.39189835,10.00080272,"400,000.00"
9.16,19,1,0.668115654,7.480199518,0.647482412,0.047406525,38,5,0.229319769,17,1.221395666,4,1.224741756,1.856131844,"4,500,000.00"
9.16,19,1,0.668115654,7.480199518,0.647482412,0.047406525,38,5,0.229319769,17,1.221395666,4,1.224741756,1.856131844,"2,600,000.00"
10.38,7,0,2.238625345,6.877783599,3.104369608,0.312880087,19,3,0.597689536,17,1.345330372,1,1.750968007,2.165828855,"3,400,000.00"
23.32,0,0,7.028561387,6.124351023,7.643558956,1.844832933,1,0,1.969323048,1,1.735535589,1,7.878843402,8.549334305,"585,937.50"
10.57,11,2,0.574608738,9.365425049,0.380556553,0.053768922,31,3,0.253841443,24,0.139402968,4,0.500748682,1.59651451,"5,500,000.00"
16.39,1,0,3.876604793,1.871289347,3.876447241,0.024556017,1,0,1.187704419,5,0.074058786,1,3.340681566,4.15652795,"1,750,000.00"
18.99,5,1,1.866050156,1.810057975,0.314617717,0.069482791,9,1,0.265588994,5,0.215824615,5,2.560275109,1.767980392,"1,000,000.00"
10.57,11,2,0.574608738,9.365425049,0.380556553,0.053768922,31,3,0.253841443,24,0.139402968,4,0.500748682,1.59651451,"3,600,000.00"
17.26,6,0,3.092683935,3.716698378,0.089601941,0.104367405,10,1,0.685837638,5,0.917733437,2,2.121535646,2.422564633,"1,664,785.55"
19.51,6,0,2.875829072,10.87016748,0.069034825,0.155937673,12,0,0.531430234,4,2.751861472,0,2.987710191,5.917349915,"2,050,000.00"
10.57,11,2,0.574608738,9.365425049,0.380556553,0.053768922,31,3,0.253841443,24,0.139402968,4,0.500748682,1.59651451,"5,700,000.00"
15.34,5,0,2.696064051,6.132844101,0.105448493,0.204660942,10,1,0.52902818,12,0.218559789,3,2.499860496,2.543675581,"1,250,000.00"
23.32,0,0,7.028561387,6.124351023,7.643558956,1.844832933,1,0,1.969323048,1,1.735535589,1,7.878843402,8.549334305,"430,000.00"
15.38,5,0,2.892946748,5.916680103,0.258640378,0.361917499,10,1,0.753042303,13,0.451739087,3,2.485672348,2.708729887,"3,200,000.00"
20.21,1,0,4.452395666,3.231228684,9.461703594,1.564251976,1,0,1.45545367,1,1.669502034,1,6.882095043,6.69515565,"435,000.00"
18.85,3,0,2.75753304,6.672114016,5.148238391,0.144675834,8,2,0.49262073,12,0.048597652,2,4.401620213,1.4674653,"400,000.00"
10.57,11,2,0.574608738,9.365425049,0.380556553,0.053768922,31,3,0.253841443,24,0.139402968,4,0.500748682,1.59651451,"6,200,000.00"
22.61,3,0,3.998696251,2.379564136,0.489734538,0.201421298,7,2,0.014518784,4,0.899794951,1,3.99247885,2.76473027,"680,000.00"
28.22,1,2,1.15380493,7.821840894,2.501871417,2.54157815,0,0,0.260538796,1,3.935168025,0,7.1656613,5.458152126,"330,000.00"
18.53,3,1,1.382323394,7.828666399,4.094241806,1.152335673,10,2,0.353464627,6,1.290549374,3,4.033657597,2.347041609,"1,350,000.00"
23.32,0,0,7.028561387,6.124351023,7.643558956,1.844832933,1,0,1.969323048,1,1.735535589,1,7.878843402,8.549334305,"550,724.64"
23.32,0,0,7.028561387,6.124351023,7.643558956,1.844832933,1,0,1.969323048,1,1.735535589,1,7.878843402,8.549334305,"575,000.00"
19.59,1,0,4.65088748,1.626447486,3.488327488,0.0702284,6,0,0.225418134,4,0.132466919,1,3.752484608,4.569323338,"1,550,000.00"
31.51,1,1,1.381423128,12.16728407,0.149133019,0.047108561,5,1,0.395558833,1,6.762905565,0,9.361162257,6.139936373,"315,000.00"
14.14,4,0,2.709960494,3.827825191,5.361563944,1.394740848,15,0,0.241100286,10,1.336383484,2,3.58745219,2.674381232,"1,400,000.00"
16.09,3,0,3.208475819,1.913461191,4.504202007,0.650961654,6,0,0.789134066,7,0.681933388,1,3.638046775,4.035968273,"1,350,000.00"
9.16,19,1,0.668115654,7.480199518,0.647482412,0.047406525,38,5,0.229319769,17,1.221395666,4,1.224741756,1.856131844,"3,200,000.00"
9.16,19,1,0.668115654,7.480199518,0.647482412,0.047406525,38,5,0.229319769,17,1.221395666,4,1.224741756,1.856131844,"3,950,000.00"
9.16,19,1,0.668115654,7.480199518,0.647482412,0.047406525,38,5,0.229319769,17,1.221395666,4,1.224741756,1.856131844,"4,000,000.00"
9.16,19,1,0.668115654,7.480199518,0.647482412,0.047406525,38,5,0.229319769,17,1.221395666,4,1.224741756,1.856131844,"3,950,000.00"
9.16,19,1,0.668115654,7.480199518,0.647482412,0.047406525,38,5,0.229319769,17,1.221395666,4,1.224741756,1.856131844,"5,000,000.00"
9.61,2,0,4.418797371,3.481613553,2.679374305,1.038703539,5,1,1.06259087,5,1.092881018,2,3.833930644,2.189414859,"3,500,000.00"
23.32,0,0,7.028561387,6.124351023,7.643558956,1.844832933,1,0,1.969323048,1,1.735535589,1,7.878843402,8.549334305,"601,562.50"
23.32,0,0,7.028561387,6.124351023,7.643558956,1.844832933,1,0,1.969323048,1,1.735535589,1,7.878843402,8.549334305,"592,307.69"
23.32,0,0,7.028561387,6.124351023,7.643558956,1.844832933,1,0,1.969323048,1,1.735535589,1,7.878843402,8.549334305,"575,000.00"
24.82,1,0,5.090707489,0.409507119,6.811585774,0.031648336,2,1,3.055274365,0,5.118456884,0,7.133131449,4.812728716,"295,000.00"
28.22,1,2,1.15380493,7.821840894,2.501871417,2.54157815,0,0,0.260538796,1,3.935168025,0,7.1656613,5.458152126,"465,000.00"
28.22,1,2,1.15380493,7.821840894,2.501871417,2.54157815,0,0,0.260538796,1,3.935168025,0,7.1656613,5.458152126,"300,000.00"
23.32,0,0,7.028561387,6.124351023,7.643558956,1.844832933,1,0,1.969323048,1,1.735535589,1,7.878843402,8.549334305,"375,000.00"
25.74,2,0,3.750819421,7.090341751,1.668134015,1.342908267,4,1,1.538556531,1,1.538463966,1,5.698412478,4.49286357,"780,000.00"
23.32,0,0,7.028561387,6.124351023,7.643558956,1.844832933,1,0,1.969323048,1,1.735535589,1,7.878843402,8.549334305,"425,000.00"
23.79,1,0,3.495002423,3.317077568,3.931243406,2.171289137,0,0,0.536616073,2,2.688005657,0,5.500983246,4.276389115,"395,000.00"
14.94,4,3,1.325521262,3.332054051,6.321523914,0.125554587,9,0,0.297162444,10,0.3277186,2,3.835218788,3.420543751,"440,000.00"
23.32,0,0,7.028561387,6.124351023,7.643558956,1.844832933,1,0,1.969323048,1,1.735535589,1,7.878843402,8.549334305,"450,000.00"
26.73,2,0,2.277565832,7.139742484,0.085556088,0.046381217,4,0,2.02374757,0,1.820775485,1,5.850247893,4.425054309,"275,000.00"
34.38,0,0,8.601091173,17.20564379,0.019538774,2.070585062,0,0,5.205830928,0,5.511247807,0,14.07979955,10.4730023,"90,000.00"
31.51,1,1,1.381423128,12.16728407,0.149133019,0.047108561,5,1,0.395558833,1,6.762905565,0,9.361162257,6.139936373,"315,000.00"
25.91,2,2,0.770564739,5.442128017,2.425299821,2.68514114,0,0,2.119728706,0,2.78061435,0,5.68174556,4.911417308,"425,000.00"
24.82,1,0,5.090707489,0.409507119,6.811585774,0.031648336,2,1,3.055274365,0,5.118456884,0,7.133131449,4.812728716,"395,000.00"
18.85,3,0,2.75753304,6.672114016,5.148238391,0.144675834,8,2,0.49262073,12,0.048597652,2,4.401620213,1.4674653,"425,000.00"
22.61,3,0,3.998696251,2.379564136,0.489734538,0.201421298,7,2,0.014518784,4,0.899794951,1,3.99247885,2.76473027,"400,000.00"
22.61,3,0,3.998696251,2.379564136,0.489734538,0.201421298,7,2,0.014518784,4,0.899794951,1,3.99247885,2.76473027,"420,000.00"
24.82,1,0,5.090707489,0.409507119,6.811585774,0.031648336,2,1,3.055274365,0,5.118456884,0,7.133131449,4.812728716,"410,000.00"
14.25,3,3,0.833818104,3.171885348,7.325142495,1.087700729,9,1,1.126143462,8,0.799673076,2,4.205907129,3.303200657,"1,600,000.00"
19.59,1,0,4.65088748,1.626447486,3.488327488,0.0702284,6,0,0.225418134,4,0.132466919,1,3.752484608,4.569323338,"875,000.00"
14.25,3,3,0.833818104,3.171885348,7.325142495,1.087700729,9,1,1.126143462,8,0.799673076,2,4.205907129,3.303200657,"170,000.00"
17.66,2,0,2.766675534,1.341754436,9.982145833,0.351838973,8,1,0.22296895,5,0.044349224,1,6.270127131,4.493856946,"435,000.00"
10.69,4,0,3.223569049,5.653280045,3.840661249,0.675773505,13,4,1.099343865,11,0.973892745,3,3.243475551,1.252826919,"1,850,000.00"
11.35,4,0,3.232578915,6.632045539,4.07247222,0.046516086,15,2,0.275528356,11,1.185148304,2,2.127812617,1.818298797,"2,765,000.00"
19.59,1,0,4.65088748,1.626447486,3.488327488,0.0702284,6,0,0.225418134,4,0.132466919,1,3.752484608,4.569323338,"1,600,000.00"
14.25,3,3,0.833818104,3.171885348,7.325142495,1.087700729,9,1,1.126143462,8,0.799673076,2,4.205907129,3.303200657,"1,700,000.00"
11.77,4,0,2.074936334,11.38133063,1.883167861,0.106973392,18,2,0.182098855,21,1.505002665,4,1.776388177,2.22687177,"2,300,000.00"
14.25,3,3,0.833818104,3.171885348,7.325142495,1.087700729,9,1,1.126143462,8,0.799673076,2,4.205907129,3.303200657,"2,200,000.00"
10.69,4,0,3.223569049,5.653280045,3.840661249,0.675773505,13,4,1.099343865,11,0.973892745,3,3.243475551,1.252826919,"2,100,000.00"
17.26,6,0,3.092683935,3.716698378,0.089601941,0.104367405,10,1,0.685837638,5,0.917733437,2,2.121535646,2.422564633,"1,250,000.00"
11.35,4,0,3.232578915,6.632045539,4.07247222,0.046516086,15,2,0.275528356,11,1.185148304,2,2.127812617,1.818298797,"3,000,000.00"
14.94,4,3,1.325521262,3.332054051,6.321523914,0.125554587,9,0,0.297162444,10,0.3277186,2,3.835218788,3.420543751,"700,000.00"
14.94,4,3,1.325521262,3.332054051,6.321523914,0.125554587,9,0,0.297162444,10,0.3277186,2,3.835218788,3.420543751,"1,500,000.00"
14.94,4,3,1.325521262,3.332054051,6.321523914,0.125554587,9,0,0.297162444,10,0.3277186,2,3.835218788,3.420543751,"4,200,000.00"
16.39,1,0,3.876604793,1.871289347,3.876447241,0.024556017,1,0,1.187704419,5,0.074058786,1,3.340681566,4.15652795,"1,500,000.00"
22.48,1,0,5.025437008,4.526230179,2.158402885,2.639915599,0,0,0.360470047,1,2.521308465,0,4.82621559,4.51951349,"600,000.00"
21.5,0,0,5.374796464,4.330842323,8.553697374,0.085015366,1,0,0.078489009,1,0.196379228,1,7.263013641,7.777173725,"1,850,000.00"
11.35,4,0,3.232578915,6.632045539,4.07247222,0.046516086,15,2,0.275528356,11,1.185148304,2,2.127812617,1.818298797,"450,000.00"
11.35,4,0,3.232578915,6.632045539,4.07247222,0.046516086,15,2,0.275528356,11,1.185148304,2,2.127812617,1.818298797,"1,500,000.00"
31.51,1,1,1.381423128,12.16728407,0.149133019,0.047108561,5,1,0.395558833,1,6.762905565,0,9.361162257,6.139936373,"315,000.00"
15.38,5,0,2.892946748,5.916680103,0.258640378,0.361917499,10,1,0.753042303,13,0.451739087,3,2.485672348,2.708729887,"1,600,000.00"
15.26,0,0,4.55470152,4.19047343,2.465629359,0.840241812,8,1,0.267587215,10,2.469253581,0,3.159466524,3.18055797,"15,500,000.00"
12.89,7,0,2.847591288,12.64244388,0.528389071,0.028453853,12,2,0.113299872,20,1.052875673,5,1.58575455,3.057863335,"1,900,000.00"
13.04,3,0,2.482189224,10.71105259,2.581188405,0.039349016,14,1,0.204933292,14,0.911886638,3,2.521385921,3.017094937,"2,794,117.65"
13.98,1,1,1.440497502,8.830429042,2.212403368,0.071858443,10,2,0.100746527,11,0.886448814,1,2.748057643,2.54970663,"1,050,000.00"
17.66,2,0,2.766675534,1.341754436,9.982145833,0.351838973,8,1,0.22296895,5,0.044349224,1,6.270127131,4.493856946,"425,000.00"
17.66,2,0,2.766675534,1.341754436,9.982145833,0.351838973,8,1,0.22296895,5,0.044349224,1,6.270127131,4.493856946,"440,000.00"
10.96,9,1,1.555973958,11.53988387,0.42972373,0.126142707,18,1,0.460378059,12,0.545357036,3,0.891115717,1.452211198,"3,500,000.00"
10.57,11,2,0.574608738,9.365425049,0.380556553,0.053768922,31,3,0.253841443,24,0.139402968,4,0.500748682,1.59651451,"1,900,000.00"
12.89,7,0,2.847591288,12.64244388,0.528389071,0.028453853,12,2,0.113299872,20,1.052875673,5,1.58575455,3.057863335,"2,100,000.00"
6.54,34,5,0.725332998,4.402258748,0.777008918,0.041972278,29,16,0.398012992,16,0.373267956,6,0.722986475,0.585683793,"7,850,000.00"
22.59,1,0,4.731446487,5.842113383,5.025225136,3.189759435,0,0,3.053364406,0,3.525063347,0,5.736706006,4.444261549,"700,000.00"
10.57,11,2,0.574608738,9.365425049,0.380556553,0.053768922,31,3,0.253841443,24,0.139402968,4,0.500748682,1.59651451,"4,000,000.00"
18.85,3,0,2.75753304,6.672114016,5.148238391,0.144675834,8,2,0.49262073,12,0.048597652,2,4.401620213,1.4674653,"700,000.00"
5.79,34,5,0.246501641,5.260460783,1.882027165,0.177139619,56,16,0.270995056,20,0.262818416,7,0.619406784,0.899429589,"10,000,000.00"
10.57,11,2,0.574608738,9.365425049,0.380556553,0.053768922,31,3,0.253841443,24,0.139402968,4,0.500748682,1.59651451,"3,200,000.00"
26.73,2,0,2.277565832,7.139742484,0.085556088,0.046381217,4,0,2.02374757,0,1.820775485,1,5.850247893,4.425054309,"257,731.96"
17.66,2,0,2.766675534,1.341754436,9.982145833,0.351838973,8,1,0.22296895,5,0.044349224,1,6.270127131,4.493856946,"450,000.00"
6.09,10,1,1.655329394,1.182151396,2.139994458,0.592872305,12,1,0.741455329,3,0.668043449,3,2.720155724,3.150959007,"4,600,000.00"
23.32,0,0,7.028561387,6.124351023,7.643558956,1.844832933,1,0,1.969323048,1,1.735535589,1,7.878843402,8.549334305,"425,000.00"
23.32,0,0,7.028561387,6.124351023,7.643558956,1.844832933,1,0,1.969323048,1,1.735535589,1,7.878843402,8.549334305,"430,000.00"
19.51,6,0,2.875829072,10.87016748,0.069034825,0.155937673,12,0,0.531430234,4,2.751861472,0,2.987710191,5.917349915,"1,095,890.41"
17.66,2,0,2.766675534,1.341754436,9.982145833,0.351838973,8,1,0.22296895,5,0.044349224,1,6.270127131,4.493856946,"375,000.00"
10.57,11,2,0.574608738,9.365425049,0.380556553,0.053768922,31,3,0.253841443,24,0.139402968,4,0.500748682,1.59651451,"5,500,000.00"
10.57,11,2,0.574608738,9.365425049,0.380556553,0.053768922,31,3,0.253841443,24,0.139402968,4,0.500748682,1.59651451,"3,000,000.00"
10.57,11,2,0.574608738,9.365425049,0.380556553,0.053768922,31,3,0.253841443,24,0.139402968,4,0.500748682,1.59651451,"3,750,000.00"
23.32,0,0,7.028561387,6.124351023,7.643558956,1.844832933,1,0,1.969323048,1,1.735535589,1,7.878843402,8.549334305,"577,692.31"
13.98,1,1,1.440497502,8.830429042,2.212403368,0.071858443,10,2,0.100746527,11,0.886448814,1,2.748057643,2.54970663,"1,700,000.00"
13.98,1,1,1.440497502,8.830429042,2.212403368,0.071858443,10,2,0.100746527,11,0.886448814,1,2.748057643,2.54970663,"1,400,000.00"
12.89,7,0,2.847591288,12.64244388,0.528389071,0.028453853,12,2,0.113299872,20,1.052875673,5,1.58575455,3.057863335,"1,833,333.33"
14.29,8,0,2.210242241,12.7198494,0.570907625,0.493071529,12,1,0.450048459,9,0.475998265,3,2.72457472,3.728770782,"750,000.00"
17.66,2,0,2.766675534,1.341754436,9.982145833,0.351838973,8,1,0.22296895,5,0.044349224,1,6.270127131,4.493856946,"400,000.00"
17.26,6,0,3.092683935,3.716698378,0.089601941,0.104367405,10,1,0.685837638,5,0.917733437,2,2.121535646,2.422564633,"1,042,253.52"
14.19,1,0,4.333994379,4.620078445,3.239812649,0.047187666,14,1,0.207307327,9,1.832361316,1,2.853306008,2.55936892,"1,550,000.00"
11.35,4,0,3.232578915,6.632045539,4.07247222,0.046516086,15,2,0.275528356,11,1.185148304,2,2.127812617,1.818298797,"2,800,000.00"
10.57,11,2,0.574608738,9.365425049,0.380556553,0.053768922,31,3,0.253841443,24,0.139402968,4,0.500748682,1.59651451,"3,600,000.00"
17.66,2,0,2.766675534,1.341754436,9.982145833,0.351838973,8,1,0.22296895,5,0.044349224,1,6.270127131,4.493856946,"450,000.00"
11.16,13,0,2.106095585,8.393725938,1.168514876,0.161932175,29,0,0.057423149,19,1.289514894,4,1.203313326,2.598587684,"2,250,000.00"
11.16,13,0,2.106095585,8.393725938,1.168514876,0.161932175,29,0,0.057423149,19,1.289514894,4,1.203313326,2.598587684,"1,850,000.00"
10.57,11,2,0.574608738,9.365425049,0.380556553,0.053768922,31,3,0.253841443,24,0.139402968,4,0.500748682,1.59651451,"3,550,000.00"
23.32,0,0,7.028561387,6.124351023,7.643558956,1.844832933,1,0,1.969323048,1,1.735535589,1,7.878843402,8.549334305,"585,937.50"
17.66,2,0,2.766675534,1.341754436,9.982145833,0.351838973,8,1,0.22296895,5,0.044349224,1,6.270127131,4.493856946,"425,000.00"
22.61,3,0,3.998696251,2.379564136,0.489734538,0.201421298,7,2,0.014518784,4,0.899794951,1,3.99247885,2.76473027,"1,028,571.43"
10.12,12,2,0.701574755,9.739960244,1.63779857,0.09525586,32,4,0.1261487,25,0.447362946,4,1.135299754,0.957193443,"2,889,245.59"
13.87,2,3,1.447933444,2.717124559,7.211964683,2.102517685,0,1,1.010168346,1,1.065715706,2,4.640681644,3.135436539,"1,500,000.00"
20.21,1,0,4.452395666,3.231228684,9.461703594,1.564251976,1,0,1.45545367,1,1.669502034,1,6.882095043,6.69515565,"440,000.00"
25.74,2,0,3.750819421,7.090341751,1.668134015,1.342908267,4,1,1.538556531,1,1.538463966,1,5.698412478,4.49286357,"720,000.00"
23.79,1,0,3.495002423,3.317077568,3.931243406,2.171289137,0,0,0.536616073,2,2.688005657,0,5.500983246,4.276389115,"410,000.00"
14.94,4,3,1.325521262,3.332054051,6.321523914,0.125554587,9,0,0.297162444,10,0.3277186,2,3.835218788,3.420543751,"3,000,000.00"
31.51,1,1,1.381423128,12.16728407,0.149133019,0.047108561,5,1,0.395558833,1,6.762905565,0,9.361162257,6.139936373,"200,000.00"
28.22,1,2,1.15380493,7.821840894,2.501871417,2.54157815,0,0,0.260538796,1,3.935168025,0,7.1656613,5.458152126,"1,200,000.00"
20.21,1,0,4.452395666,3.231228684,9.461703594,1.564251976,1,0,1.45545367,1,1.669502034,1,6.882095043,6.69515565,"435,000.00"
14.94,4,3,1.325521262,3.332054051,6.321523914,0.125554587,9,0,0.297162444,10,0.3277186,2,3.835218788,3.420543751,"22,000,000.00"
13.29,5,1,0.764890663,7.977447158,0.655039484,0.200566162,21,1,0.215235621,15,1.484056738,3,2.429966664,2.547560295,"2,400,000.00"
20.21,1,0,4.452395666,3.231228684,9.461703594,1.564251976,1,0,1.45545367,1,1.669502034,1,6.882095043,6.69515565,"350,000.00"
8.66,9,1,0.549898445,5.213415717,1.3669029,0.064668268,9,7,0.050657848,13,2.104233363,0,1.284658669,0.825239173,"2,750,000.00"
19.59,1,0,4.65088748,1.626447486,3.488327488,0.0702284,6,0,0.225418134,4,0.132466919,1,3.752484608,4.569323338,"1,000,000.00"
21.89,1,1,1.73280012,3.138944863,3.532694318,0.137331208,4,0,0.166226784,3,1.761886269,1,4.511211539,3.290576454,"994,475.14"
11.35,4,0,3.232578915,6.632045539,4.07247222,0.046516086,15,2,0.275528356,11,1.185148304,2,2.127812617,1.818298797,"1,850,000.00"
10.57,11,2,0.574608738,9.365425049,0.380556553,0.053768922,31,3,0.253841443,24,0.139402968,4,0.500748682,1.59651451,"3,500,000.00"
25.91,2,2,0.770564739,5.442128017,2.425299821,2.68514114,0,0,2.119728706,0,2.78061435,0,5.68174556,4.911417308,"375,000.00"
9.16,19,1,0.668115654,7.480199518,0.647482412,0.047406525,38,5,0.229319769,17,1.221395666,4,1.224741756,1.856131844,"3,000,000.00"
20.21,1,0,4.452395666,3.231228684,9.461703594,1.564251976,1,0,1.45545367,1,1.669502034,1,6.882095043,6.69515565,"435,000.00"
10.57,11,2,0.574608738,9.365425049,0.380556553,0.053768922,31,3,0.253841443,24,0.139402968,4,0.500748682,1.59651451,"4,727,272.73"
25.74,2,0,3.750819421,7.090341751,1.668134015,1.342908267,4,1,1.538556531,1,1.538463966,1,5.698412478,4.49286357,"680,000.00"
21.21,3,0,4.001993712,5.27731528,5.682614182,1.481078738,5,0,1.358658138,7,1.820113651,1,5.62599196,3.178849578,"350,000.00"
22.61,3,0,3.998696251,2.379564136,0.489734538,0.201421298,7,2,0.014518784,4,0.899794951,1,3.99247885,2.76473027,"441,666.67"
18.85,3,0,2.75753304,6.672114016,5.148238391,0.144675834,8,2,0.49262073,12,0.048597652,2,4.401620213,1.4674653,"400,000.00"
22.61,3,0,3.998696251,2.379564136,0.489734538,0.201421298,7,2,0.014518784,4,0.899794951,1,3.99247885,2.76473027,"400,000.00"
14.19,1,0,4.333994379,4.620078445,3.239812649,0.047187666,14,1,0.207307327,9,1.832361316,1,2.853306008,2.55936892,"1,350,000.00"
17.66,2,0,2.766675534,1.341754436,9.982145833,0.351838973,8,1,0.22296895,5,0.044349224,1,6.270127131,4.493856946,"60,714.29"
8.43,25,5,0.68379499,8.270892022,1.393859989,0.06226201,43,10,0.220060054,23,0.776471572,5,0.656539523,1.209048532,"6,000,000.00"
23.32,0,0,7.028561387,6.124351023,7.643558956,1.844832933,1,0,1.969323048,1,1.735535589,1,7.878843402,8.549334305,"585,937.50"
23.32,0,0,7.028561387,6.124351023,7.643558956,1.844832933,1,0,1.969323048,1,1.735535589,1,7.878843402,8.549334305,"425,000.00"
28.22,1,2,1.15380493,7.821840894,2.501871417,2.54157815,0,0,0.260538796,1,3.935168025,0,7.1656613,5.458152126,"300,000.00"
28.22,1,2,1.15380493,7.821840894,2.501871417,2.54157815,0,0,0.260538796,1,3.935168025,0,7.1656613,5.458152126,"325,000.00"
23.32,0,0,7.028561387,6.124351023,7.643558956,1.844832933,1,0,1.969323048,1,1.735535589,1,7.878843402,8.549334305,"601,562.50"
14.19,1,0,4.333994379,4.620078445,3.239812649,0.047187666,14,1,0.207307327,9,1.832361316,1,2.853306008,2.55936892,"5,000,000.00"
10.96,9,1,1.555973958,11.53988387,0.42972373,0.126142707,18,1,0.460378059,12,0.545357036,3,0.891115717,1.452211198,"3,000,000.00"
16.39,1,0,3.876604793,1.871289347,3.876447241,0.024556017,1,0,1.187704419,5,0.074058786,1,3.340681566,4.15652795,"750,000.00"
14.94,4,3,1.325521262,3.332054051,6.321523914,0.125554587,9,0,0.297162444,10,0.3277186,2,3.835218788,3.420543751,"1,650,000.00"
16.39,1,0,3.876604793,1.871289347,3.876447241,0.024556017,1,0,1.187704419,5,0.074058786,1,3.340681566,4.15652795,"900,000.00"
9.16,19,1,0.668115654,7.480199518,0.647482412,0.047406525,38,5,0.229319769,17,1.221395666,4,1.224741756,1.856131844,"4,500,000.00"
10.38,7,0,2.238625345,6.877783599,3.104369608,0.312880087,19,3,0.597689536,17,1.345330372,1,1.750968007,2.165828855,"2,000,000.00"
20.21,1,0,4.452395666,3.231228684,9.461703594,1.564251976,1,0,1.45545367,1,1.669502034,1,6.882095043,6.69515565,"430,000.00"
10.12,12,2,0.701574755,9.739960244,1.63779857,0.09525586,32,4,0.1261487,25,0.447362946,4,1.135299754,0.957193443,"2,900,000.00"
17.66,2,0,2.766675534,1.341754436,9.982145833,0.351838973,8,1,0.22296895,5,0.044349224,1,6.270127131,4.493856946,"400,000.00"
10.64,6,0,2.246210381,8.09204828,1.80277564,0.069620362,22,0,0.265138276,16,0.346100643,2,1.203411373,2.706880853,"5,800,000.00"
10.64,6,0,2.246210381,8.09204828,1.80277564,0.069620362,22,0,0.265138276,16,0.346100643,2,1.203411373,2.706880853,"2,100,000.00"
10.96,9,1,1.555973958,11.53988387,0.42972373,0.126142707,18,1,0.460378059,12,0.545357036,3,0.891115717,1.452211198,"3,350,000.00"
17.66,2,0,2.766675534,1.341754436,9.982145833,0.351838973,8,1,0.22296895,5,0.044349224,1,6.270127131,4.493856946,"414,285.71"
23.32,0,0,7.028561387,6.124351023,7.643558956,1.844832933,1,0,1.969323048,1,1.735535589,1,7.878843402,8.549334305,"575,000.00"
23.32,0,0,7.028561387,6.124351023,7.643558956,1.844832933,1,0,1.969323048,1,1.735535589,1,7.878843402,8.549334305,"593,750.00"
16.29,4,0,4.192002707,4.42688598,1.116855587,1.263830475,3,0,0.437906072,5,1.398902897,1,2.651624321,3.14817086,"1,633,333.33"
20.21,1,0,4.452395666,3.231228684,9.461703594,1.564251976,1,0,1.45545367,1,1.669502034,1,6.882095043,6.69515565,"435,000.00"
11.77,4,0,2.074936334,11.38133063,1.883167861,0.106973392,18,2,0.182098855,21,1.505002665,4,1.776388177,2.22687177,"2,600,000.00"
11.35,4,0,3.232578915,6.632045539,4.07247222,0.046516086,15,2,0.275528356,11,1.185148304,2,2.127812617,1.818298797,"2,400,000.00"
31.51,1,1,1.381423128,12.16728407,0.149133019,0.047108561,5,1,0.395558833,1,6.762905565,0,9.361162257,6.139936373,"265,000.00"
17.66,2,0,2.766675534,1.341754436,9.982145833,0.351838973,8,1,0.22296895,5,0.044349224,1,6.270127131,4.493856946,"420,000.00"
17.66,2,0,2.766675534,1.341754436,9.982145833,0.351838973,8,1,0.22296895,5,0.044349224,1,6.270127131,4.493856946,"400,000.00"
20.21,1,0,4.452395666,3.231228684,9.461703594,1.564251976,1,0,1.45545367,1,1.669502034,1,6.882095043,6.69515565,"410,000.00"
10.96,9,1,1.555973958,11.53988387,0.42972373,0.126142707,18,1,0.460378059,12,0.545357036,3,0.891115717,1.452211198,"2,454,545.45"
23.32,0,0,7.028561387,6.124351023,7.643558956,1.844832933,1,0,1.969323048,1,1.735535589,1,7.878843402,8.549334305,"557,971.01"
9.16,19,1,0.668115654,7.480199518,0.647482412,0.047406525,38,5,0.229319769,17,1.221395666,4,1.224741756,1.856131844,"3,900,000.00"
10.57,11,2,0.574608738,9.365425049,0.380556553,0.053768922,31,3,0.253841443,24,0.139402968,4,0.500748682,1.59651451,"3,800,000.00"
19.59,1,0,4.65088748,1.626447486,3.488327488,0.0702284,6,0,0.225418134,4,0.132466919,1,3.752484608,4.569323338,"450,000.00"
16.39,1,0,3.876604793,1.871289347,3.876447241,0.024556017,1,0,1.187704419,5,0.074058786,1,3.340681566,4.15652795,"875,000.00"
16.39,1,0,3.876604793,1.871289347,3.876447241,0.024556017,1,0,1.187704419,5,0.074058786,1,3.340681566,4.15652795,"1,075,000.00"
26.73,2,0,2.277565832,7.139742484,0.085556088,0.046381217,4,0,2.02374757,0,1.820775485,1,5.850247893,4.425054309,"40,697.67"
23.19,0,0,6.881585224,5.805024232,4.826494815,3.753772636,0,0,3.51347514,0,3.702392512,0,6.452242016,6.599959383,"375,000.00"
25.91,2,2,0.770564739,5.442128017,2.425299821,2.68514114,0,0,2.119728706,0,2.78061435,0,5.68174556,4.911417308,"540,000.00"
23.79,1,0,3.495002423,3.317077568,3.931243406,2.171289137,0,0,0.536616073,2,2.688005657,0,5.500983246,4.276389115,"420,000.00"
42.89,2,0,17.30386792,25.98399192,0.638579249,0.092605017,7,3,1.670624688,2,3.822489362,0,20.27564198,8.252888495,"430,000.00"
14.94,4,3,1.325521262,3.332054051,6.321523914,0.125554587,9,0,0.297162444,10,0.3277186,2,3.835218788,3.420543751,"440,000.00"
14.94,4,3,1.325521262,3.332054051,6.321523914,0.125554587,9,0,0.297162444,10,0.3277186,2,3.835218788,3.420543751,"440,000.00"
9.16,19,1,0.668115654,7.480199518,0.647482412,0.047406525,38,5,0.229319769,17,1.221395666,4,1.224741756,1.856131844,"5,200,000.00"
14.94,4,3,1.325521262,3.332054051,6.321523914,0.125554587,9,0,0.297162444,10,0.3277186,2,3.835218788,3.420543751,"1,390,000.00"
28.22,1,2,1.15380493,7.821840894,2.501871417,2.54157815,0,0,0.260538796,1,3.935168025,0,7.1656613,5.458152126,"325,000.00"
18.23,6,0,2.240156214,2.705058074,1.020662977,0.43683538,9,2,0.488763295,6,0.439858685,5,2.090027608,2.111364438,"1,200,000.00"
10.38,7,0,2.238625345,6.877783599,3.104369608,0.312880087,19,3,0.597689536,17,1.345330372,1,1.750968007,2.165828855,"2,700,000.00"
16.29,4,0,4.192002707,4.42688598,1.116855587,1.263830475,3,0,0.437906072,5,1.398902897,1,2.651624321,3.14817086,"1,900,000.00"
31.51,1,1,1.381423128,12.16728407,0.149133019,0.047108561,5,1,0.395558833,1,6.762905565,0,9.361162257,6.139936373,"120,000.00"
5.42,23,6,0.274439339,6.485148777,0.987947003,0.216845753,46,7,0.248492837,16,0.813136894,5,0.46789424,1.120174736,"13,500,000.00"
10.38,7,0,2.238625345,6.877783599,3.104369608,0.312880087,19,3,0.597689536,17,1.345330372,1,1.750968007,2.165828855,"3,800,000.00"
17.66,2,0,2.766675534,1.341754436,9.982145833,0.351838973,8,1,0.22296895,5,0.044349224,1,6.270127131,4.493856946,"450,000.00"
24.82,1,0,5.090707489,0.409507119,6.811585774,0.031648336,2,1,3.055274365,0,5.118456884,0,7.133131449,4.812728716,"395,000.00"
24.82,1,0,5.090707489,0.409507119,6.811585774,0.031648336,2,1,3.055274365,0,5.118456884,0,7.133131449,4.812728716,"400,000.00"
20.21,1,0,4.452395666,3.231228684,9.461703594,1.564251976,1,0,1.45545367,1,1.669502034,1,6.882095043,6.69515565,"450,000.00"
10.57,11,2,0.574608738,9.365425049,0.380556553,0.053768922,31,3,0.253841443,24,0.139402968,4,0.500748682,1.59651451,"4,500,000.00"
7.92,3,0,3.124377401,2.473593474,1.881367813,0.073330831,7,2,0.664387274,5,0.241113358,1,2.564621846,1.759637339,"2,600,000.00"
8.66,9,1,0.549898445,5.213415717,1.3669029,0.064668268,9,7,0.050657848,13,2.104233363,0,1.284658669,0.825239173,"6,000,000.00"
14.19,1,0,4.333994379,4.620078445,3.239812649,0.047187666,14,1,0.207307327,9,1.832361316,1,2.853306008,2.55936892,"4,500,000.00"
26.73,2,0,2.277565832,7.139742484,0.085556088,0.046381217,4,0,2.02374757,0,1.820775485,1,5.850247893,4.425054309,"430,000.00"
20.21,1,0,4.452395666,3.231228684,9.461703594,1.564251976,1,0,1.45545367,1,1.669502034,1,6.882095043,6.69515565,"420,000.00"
7.57,26,6,0.194328801,7.759564862,1.511477789,0.344641591,43,10,0.118453506,18,0.085681338,5,0.241442313,1.261456637,"9,000,000.00"
7.47,17,4,1.087295775,5.384151821,0.890410619,0.586071568,30,11,0.440548846,15,0.831388942,3,0.85680006,0.690853659,"6,500,000.00"
11.35,4,0,3.232578915,6.632045539,4.07247222,0.046516086,15,2,0.275528356,11,1.185148304,2,2.127812617,1.818298797,"3,500,000.00"
11.16,13,0,2.106095585,8.393725938,1.168514876,0.161932175,29,0,0.057423149,19,1.289514894,4,1.203313326,2.598587684,"2,500,000.00"
11.35,4,0,3.232578915,6.632045539,4.07247222,0.046516086,15,2,0.275528356,11,1.185148304,2,2.127812617,1.818298797,"2,000,000.00"
17.66,2,0,2.766675534,1.341754436,9.982145833,0.351838973,8,1,0.22296895,5,0.044349224,1,6.270127131,4.493856946,"420,000.00"
11.35,4,0,3.232578915,6.632045539,4.07247222,0.046516086,15,2,0.275528356,11,1.185148304,2,2.127812617,1.818298797,"1,850,000.00"
18.99,5,1,1.866050156,1.810057975,0.314617717,0.069482791,9,1,0.265588994,5,0.215824615,5,2.560275109,1.767980392,"775,000.00"
16.39,1,0,3.876604793,1.871289347,3.876447241,0.024556017,1,0,1.187704419,5,0.074058786,1,3.340681566,4.15652795,"989,795.92"
18.85,3,0,2.75753304,6.672114016,5.148238391,0.144675834,8,2,0.49262073,12,0.048597652,2,4.401620213,1.4674653,"1,400,000.00"
11.35,4,0,3.232578915,6.632045539,4.07247222,0.046516086,15,2,0.275528356,11,1.185148304,2,2.127812617,1.818298797,"2,646,153.85"
19.88,4,1,1.514848549,0.984196476,0.596317226,0.864897004,7,1,0.670444824,6,0.139079465,5,3.013258588,1.719960174,"5,300,000.00"
15.26,0,0,4.55470152,4.19047343,2.465629359,0.840241812,8,1,0.267587215,10,2.469253581,0,3.159466524,3.18055797,"1,500,000.00"
17.66,2,0,2.766675534,1.341754436,9.982145833,0.351838973,8,1,0.22296895,5,0.044349224,1,6.270127131,4.493856946,"400,000.00"
14.94,4,3,1.325521262,3.332054051,6.321523914,0.125554587,9,0,0.297162444,10,0.3277186,2,3.835218788,3.420543751,"850,000.00"
21.21,3,0,4.001993712,5.27731528,5.682614182,1.481078738,5,0,1.358658138,7,1.820113651,1,5.62599196,3.178849578,"420,000.00"
19.59,1,0,4.65088748,1.626447486,3.488327488,0.0702284,6,0,0.225418134,4,0.132466919,1,3.752484608,4.569323338,"560,000.00"
11.35,4,0,3.232578915,6.632045539,4.07247222,0.046516086,15,2,0.275528356,11,1.185148304,2,2.127812617,1.818298797,"1,354,166.67"
26.73,2,0,2.277565832,7.139742484,0.085556088,0.046381217,4,0,2.02374757,0,1.820775485,1,5.850247893,4.425054309,"300,000.00"
31.51,1,1,1.381423128,12.16728407,0.149133019,0.047108561,5,1,0.395558833,1,6.762905565,0,9.361162257,6.139936373,"290,000.00"
18.85,3,0,2.75753304,6.672114016,5.148238391,0.144675834,8,2,0.49262073,12,0.048597652,2,4.401620213,1.4674653,"1,300,000.00"
28.22,1,2,1.15380493,7.821840894,2.501871417,2.54157815,0,0,0.260538796,1,3.935168025,0,7.1656613,5.458152126,"325,000.00"
8.15,19,4,1.142526683,9.155040562,0.029733581,0.369539052,24,5,0.750590563,12,1.16763043,2,0.670066212,1.155265795,"11,500,000.00"
15.34,5,0,2.696064051,6.132844101,0.105448493,0.204660942,10,1,0.52902818,12,0.218559789,3,2.499860496,2.543675581,"2,500,000.00"
19.51,6,0,2.875829072,10.87016748,0.069034825,0.155937673,12,0,0.531430234,4,2.751861472,0,2.987710191,5.917349915,"1,290,322.58"
5.42,23,6,0.274439339,6.485148777,0.987947003,0.216845753,46,7,0.248492837,16,0.813136894,5,0.46789424,1.120174736,"21,000,000.00"
19.66,1,0,3.717497593,2.297640069,5.116319986,1.66959463,6,0,1.393581999,4,1.731696832,1,4.783336578,5.76353093,"600,000.00"
22.61,3,0,3.998696251,2.379564136,0.489734538,0.201421298,7,2,0.014518784,4,0.899794951,1,3.99247885,2.76473027,"420,000.00"
22.48,1,0,5.025437008,4.526230179,2.158402885,2.639915599,0,0,0.360470047,1,2.521308465,0,4.82621559,4.51951349,"190,000.00"
18.85,3,0,2.75753304,6.672114016,5.148238391,0.144675834,8,2,0.49262073,12,0.048597652,2,4.401620213,1.4674653,"400,000.00"
23.32,0,0,7.028561387,6.124351023,7.643558956,1.844832933,1,0,1.969323048,1,1.735535589,1,7.878843402,8.549334305,"300,000.00"
19.59,1,0,4.65088748,1.626447486,3.488327488,0.0702284,6,0,0.225418134,4,0.132466919,1,3.752484608,4.569323338,"800,000.00"
17.66,2,0,2.766675534,1.341754436,9.982145833,0.351838973,8,1,0.22296895,5,0.044349224,1,6.270127131,4.493856946,"375,000.00"
23.32,0,0,7.028561387,6.124351023,7.643558956,1.844832933,1,0,1.969323048,1,1.735535589,1,7.878843402,8.549334305,"430,000.00"
18.85,3,0,2.75753304,6.672114016,5.148238391,0.144675834,8,2,0.49262073,12,0.048597652,2,4.401620213,1.4674653,"425,000.00"
22.61,3,0,3.998696251,2.379564136,0.489734538,0.201421298,7,2,0.014518784,4,0.899794951,1,3.99247885,2.76473027,"425,000.00"
14.94,4,3,1.325521262,3.332054051,6.321523914,0.125554587,9,0,0.297162444,10,0.3277186,2,3.835218788,3.420543751,"445,000.00"
22.61,3,0,3.998696251,2.379564136,0.489734538,0.201421298,7,2,0.014518784,4,0.899794951,1,3.99247885,2.76473027,"400,000.00"
23.79,1,0,3.495002423,3.317077568,3.931243406,2.171289137,0,0,0.536616073,2,2.688005657,0,5.500983246,4.276389115,"430,000.00"
23.79,1,0,3.495002423,3.317077568,3.931243406,2.171289137,0,0,0.536616073,2,2.688005657,0,5.500983246,4.276389115,"435,000.00"
13.98,1,1,1.440497502,8.830429042,2.212403368,0.071858443,10,2,0.100746527,11,0.886448814,1,2.748057643,2.54970663,"2,700,000.00"
5.79,34,5,0.246501641,5.260460783,1.882027165,0.177139619,56,16,0.270995056,20,0.262818416,7,0.619406784,0.899429589,"18,000,000.00"
24.82,1,0,5.090707489,0.409507119,6.811585774,0.031648336,2,1,3.055274365,0,5.118456884,0,7.133131449,4.812728716,"390,000.00"
14.29,8,0,2.210242241,12.7198494,0.570907625,0.493071529,12,1,0.450048459,9,0.475998265,3,2.72457472,3.728770782,"1,250,000.00"
42.89,2,0,17.30386792,25.98399192,0.638579249,0.092605017,7,3,1.670624688,2,3.822489362,0,20.27564198,8.252888495,"410,958.90"
17.66,2,0,2.766675534,1.341754436,9.982145833,0.351838973,8,1,0.22296895,5,0.044349224,1,6.270127131,4.493856946,"400,000.00"
11.35,4,0,3.232578915,6.632045539,4.07247222,0.046516086,15,2,0.275528356,11,1.185148304,2,2.127812617,1.818298797,"2,000,000.00"
17.26,6,0,3.092683935,3.716698378,0.089601941,0.104367405,10,1,0.685837638,5,0.917733437,2,2.121535646,2.422564633,"1,125,000.00"
18.85,3,0,2.75753304,6.672114016,5.148238391,0.144675834,8,2,0.49262073,12,0.048597652,2,4.401620213,1.4674653,"775,000.00"
9.16,19,1,0.668115654,7.480199518,0.647482412,0.047406525,38,5,0.229319769,17,1.221395666,4,1.224741756,1.856131844,"4,500,000.00"
7.47,17,4,1.087295775,5.384151821,0.890410619,0.586071568,30,11,0.440548846,15,0.831388942,3,0.85680006,0.690853659,"4,000,000.00"
16.39,1,0,3.876604793,1.871289347,3.876447241,0.024556017,1,0,1.187704419,5,0.074058786,1,3.340681566,4.15652795,"1,400,000.00"
10.57,11,2,0.574608738,9.365425049,0.380556553,0.053768922,31,3,0.253841443,24,0.139402968,4,0.500748682,1.59651451,"3,500,000.00"
17.66,2,0,2.766675534,1.341754436,9.982145833,0.351838973,8,1,0.22296895,5,0.044349224,1,6.270127131,4.493856946,"420,000.00"
9.16,19,1,0.668115654,7.480199518,0.647482412,0.047406525,38,5,0.229319769,17,1.221395666,4,1.224741756,1.856131844,"5,500,000.00"
17.66,2,0,2.766675534,1.341754436,9.982145833,0.351838973,8,1,0.22296895,5,0.044349224,1,6.270127131,4.493856946,"350,000.00"
10.56,10,2,0.1918214,9.666038251,0.888089233,0.089743676,25,3,0.100129552,24,0.129686103,4,0.634317711,1.338208605,"3,700,000.00"
15.38,5,0,2.892946748,5.916680103,0.258640378,0.361917499,10,1,0.753042303,13,0.451739087,3,2.485672348,2.708729887,"2,300,000.00"
22.96,1,0,5.591785435,10.69856876,0.239087891,0.321212936,2,0,2.946017003,0,1.661365418,1,5.157977569,8.104959232,"825,000.00"
23.32,0,0,7.028561387,6.124351023,7.643558956,1.844832933,1,0,1.969323048,1,1.735535589,1,7.878843402,8.549334305,"543,478.26"
10.12,12,2,0.701574755,9.739960244,1.63779857,0.09525586,32,4,0.1261487,25,0.447362946,4,1.135299754,0.957193443,"4,250,000.00"
17.66,2,0,2.766675534,1.341754436,9.982145833,0.351838973,8,1,0.22296895,5,0.044349224,1,6.270127131,4.493856946,"410,000.00"
20.21,1,0,4.452395666,3.231228684,9.461703594,1.564251976,1,0,1.45545367,1,1.669502034,1,6.882095043,6.69515565,"425,000.00"
15.26,0,0,4.55470152,4.19047343,2.465629359,0.840241812,8,1,0.267587215,10,2.469253581,0,3.159466524,3.18055797,"2,200,000.00"
24.82,1,0,5.090707489,0.409507119,6.811585774,0.031648336,2,1,3.055274365,0,5.118456884,0,7.133131449,4.812728716,"760,000.00"
25.05,3,0,2.740672922,5.746503894,0.306706658,0.157991858,4,1,0.375674414,2,0.149143912,1,5.252882255,3.898401641,"375,000.00"
14.19,1,0,4.333994379,4.620078445,3.239812649,0.047187666,14,1,0.207307327,9,1.832361316,1,2.853306008,2.55936892,"2,003,546.10"
28.22,1,2,1.15380493,7.821840894,2.501871417,2.54157815,0,0,0.260538796,1,3.935168025,0,7.1656613,5.458152126,"300,000.00"
26.73,2,0,2.277565832,7.139742484,0.085556088,0.046381217,4,0,2.02374757,0,1.820775485,1,5.850247893,4.425054309,"325,000.00"
23.32,0,0,7.028561387,6.124351023,7.643558956,1.844832933,1,0,1.969323048,1,1.735535589,1,7.878843402,8.549334305,"550,724.64"
23.32,0,0,7.028561387,6.124351023,7.643558956,1.844832933,1,0,1.969323048,1,1.735535589,1,7.878843402,8.549334305,"593,750.00"
9.16,19,1,0.668115654,7.480199518,0.647482412,0.047406525,38,5,0.229319769,17,1.221395666,4,1.224741756,1.856131844,"5,000,000.00"
18.85,3,0,2.75753304,6.672114016,5.148238391,0.144675834,8,2,0.49262073,12,0.048597652,2,4.401620213,1.4674653,"57,000.00"
17.66,2,0,2.766675534,1.341754436,9.982145833,0.351838973,8,1,0.22296895,5,0.044349224,1,6.270127131,4.493856946,"450,000.00"
17.66,2,0,2.766675534,1.341754436,9.982145833,0.351838973,8,1,0.22296895,5,0.044349224,1,6.270127131,4.493856946,"375,000.00"
17.26,6,0,3.092683935,3.716698378,0.089601941,0.104367405,10,1,0.685837638,5,0.917733437,2,2.121535646,2.422564633,"1,075,000.00"
42.89,2,0,17.30386792,25.98399192,0.638579249,0.092605017,7,3,1.670624688,2,3.822489362,0,20.27564198,8.252888495,"342,857.14"
14.19,1,0,4.333994379,4.620078445,3.239812649,0.047187666,14,1,0.207307327,9,1.832361316,1,2.853306008,2.55936892,"1,348,484.85"
11.35,4,0,3.232578915,6.632045539,4.07247222,0.046516086,15,2,0.275528356,11,1.185148304,2,2.127812617,1.818298797,"2,446,633.83"
11.35,4,0,3.232578915,6.632045539,4.07247222,0.046516086,15,2,0.275528356,11,1.185148304,2,2.127812617,1.818298797,"2,402,234.64"
32.72,0,0,5.980388514,15.53202167,1.009932711,1.089855937,1,0,3.205859997,0,3.378773687,0,12.39189835,10.00080272,"110,000.00"
10.96,9,1,1.555973958,11.53988387,0.42972373,0.126142707,18,1,0.460378059,12,0.545357036,3,0.891115717,1.452211198,"2,850,000.00"
13.98,1,1,1.440497502,8.830429042,2.212403368,0.071858443,10,2,0.100746527,11,0.886448814,1,2.748057643,2.54970663,"1,625,000.00"
10.64,6,0,2.246210381,8.09204828,1.80277564,0.069620362,22,0,0.265138276,16,0.346100643,2,1.203411373,2.706880853,"2,350,000.00"
14.94,4,3,1.325521262,3.332054051,6.321523914,0.125554587,9,0,0.297162444,10,0.3277186,2,3.835218788,3.420543751,"440,000.00"
23.32,0,0,7.028561387,6.124351023,7.643558956,1.844832933,1,0,1.969323048,1,1.735535589,1,7.878843402,8.549334305,"425,000.00"
10.69,4,0,3.223569049,5.653280045,3.840661249,0.675773505,13,4,1.099343865,11,0.973892745,3,3.243475551,1.252826919,"2,000,000.00"
22.61,3,0,3.998696251,2.379564136,0.489734538,0.201421298,7,2,0.014518784,4,0.899794951,1,3.99247885,2.76473027,"625,000.00"
26.73,2,0,2.277565832,7.139742484,0.085556088,0.046381217,4,0,2.02374757,0,1.820775485,1,5.850247893,4.425054309,"268,041.24"
13.98,1,1,1.440497502,8.830429042,2.212403368,0.071858443,10,2,0.100746527,11,0.886448814,1,2.748057643,2.54970663,"2,300,000.00"
17.26,6,0,3.092683935,3.716698378,0.089601941,0.104367405,10,1,0.685837638,5,0.917733437,2,2.121535646,2.422564633,"1,225,000.00"
11.35,4,0,3.232578915,6.632045539,4.07247222,0.046516086,15,2,0.275528356,11,1.185148304,2,2.127812617,1.818298797,"8,700,000.00"
15.34,5,0,2.696064051,6.132844101,0.105448493,0.204660942,10,1,0.52902818,12,0.218559789,3,2.499860496,2.543675581,"2,500,000.00"
19.59,1,0,4.65088748,1.626447486,3.488327488,0.0702284,6,0,0.225418134,4,0.132466919,1,3.752484608,4.569323338,"1,500,000.00"
18.24,7,1,1.69334318,10.54310551,1.078809575,0.218695862,19,0,0.453898186,8,1.809938883,1,2.776252941,4.64973165,"3,400,000.00"
17.66,2,0,2.766675534,1.341754436,9.982145833,0.351838973,8,1,0.22296895,5,0.044349224,1,6.270127131,4.493856946,"270,833.33"
17.66,2,0,2.766675534,1.341754436,9.982145833,0.351838973,8,1,0.22296895,5,0.044349224,1,6.270127131,4.493856946,"410,000.00"
20.21,1,0,4.452395666,3.231228684,9.461703594,1.564251976,1,0,1.45545367,1,1.669502034,1,6.882095043,6.69515565,"440,000.00"
20.21,1,0,4.452395666,3.231228684,9.461703594,1.564251976,1,0,1.45545367,1,1.669502034,1,6.882095043,6.69515565,"440,000.00"
17.66,2,0,2.766675534,1.341754436,9.982145833,0.351838973,8,1,0.22296895,5,0.044349224,1,6.270127131,4.493856946,"450,000.00"
17.66,2,0,2.766675534,1.341754436,9.982145833,0.351838973,8,1,0.22296895,5,0.044349224,1,6.270127131,4.493856946,"400,000.00"
17.66,2,0,2.766675534,1.341754436,9.982145833,0.351838973,8,1,0.22296895,5,0.044349224,1,6.270127131,4.493856946,"414,285.71"
16.64,6,0,2.146214815,11.41432897,0.684413524,0.792289175,11,0,0.089125709,5,1.535985625,1,3.06771498,4.27051515,"1,400,000.00"
22.61,3,0,3.998696251,2.379564136,0.489734538,0.201421298,7,2,0.014518784,4,0.899794951,1,3.99247885,2.76473027,"433,333.33"
10.96,9,1,1.555973958,11.53988387,0.42972373,0.126142707,18,1,0.460378059,12,0.545357036,3,0.891115717,1.452211198,"2,950,000.00"
18.85,3,0,2.75753304,6.672114016,5.148238391,0.144675834,8,2,0.49262073,12,0.048597652,2,4.401620213,1.4674653,"850,000.00"
4.22,22,2,1.467277947,5.676326993,0.379336786,0.083896065,46,9,0.234180842,17,0.836102939,4,0.648388584,1.199440728,"26,500,000.00"
22.61,3,0,3.998696251,2.379564136,0.489734538,0.201421298,7,2,0.014518784,4,0.899794951,1,3.99247885,2.76473027,"400,000.00"
12.89,7,0,2.847591288,12.64244388,0.528389071,0.028453853,12,2,0.113299872,20,1.052875673,5,1.58575455,3.057863335,"2,300,000.00"
19.72,1,0,3.346328059,2.59671565,7.635108885,2.258348808,0,0,2.126974979,0,2.345781881,0,5.646727026,6.147557185,"800,000.00"
7.32,11,0,2.566984162,2.583882255,1.340354312,0.092366577,12,1,0.061041341,7,0.854156211,4,1.907836811,1.666282966,"700,000.00"
18.85,3,0,2.75753304,6.672114016,5.148238391,0.144675834,8,2,0.49262073,12,0.048597652,2,4.401620213,1.4674653,"410,000.00"
13.04,3,0,2.482189224,10.71105259,2.581188405,0.039349016,14,1,0.204933292,14,0.911886638,3,2.521385921,3.017094937,"4,000,000.00"
12.89,7,0,2.847591288,12.64244388,0.528389071,0.028453853,12,2,0.113299872,20,1.052875673,5,1.58575455,3.057863335,"3,000,000.00"
19.88,4,1,1.514848549,0.984196476,0.596317226,0.864897004,7,1,0.670444824,6,0.139079465,5,3.013258588,1.719960174,"1,300,000.00"
15.34,5,0,2.696064051,6.132844101,0.105448493,0.204660942,10,1,0.52902818,12,0.218559789,3,2.499860496,2.543675581,"2,425,000.00"
23.32,0,0,7.028561387,6.124351023,7.643558956,1.844832933,1,0,1.969323048,1,1.735535589,1,7.878843402,8.549334305,"438,000.00"
14.19,1,0,4.333994379,4.620078445,3.239812649,0.047187666,14,1,0.207307327,9,1.832361316,1,2.853306008,2.55936892,"2,000,000.00"
22.61,3,0,3.998696251,2.379564136,0.489734538,0.201421298,7,2,0.014518784,4,0.899794951,1,3.99247885,2.76473027,"1,250,000.00"
5.42,23,6,0.274439339,6.485148777,0.987947003,0.216845753,46,7,0.248492837,16,0.813136894,5,0.46789424,1.120174736,"14,000,000.00"
12.89,7,0,2.847591288,12.64244388,0.528389071,0.028453853,12,2,0.113299872,20,1.052875673,5,1.58575455,3.057863335,"2,800,000.00"
10.57,11,2,0.574608738,9.365425049,0.380556553,0.053768922,31,3,0.253841443,24,0.139402968,4,0.500748682,1.59651451,"3,200,000.00"
11.88,9,2,1.412228981,9.949975211,1.714054755,1.241304091,21,3,0.603966541,23,1.196047358,5,1.353496396,2.372959813,"4,500,000.00"
10.57,11,2,0.574608738,9.365425049,0.380556553,0.053768922,31,3,0.253841443,24,0.139402968,4,0.500748682,1.59651451,"3,600,000.00"
11.35,4,0,3.232578915,6.632045539,4.07247222,0.046516086,15,2,0.275528356,11,1.185148304,2,2.127812617,1.818298797,"2,100,000.00"
10.57,11,2,0.574608738,9.365425049,0.380556553,0.053768922,31,3,0.253841443,24,0.139402968,4,0.500748682,1.59651451,"4,700,000.00"
14.29,8,0,2.210242241,12.7198494,0.570907625,0.493071529,12,1,0.450048459,9,0.475998265,3,2.72457472,3.728770782,"2,600,000.00"
17.26,6,0,3.092683935,3.716698378,0.089601941,0.104367405,10,1,0.685837638,5,0.917733437,2,2.121535646,2.422564633,"850,000.00"
9.61,2,0,4.418797371,3.481613553,2.679374305,1.038703539,5,1,1.06259087,5,1.092881018,2,3.833930644,2.189414859,"5,000,000.00"
17.26,6,0,3.092683935,3.716698378,0.089601941,0.104367405,10,1,0.685837638,5,0.917733437,2,2.121535646,2.422564633,"1,325,000.00"
7.57,26,6,0.194328801,7.759564862,1.511477789,0.344641591,43,10,0.118453506,18,0.085681338,5,0.241442313,1.261456637,"14,500,000.00"
23.32,0,0,7.028561387,6.124351023,7.643558956,1.844832933,1,0,1.969323048,1,1.735535589,1,7.878843402,8.549334305,"416,666.67"
10.57,11,2,0.574608738,9.365425049,0.380556553,0.053768922,31,3,0.253841443,24,0.139402968,4,0.500748682,1.59651451,"2,400,000.00"
15.26,0,0,4.55470152,4.19047343,2.465629359,0.840241812,8,1,0.267587215,10,2.469253581,0,3.159466524,3.18055797,"1,250,000.00"
28.22,1,2,1.15380493,7.821840894,2.501871417,2.54157815,0,0,0.260538796,1,3.935168025,0,7.1656613,5.458152126,"314,285.71"
23.32,0,0,7.028561387,6.124351023,7.643558956,1.844832933,1,0,1.969323048,1,1.735535589,1,7.878843402,8.549334305,"375,000.00"
18.99,1,0,4.166310614,1.017527418,3.848115313,0.423050478,6,0,0.08690014,4,0.47781218,1,3.829576968,4.632327176,"1,672,727.27"
23.32,0,0,7.028561387,6.124351023,7.643558956,1.844832933,1,0,1.969323048,1,1.735535589,1,7.878843402,8.549334305,"375,000.00"
16.09,3,0,3.208475819,1.913461191,4.504202007,0.650961654,6,0,0.789134066,7,0.681933388,1,3.638046775,4.035968273,"2,000,000.00"
22.61,3,0,3.998696251,2.379564136,0.489734538,0.201421298,7,2,0.014518784,4,0.899794951,1,3.99247885,2.76473027,"400,000.00"
18.85,3,0,2.75753304,6.672114016,5.148238391,0.144675834,8,2,0.49262073,12,0.048597652,2,4.401620213,1.4674653,"385,185.19"
22.61,3,0,3.998696251,2.379564136,0.489734538,0.201421298,7,2,0.014518784,4,0.899794951,1,3.99247885,2.76473027,"379,746.84"
23.32,0,0,7.028561387,6.124351023,7.643558956,1.844832933,1,0,1.969323048,1,1.735535589,1,7.878843402,8.549334305,"375,000.00"
10.64,6,0,2.246210381,8.09204828,1.80277564,0.069620362,22,0,0.265138276,16,0.346100643,2,1.203411373,2.706880853,"2,160,000.00"
28.22,1,2,1.15380493,7.821840894,2.501871417,2.54157815,0,0,0.260538796,1,3.935168025,0,7.1656613,5.458152126,"350,000.00"
16.39,1,0,3.876604793,1.871289347,3.876447241,0.024556017,1,0,1.187704419,5,0.074058786,1,3.340681566,4.15652795,"2,300,000.00"
23.32,0,0,7.028561387,6.124351023,7.643558956,1.844832933,1,0,1.969323048,1,1.735535589,1,7.878843402,8.549334305,"455,000.00"
17.66,2,0,2.766675534,1.341754436,9.982145833,0.351838973,8,1,0.22296895,5,0.044349224,1,6.270127131,4.493856946,"450,000.00"
23.79,1,0,3.495002423,3.317077568,3.931243406,2.171289137,0,0,0.536616073,2,2.688005657,0,5.500983246,4.276389115,"395,000.00"
26.73,2,0,2.277565832,7.139742484,0.085556088,0.046381217,4,0,2.02374757,0,1.820775485,1,5.850247893,4.425054309,"350,000.00"
19.59,1,0,4.65088748,1.626447486,3.488327488,0.0702284,6,0,0.225418134,4,0.132466919,1,3.752484608,4.569323338,"850,000.00"
13.04,3,0,2.482189224,10.71105259,2.581188405,0.039349016,14,1,0.204933292,14,0.911886638,3,2.521385921,3.017094937,"5,833,333.33"
22.61,3,0,3.998696251,2.379564136,0.489734538,0.201421298,7,2,0.014518784,4,0.899794951,1,3.99247885,2.76473027,"525,000.00"
18.23,4,0,3.864011678,6.553311579,3.869207751,1.454507738,9,2,0.699815373,8,1.390398592,3,4.402726323,1.915670097,"675,000.00"
26.73,2,0,2.277565832,7.139742484,0.085556088,0.046381217,4,0,2.02374757,0,1.820775485,1,5.850247893,4.425054309,"275,000.00"
22.39,2,0,5.350999564,4.118825144,6.739824789,1.821689416,2,0,1.602959146,2,2.940111393,0,6.361590457,3.594877933,"950,000.00"
17.66,2,0,2.766675534,1.341754436,9.982145833,0.351838973,8,1,0.22296895,5,0.044349224,1,6.270127131,4.493856946,"450,000.00"
17.66,2,0,2.766675534,1.341754436,9.982145833,0.351838973,8,1,0.22296895,5,0.044349224,1,6.270127131,4.493856946,"400,000.00"
23.32,0,0,7.028561387,6.124351023,7.643558956,1.844832933,1,0,1.969323048,1,1.735535589,1,7.878843402,8.549334305,"430,000.00"
16.39,1,0,3.876604793,1.871289347,3.876447241,0.024556017,1,0,1.187704419,5,0.074058786,1,3.340681566,4.15652795,"1,650,000.00"
16.39,1,0,3.876604793,1.871289347,3.876447241,0.024556017,1,0,1.187704419,5,0.074058786,1,3.340681566,4.15652795,"2,100,000.00"
16.39,1,0,3.876604793,1.871289347,3.876447241,0.024556017,1,0,1.187704419,5,0.074058786,1,3.340681566,4.15652795,"18,500,000.00"
14.94,4,3,1.325521262,3.332054051,6.321523914,0.125554587,9,0,0.297162444,10,0.3277186,2,3.835218788,3.420543751,"1,850,000.00"
5.42,23,6,0.274439339,6.485148777,0.987947003,0.216845753,46,7,0.248492837,16,0.813136894,5,0.46789424,1.120174736,"13,000,000.00"
23.32,0,0,7.028561387,6.124351023,7.643558956,1.844832933,1,0,1.969323048,1,1.735535589,1,7.878843402,8.549334305,"440,000.00"
23.32,0,0,7.028561387,6.124351023,7.643558956,1.844832933,1,0,1.969323048,1,1.735535589,1,7.878843402,8.549334305,"425,000.00"
8.43,25,5,0.68379499,8.270892022,1.393859989,0.06226201,43,10,0.220060054,23,0.776471572,5,0.656539523,1.209048532,"19,000,000.00"
22.61,3,0,3.998696251,2.379564136,0.489734538,0.201421298,7,2,0.014518784,4,0.899794951,1,3.99247885,2.76473027,"410,000.00"
19.59,1,0,4.65088748,1.626447486,3.488327488,0.0702284,6,0,0.225418134,4,0.132466919,1,3.752484608,4.569323338,"1,890,000.00"
14.94,4,3,1.325521262,3.332054051,6.321523914,0.125554587,9,0,0.297162444,10,0.3277186,2,3.835218788,3.420543751,"1,350,000.00"
18.85,3,0,2.75753304,6.672114016,5.148238391,0.144675834,8,2,0.49262073,12,0.048597652,2,4.401620213,1.4674653,"400,000.00"
14.94,4,3,1.325521262,3.332054051,6.321523914,0.125554587,9,0,0.297162444,10,0.3277186,2,3.835218788,3.420543751,"3,000,000.00"
14.94,4,3,1.325521262,3.332054051,6.321523914,0.125554587,9,0,0.297162444,10,0.3277186,2,3.835218788,3.420543751,"1,025,000.00"
15.26,0,0,4.55470152,4.19047343,2.465629359,0.840241812,8,1,0.267587215,10,2.469253581,0,3.159466524,3.18055797,"2,600,000.00"
15.26,0,0,4.55470152,4.19047343,2.465629359,0.840241812,8,1,0.267587215,10,2.469253581,0,3.159466524,3.18055797,"3,800,000.00"
17.66,2,0,2.766675534,1.341754436,9.982145833,0.351838973,8,1,0.22296895,5,0.044349224,1,6.270127131,4.493856946,"425,000.00"
24.82,1,0,5.090707489,0.409507119,6.811585774,0.031648336,2,1,3.055274365,0,5.118456884,0,7.133131449,4.812728716,"400,000.00"
11.35,4,0,3.232578915,6.632045539,4.07247222,0.046516086,15,2,0.275528356,11,1.185148304,2,2.127812617,1.818298797,"2,750,000.00"
11.35,4,0,3.232578915,6.632045539,4.07247222,0.046516086,15,2,0.275528356,11,1.185148304,2,2.127812617,1.818298797,"2,450,000.00"
23.32,0,0,7.028561387,6.124351023,7.643558956,1.844832933,1,0,1.969323048,1,1.735535589,1,7.878843402,8.549334305,"435,000.00"
23.32,0,0,7.028561387,6.124351023,7.643558956,1.844832933,1,0,1.969323048,1,1.735535589,1,7.878843402,8.549334305,"447,916.67"
42.89,2,0,17.30386792,25.98399192,0.638579249,0.092605017,7,3,1.670624688,2,3.822489362,0,20.27564198,8.252888495,"430,000.00"
22.61,3,0,3.998696251,2.379564136,0.489734538,0.201421298,7,2,0.014518784,4,0.899794951,1,3.99247885,2.76473027,"405,063.29"
18.99,5,1,1.866050156,1.810057975,0.314617717,0.069482791,9,1,0.265588994,5,0.215824615,5,2.560275109,1.767980392,"825,000.00"
22.61,3,0,3.998696251,2.379564136,0.489734538,0.201421298,7,2,0.014518784,4,0.899794951,1,3.99247885,2.76473027,"410,000.00"
14.94,4,3,1.325521262,3.332054051,6.321523914,0.125554587,9,0,0.297162444,10,0.3277186,2,3.835218788,3.420543751,"440,000.00"
17.66,2,0,2.766675534,1.341754436,9.982145833,0.351838973,8,1,0.22296895,5,0.044349224,1,6.270127131,4.493856946,"385,714.29"
14.19,1,0,4.333994379,4.620078445,3.239812649,0.047187666,14,1,0.207307327,9,1.832361316,1,2.853306008,2.55936892,"1,900,000.00"
20.21,1,0,4.452395666,3.231228684,9.461703594,1.564251976,1,0,1.45545367,1,1.669502034,1,6.882095043,6.69515565,"440,000.00"
20.21,1,0,4.452395666,3.231228684,9.461703594,1.564251976,1,0,1.45545367,1,1.669502034,1,6.882095043,6.69515565,"440,000.00"
23.52,1,0,4.517601805,5.391227259,2.05266268,1.79869111,1,1,1.44591556,3,1.743481817,1,4.84824702,4.589242247,"430,000.00"
23.79,1,0,3.495002423,3.317077568,3.931243406,2.171289137,0,0,0.536616073,2,2.688005657,0,5.500983246,4.276389115,"420,000.00"
18.85,3,0,2.75753304,6.672114016,5.148238391,0.144675834,8,2,0.49262073,12,0.048597652,2,4.401620213,1.4674653,"400,000.00"
13.07,3,1,0.863181347,9.317309022,1.958732342,0.893361754,19,1,0.19376073,17,0.046474146,2,2.271181203,2.501293913,"3,000,000.00"
10.64,6,0,2.246210381,8.09204828,1.80277564,0.069620362,22,0,0.265138276,16,0.346100643,2,1.203411373,2.706880853,"3,600,000.00"
12.81,3,0,2.294267062,3.810259639,6.162879321,1.38023374,3,2,0.186265789,6,0.911429645,2,4.278925666,2.283965239,"1,200,000.00"
14.94,4,3,1.325521262,3.332054051,6.321523914,0.125554587,9,0,0.297162444,10,0.3277186,2,3.835218788,3.420543751,"1,500,000.00"
21.89,1,1,1.73280012,3.138944863,3.532694318,0.137331208,4,0,0.166226784,3,1.761886269,1,4.511211539,3.290576454,"725,000.00"
7.47,17,4,1.087295775,5.384151821,0.890410619,0.586071568,30,11,0.440548846,15,0.831388942,3,0.85680006,0.690853659,"4,200,000.00"
14.94,4,3,1.325521262,3.332054051,6.321523914,0.125554587,9,0,0.297162444,10,0.3277186,2,3.835218788,3.420543751,"800,000.00"
10.12,12,2,0.701574755,9.739960244,1.63779857,0.09525586,32,4,0.1261487,25,0.447362946,4,1.135299754,0.957193443,"2,500,000.00"
17.66,2,0,2.766675534,1.341754436,9.982145833,0.351838973,8,1,0.22296895,5,0.044349224,1,6.270127131,4.493856946,"400,000.00"
10.57,11,2,0.574608738,9.365425049,0.380556553,0.053768922,31,3,0.253841443,24,0.139402968,4,0.500748682,1.59651451,"5,545,454.55"
31.51,1,1,1.381423128,12.16728407,0.149133019,0.047108561,5,1,0.395558833,1,6.762905565,0,9.361162257,6.139936373,"550,000.00"
12.9,2,0,2.352940629,3.590158666,6.306950893,1.413473849,2,2,0.507829617,3,1.181593513,2,4.365703146,2.469001486,"1,250,000.00"
23.32,0,0,7.028561387,6.124351023,7.643558956,1.844832933,1,0,1.969323048,1,1.735535589,1,7.878843402,8.549334305,"30,000.00"
22.61,3,0,3.998696251,2.379564136,0.489734538,0.201421298,7,2,0.014518784,4,0.899794951,1,3.99247885,2.76473027,"400,000.00"
23.32,0,0,7.028561387,6.124351023,7.643558956,1.844832933,1,0,1.969323048,1,1.735535589,1,7.878843402,8.549334305,"450,000.00"
11.82,0,0,44.09041707,23.87619254,29.9865024,41.00006341,0,0,27.59853886,0,44.43829173,0,46.80715227,38.6255204,"3,950,000.00"
19.88,4,1,1.514848549,0.984196476,0.596317226,0.864897004,7,1,0.670444824,6,0.139079465,5,3.013258588,1.719960174,"1,250,000.00"
19.59,1,0,4.65088748,1.626447486,3.488327488,0.0702284,6,0,0.225418134,4,0.132466919,1,3.752484608,4.569323338,"800,000.00"
9.16,19,1,0.668115654,7.480199518,0.647482412,0.047406525,38,5,0.229319769,17,1.221395666,4,1.224741756,1.856131844,"3,950,000.00"
25.74,2,0,3.750819421,7.090341751,1.668134015,1.342908267,4,1,1.538556531,1,1.538463966,1,5.698412478,4.49286357,"525,000.00"
26.73,2,0,2.277565832,7.139742484,0.085556088,0.046381217,4,0,2.02374757,0,1.820775485,1,5.850247893,4.425054309,"325,000.00"
26.73,2,0,2.277565832,7.139742484,0.085556088,0.046381217,4,0,2.02374757,0,1.820775485,1,5.850247893,4.425054309,"350,000.00"
23.32,0,0,7.028561387,6.124351023,7.643558956,1.844832933,1,0,1.969323048,1,1.735535589,1,7.878843402,8.549334305,"592,307.69"
23.32,0,0,7.028561387,6.124351023,7.643558956,1.844832933,1,0,1.969323048,1,1.735535589,1,7.878843402,8.549334305,"375,000.00"
23.32,0,0,7.028561387,6.124351023,7.643558956,1.844832933,1,0,1.969323048,1,1.735535589,1,7.878843402,8.549334305,"450,000.00"
28.22,1,2,1.15380493,7.821840894,2.501871417,2.54157815,0,0,0.260538796,1,3.935168025,0,7.1656613,5.458152126,"275,000.00"
10.3,15,2,1.59352339,8.252641545,1.126814689,0.547694489,25,2,0.435381787,18,0.978440306,3,1.083609135,2.184000564,"2,400,000.00"
17.66,2,0,2.766675534,1.341754436,9.982145833,0.351838973,8,1,0.22296895,5,0.044349224,1,6.270127131,4.493856946,"440,000.00"
22.61,3,0,3.998696251,2.379564136,0.489734538,0.201421298,7,2,0.014518784,4,0.899794951,1,3.99247885,2.76473027,"375,000.00"
24.82,1,0,5.090707489,0.409507119,6.811585774,0.031648336,2,1,3.055274365,0,5.118456884,0,7.133131449,4.812728716,"400,000.00"
10.96,9,1,1.555973958,11.53988387,0.42972373,0.126142707,18,1,0.460378059,12,0.545357036,3,0.891115717,1.452211198,"2,700,000.00"
9.16,19,1,0.668115654,7.480199518,0.647482412,0.047406525,38,5,0.229319769,17,1.221395666,4,1.224741756,1.856131844,"3,500,000.00"
16.39,1,0,3.876604793,1.871289347,3.876447241,0.024556017,1,0,1.187704419,5,0.074058786,1,3.340681566,4.15652795,"2,100,000.00"
12.98,0,0,2.043785258,6.936892334,0.970979431,0.592912586,15,0,0.753254352,9,1.514111406,2,2.465868046,2.904053309,"1,950,000.00"
20.21,1,0,4.452395666,3.231228684,9.461703594,1.564251976,1,0,1.45545367,1,1.669502034,1,6.882095043,6.69515565,"435,000.00"
14.94,4,3,1.325521262,3.332054051,6.321523914,0.125554587,9,0,0.297162444,10,0.3277186,2,3.835218788,3.420543751,"440,000.00"
8.43,25,5,0.68379499,8.270892022,1.393859989,0.06226201,43,10,0.220060054,23,0.776471572,5,0.656539523,1.209048532,"7,850,000.00"
20.21,1,0,4.452395666,3.231228684,9.461703594,1.564251976,1,0,1.45545367,1,1.669502034,1,6.882095043,6.69515565,"450,000.00"
11.82,0,0,44.09041707,23.87619254,29.9865024,41.00006341,0,0,27.59853886,0,44.43829173,0,46.80715227,38.6255204,"2,000,000.00"
23.79,1,0,3.495002423,3.317077568,3.931243406,2.171289137,0,0,0.536616073,2,2.688005657,0,5.500983246,4.276389115,"410,000.00"
5.42,23,6,0.274439339,6.485148777,0.987947003,0.216845753,46,7,0.248492837,16,0.813136894,5,0.46789424,1.120174736,"14,000,000.00"
18.85,3,0,2.75753304,6.672114016,5.148238391,0.144675834,8,2,0.49262073,12,0.048597652,2,4.401620213,1.4674653,"1,100,000.00"
22.59,1,0,4.731446487,5.842113383,5.025225136,3.189759435,0,0,3.053364406,0,3.525063347,0,5.736706006,4.444261549,"625,000.00"
15.34,5,0,2.696064051,6.132844101,0.105448493,0.204660942,10,1,0.52902818,12,0.218559789,3,2.499860496,2.543675581,"3,600,000.00"
9.16,19,1,0.668115654,7.480199518,0.647482412,0.047406525,38,5,0.229319769,17,1.221395666,4,1.224741756,1.856131844,"3,700,000.00"
12.98,0,0,2.043785258,6.936892334,0.970979431,0.592912586,15,0,0.753254352,9,1.514111406,2,2.465868046,2.904053309,"1,425,000.00"
11.35,4,0,3.232578915,6.632045539,4.07247222,0.046516086,15,2,0.275528356,11,1.185148304,2,2.127812617,1.818298797,"1,757,142.86"
16.39,1,0,3.876604793,1.871289347,3.876447241,0.024556017,1,0,1.187704419,5,0.074058786,1,3.340681566,4.15652795,"750,000.00"
10.96,9,1,1.555973958,11.53988387,0.42972373,0.126142707,18,1,0.460378059,12,0.545357036,3,0.891115717,1.452211198,"2,700,000.00"
12.89,7,0,2.847591288,12.64244388,0.528389071,0.028453853,12,2,0.113299872,20,1.052875673,5,1.58575455,3.057863335,"2,000,000.00"
8.66,9,1,0.549898445,5.213415717,1.3669029,0.064668268,9,7,0.050657848,13,2.104233363,0,1.284658669,0.825239173,"2,850,000.00"
13.87,2,3,1.447933444,2.717124559,7.211964683,2.102517685,0,1,1.010168346,1,1.065715706,2,4.640681644,3.135436539,"2,200,000.00"
18.99,5,1,1.866050156,1.810057975,0.314617717,0.069482791,9,1,0.265588994,5,0.215824615,5,2.560275109,1.767980392,"4,000,000.00"
14.19,1,0,4.333994379,4.620078445,3.239812649,0.047187666,14,1,0.207307327,9,1.832361316,1,2.853306008,2.55936892,"850,000.00"
22.61,3,0,3.998696251,2.379564136,0.489734538,0.201421298,7,2,0.014518784,4,0.899794951,1,3.99247885,2.76473027,"400,000.00"
12.89,7,0,2.847591288,12.64244388,0.528389071,0.028453853,12,2,0.113299872,20,1.052875673,5,1.58575455,3.057863335,"2,300,000.00"
17.66,2,0,2.766675534,1.341754436,9.982145833,0.351838973,8,1,0.22296895,5,0.044349224,1,6.270127131,4.493856946,"395,000.00"
25.74,2,0,3.750819421,7.090341751,1.668134015,1.342908267,4,1,1.538556531,1,1.538463966,1,5.698412478,4.49286357,"720,000.00"
16.39,1,0,3.876604793,1.871289347,3.876447241,0.024556017,1,0,1.187704419,5,0.074058786,1,3.340681566,4.15652795,"1,100,000.00"
25.74,2,0,3.750819421,7.090341751,1.668134015,1.342908267,4,1,1.538556531,1,1.538463966,1,5.698412478,4.49286357,"720,000.00"
23.32,0,0,7.028561387,6.124351023,7.643558956,1.844832933,1,0,1.969323048,1,1.735535589,1,7.878843402,8.549334305,"445,000.00"
22.61,3,0,3.998696251,2.379564136,0.489734538,0.201421298,7,2,0.014518784,4,0.899794951,1,3.99247885,2.76473027,"420,000.00"
23.79,1,0,3.495002423,3.317077568,3.931243406,2.171289137,0,0,0.536616073,2,2.688005657,0,5.500983246,4.276389115,"405,000.00"
24.82,1,0,5.090707489,0.409507119,6.811585774,0.031648336,2,1,3.055274365,0,5.118456884,0,7.133131449,4.812728716,"300,000.00"
18.85,3,0,2.75753304,6.672114016,5.148238391,0.144675834,8,2,0.49262073,12,0.048597652,2,4.401620213,1.4674653,"395,000.00"
17.66,2,0,2.766675534,1.341754436,9.982145833,0.351838973,8,1,0.22296895,5,0.044349224,1,6.270127131,4.493856946,"400,000.00"
14.19,1,0,4.333994379,4.620078445,3.239812649,0.047187666,14,1,0.207307327,9,1.832361316,1,2.853306008,2.55936892,"2,500,000.00"
23.32,0,0,7.028561387,6.124351023,7.643558956,1.844832933,1,0,1.969323048,1,1.735535589,1,7.878843402,8.549334305,"425,000.00"
23.32,0,0,7.028561387,6.124351023,7.643558956,1.844832933,1,0,1.969323048,1,1.735535589,1,7.878843402,8.549334305,"435,000.00"
19.42,3,0,2.058911865,1.258659367,0.349084114,0.685507142,8,1,0.221702859,6,0.551920302,4,2.979664921,1.794158377,"900,000.00"
21.89,1,1,1.73280012,3.138944863,3.532694318,0.137331208,4,0,0.166226784,3,1.761886269,1,4.511211539,3.290576454,"650,000.00"
22.61,3,0,3.998696251,2.379564136,0.489734538,0.201421298,7,2,0.014518784,4,0.899794951,1,3.99247885,2.76473027,"1,450,000.00"
22.48,1,0,5.025437008,4.526230179,2.158402885,2.639915599,0,0,0.360470047,1,2.521308465,0,4.82621559,4.51951349,"320,000.00"
20.21,1,0,4.452395666,3.231228684,9.461703594,1.564251976,1,0,1.45545367,1,1.669502034,1,6.882095043,6.69515565,"450,000.00"
17.66,2,0,2.766675534,1.341754436,9.982145833,0.351838973,8,1,0.22296895,5,0.044349224,1,6.270127131,4.493856946,"414,285.71"
12.33,2,0,2.216335227,10.78298116,2.488634494,0.563184515,6,1,0.118275163,14,1.530461182,3,2.296689022,2.50602809,"1,950,000.00"
23.32,0,0,7.028561387,6.124351023,7.643558956,1.844832933,1,0,1.969323048,1,1.735535589,1,7.878843402,8.549334305,"430,000.00"
22.61,3,0,3.998696251,2.379564136,0.489734538,0.201421298,7,2,0.014518784,4,0.899794951,1,3.99247885,2.76473027,"650,000.00"
10.57,11,2,0.574608738,9.365425049,0.380556553,0.053768922,31,3,0.253841443,24,0.139402968,4,0.500748682,1.59651451,"2,800,000.00"
20.21,1,0,4.452395666,3.231228684,9.461703594,1.564251976,1,0,1.45545367,1,1.669502034,1,6.882095043,6.69515565,"400,000.00"
6.54,34,5,0.725332998,4.402258748,0.777008918,0.041972278,29,16,0.398012992,16,0.373267956,6,0.722986475,0.585683793,"11,850,000.00"
23.32,0,0,7.028561387,6.124351023,7.643558956,1.844832933,1,0,1.969323048,1,1.735535589,1,7.878843402,8.549334305,"435,000.00"
24.82,1,0,5.090707489,0.409507119,6.811585774,0.031648336,2,1,3.055274365,0,5.118456884,0,7.133131449,4.812728716,"395,000.00"
10.57,11,2,0.574608738,9.365425049,0.380556553,0.053768922,31,3,0.253841443,24,0.139402968,4,0.500748682,1.59651451,"5,545,454.55"
10.96,9,1,1.555973958,11.53988387,0.42972373,0.126142707,18,1,0.460378059,12,0.545357036,3,0.891115717,1.452211198,"4,000,000.00"
9.61,2,0,4.418797371,3.481613553,2.679374305,1.038703539,5,1,1.06259087,5,1.092881018,2,3.833930644,2.189414859,"3,500,000.00"
8.66,9,1,0.549898445,5.213415717,1.3669029,0.064668268,9,7,0.050657848,13,2.104233363,0,1.284658669,0.825239173,"2,100,000.00"
14.94,4,3,1.325521262,3.332054051,6.321523914,0.125554587,9,0,0.297162444,10,0.3277186,2,3.835218788,3.420543751,"445,000.00"
22.61,3,0,3.998696251,2.379564136,0.489734538,0.201421298,7,2,0.014518784,4,0.899794951,1,3.99247885,2.76473027,"450,000.00"
28.22,1,2,1.15380493,7.821840894,2.501871417,2.54157815,0,0,0.260538796,1,3.935168025,0,7.1656613,5.458152126,"355,000.00"
14.94,4,3,1.325521262,3.332054051,6.321523914,0.125554587,9,0,0.297162444,10,0.3277186,2,3.835218788,3.420543751,"440,000.00"
7.57,26,6,0.194328801,7.759564862,1.511477789,0.344641591,43,10,0.118453506,18,0.085681338,5,0.241442313,1.261456637,"3,500,000.00"
7.57,26,6,0.194328801,7.759564862,1.511477789,0.344641591,43,10,0.118453506,18,0.085681338,5,0.241442313,1.261456637,"3,500,000.00"
7.47,17,4,1.087295775,5.384151821,0.890410619,0.586071568,30,11,0.440548846,15,0.831388942,3,0.85680006,0.690853659,"11,500,000.00"
17.66,2,0,2.766675534,1.341754436,9.982145833,0.351838973,8,1,0.22296895,5,0.044349224,1,6.270127131,4.493856946,"410,000.00"
24.63,0,0,7.162991495,7.550916441,5.668288007,3.785444416,0,0,3.709278583,0,3.595146294,0,7.646226515,7.272139935,"350,000.00"
10.57,11,2,0.574608738,9.365425049,0.380556553,0.053768922,31,3,0.253841443,24,0.139402968,4,0.500748682,1.59651451,"5,500,000.00"
17.66,2,0,2.766675534,1.341754436,9.982145833,0.351838973,8,1,0.22296895,5,0.044349224,1,6.270127131,4.493856946,"400,000.00"
17.66,2,0,2.766675534,1.341754436,9.982145833,0.351838973,8,1,0.22296895,5,0.044349224,1,6.270127131,4.493856946,"435,000.00"
12.76,2,0,3.451188718,6.068423112,2.350095105,1.225216639,17,2,1.004871588,8,0.651363299,2,2.259273367,2.561824923,"1,900,000.00"
22.23,1,0,2.066639561,2.084154269,2.774966866,1.614189459,4,0,1.089978011,4,2.096324857,0,4.144215105,3.208395444,"550,000.00"
9.09,4,0,2.772157249,3.826549577,2.984335759,1.034238707,10,3,0.479045577,7,0.882533833,3,2.879540617,1.184738783,"2,300,000.00"
33.88,0,0,6.61098543,16.68061015,0.161477302,0.07530396,1,0,4.355005079,0,4.536220013,0,13.33440543,10.19838312,"145,000.00"
11.35,4,0,3.232578915,6.632045539,4.07247222,0.046516086,15,2,0.275528356,11,1.185148304,2,2.127812617,1.818298797,"2,200,000.00"
22.61,3,0,3.998696251,2.379564136,0.489734538,0.201421298,7,2,0.014518784,4,0.899794951,1,3.99247885,2.76473027,"990,000.00"
17.66,2,0,2.766675534,1.341754436,9.982145833,0.351838973,8,1,0.22296895,5,0.044349224,1,6.270127131,4.493856946,"410,000.00"
25.91,2,2,0.770564739,5.442128017,2.425299821,2.68514114,0,0,2.119728706,0,2.78061435,0,5.68174556,4.911417308,"550,000.00"
14.19,1,0,4.333994379,4.620078445,3.239812649,0.047187666,14,1,0.207307327,9,1.832361316,1,2.853306008,2.55936892,"1,350,000.00"
18.99,5,1,1.866050156,1.810057975,0.314617717,0.069482791,9,1,0.265588994,5,0.215824615,5,2.560275109,1.767980392,"1,650,000.00"
18.99,5,1,1.866050156,1.810057975,0.314617717,0.069482791,9,1,0.265588994,5,0.215824615,5,2.560275109,1.767980392,"1,650,000.00"
14.94,4,3,1.325521262,3.332054051,6.321523914,0.125554587,9,0,0.297162444,10,0.3277186,2,3.835218788,3.420543751,"1,500,000.00"
18.53,3,1,1.382323394,7.828666399,4.094241806,1.152335673,10,2,0.353464627,6,1.290549374,3,4.033657597,2.347041609,"2,000,000.00"
15.34,5,0,2.696064051,6.132844101,0.105448493,0.204660942,10,1,0.52902818,12,0.218559789,3,2.499860496,2.543675581,"1,550,000.00"
23.75,1,0,3.351104283,3.08436925,2.215013757,1.781127438,7,1,1.136606202,2,0.861553358,1,5.120823009,3.732607722,"750,000.00"
22.96,1,0,5.591785435,10.69856876,0.239087891,0.321212936,2,0,2.946017003,0,1.661365418,1,5.157977569,8.104959232,"825,000.00"
12.89,7,0,2.847591288,12.64244388,0.528389071,0.028453853,12,2,0.113299872,20,1.052875673,5,1.58575455,3.057863335,"3,000,000.00"
18.78,6,1,1.580041495,2.497388187,1.230063166,0.627845532,9,2,0.664091802,4,0.666649956,5,2.408963857,1.940967057,"2,000,000.00"
24.82,1,0,5.090707489,0.409507119,6.811585774,0.031648336,2,1,3.055274365,0,5.118456884,0,7.133131449,4.812728716,"395,000.00"
